split,filename,question_id,rollout_idx,prefix_idx,label,family,n_words,n_tokens
train,bb_causal_judgement_013_rollout_007_prefix_0.json,bb_causal_judgement_013,7,0,no,big_bench,296,630
train,bb_causal_judgement_013_rollout_022_prefix_0.json,bb_causal_judgement_013,22,0,yes,big_bench,708,1084
train,bb_causal_judgement_013_rollout_023_prefix_1.json,bb_causal_judgement_013,23,1,no,big_bench,294,609
train,bb_causal_judgement_013_rollout_028_prefix_0.json,bb_causal_judgement_013,28,0,no,big_bench,372,716
train,bb_causal_judgement_024_rollout_001_prefix_0.json,bb_causal_judgement_024,1,0,yes,big_bench,353,645
train,bb_causal_judgement_024_rollout_014_prefix_1.json,bb_causal_judgement_024,14,1,yes,big_bench,285,587
train,bb_causal_judgement_024_rollout_015_prefix_0.json,bb_causal_judgement_024,15,0,no,big_bench,59,283
train,bb_causal_judgement_024_rollout_017_prefix_0.json,bb_causal_judgement_024,17,0,yes,big_bench,192,452
train,bb_causal_judgement_042_rollout_000_prefix_0.json,bb_causal_judgement_042,0,0,yes,big_bench,607,988
train,bb_causal_judgement_042_rollout_005_prefix_2.json,bb_causal_judgement_042,5,2,no,big_bench,131,425
train,bb_causal_judgement_042_rollout_009_prefix_1.json,bb_causal_judgement_042,9,1,yes,big_bench,478,822
train,bb_causal_judgement_042_rollout_029_prefix_0.json,bb_causal_judgement_042,29,0,yes,big_bench,754,1201
train,bb_causal_judgement_048_rollout_002_prefix_1.json,bb_causal_judgement_048,2,1,yes,big_bench,355,632
train,bb_causal_judgement_048_rollout_005_prefix_0.json,bb_causal_judgement_048,5,0,yes,big_bench,607,913
train,bb_causal_judgement_048_rollout_014_prefix_0.json,bb_causal_judgement_048,14,0,yes,big_bench,408,705
train,bb_causal_judgement_048_rollout_023_prefix_0.json,bb_causal_judgement_048,23,0,yes,big_bench,540,872
train,bb_causal_judgement_048_rollout_025_prefix_2.json,bb_causal_judgement_048,25,2,no,big_bench,164,395
train,bb_causal_judgement_059_rollout_005_prefix_1.json,bb_causal_judgement_059,5,1,no,big_bench,512,848
train,bb_causal_judgement_059_rollout_006_prefix_2.json,bb_causal_judgement_059,6,2,no,big_bench,1308,1864
train,bb_causal_judgement_059_rollout_006_prefix_5.json,bb_causal_judgement_059,6,5,no,big_bench,508,845
train,bb_causal_judgement_059_rollout_012_prefix_2.json,bb_causal_judgement_059,12,2,no,big_bench,139,372
train,bb_causal_judgement_059_rollout_018_prefix_0.json,bb_causal_judgement_059,18,0,yes,big_bench,590,946
train,bb_causal_judgement_059_rollout_019_prefix_2.json,bb_causal_judgement_059,19,2,no,big_bench,388,683
train,bb_causal_judgement_059_rollout_023_prefix_0.json,bb_causal_judgement_059,23,0,yes,big_bench,598,956
train,bb_causal_judgement_059_rollout_025_prefix_1.json,bb_causal_judgement_059,25,1,no,big_bench,294,551
train,bb_causal_judgement_072_rollout_006_prefix_0.json,bb_causal_judgement_072,6,0,yes,big_bench,394,610
train,bb_causal_judgement_072_rollout_023_prefix_0.json,bb_causal_judgement_072,23,0,yes,big_bench,500,753
train,bb_causal_judgement_072_rollout_024_prefix_1.json,bb_causal_judgement_072,24,1,no,big_bench,270,461
train,bb_causal_judgement_072_rollout_025_prefix_0.json,bb_causal_judgement_072,25,0,yes,big_bench,518,770
train,bb_causal_judgement_072_rollout_026_prefix_2.json,bb_causal_judgement_072,26,2,no,big_bench,349,609
train,bb_causal_judgement_072_rollout_028_prefix_0.json,bb_causal_judgement_072,28,0,yes,big_bench,736,1017
train,bb_causal_judgement_072_rollout_029_prefix_0.json,bb_causal_judgement_072,29,0,no,big_bench,33,182
train,bb_causal_judgement_084_rollout_001_prefix_0.json,bb_causal_judgement_084,1,0,yes,big_bench,445,691
train,bb_causal_judgement_084_rollout_008_prefix_1.json,bb_causal_judgement_084,8,1,no,big_bench,30,182
train,bb_causal_judgement_084_rollout_014_prefix_0.json,bb_causal_judgement_084,14,0,yes,big_bench,394,624
train,bb_causal_judgement_084_rollout_018_prefix_1.json,bb_causal_judgement_084,18,1,yes,big_bench,402,632
train,bb_causal_judgement_084_rollout_019_prefix_2.json,bb_causal_judgement_084,19,2,no,big_bench,31,183
train,bb_causal_judgement_084_rollout_020_prefix_0.json,bb_causal_judgement_084,20,0,yes,big_bench,301,500
train,bb_causal_judgement_084_rollout_022_prefix_0.json,bb_causal_judgement_084,22,0,yes,big_bench,494,765
train,bb_causal_judgement_084_rollout_024_prefix_0.json,bb_causal_judgement_084,24,0,yes,big_bench,526,751
train,bb_causal_judgement_084_rollout_026_prefix_0.json,bb_causal_judgement_084,26,0,yes,big_bench,659,944
train,bb_causal_judgement_084_rollout_028_prefix_0.json,bb_causal_judgement_084,28,0,no,big_bench,373,601
train,bb_causal_judgement_093_rollout_000_prefix_1.json,bb_causal_judgement_093,0,1,no,big_bench,468,734
train,bb_causal_judgement_093_rollout_013_prefix_0.json,bb_causal_judgement_093,13,0,yes,big_bench,733,1050
train,bb_causal_judgement_093_rollout_015_prefix_1.json,bb_causal_judgement_093,15,1,no,big_bench,305,544
train,bb_causal_judgement_093_rollout_019_prefix_3.json,bb_causal_judgement_093,19,3,no,big_bench,695,1025
train,bb_causal_judgement_093_rollout_020_prefix_1.json,bb_causal_judgement_093,20,1,no,big_bench,770,1132
train,bb_causal_judgement_093_rollout_020_prefix_2.json,bb_causal_judgement_093,20,2,no,big_bench,570,898
train,bb_causal_judgement_093_rollout_029_prefix_0.json,bb_causal_judgement_093,29,0,yes,big_bench,553,802
train,bb_causal_judgement_096_rollout_002_prefix_3.json,bb_causal_judgement_096,2,3,no,big_bench,463,641
train,bb_causal_judgement_096_rollout_009_prefix_1.json,bb_causal_judgement_096,9,1,no,big_bench,256,409
train,bb_causal_judgement_096_rollout_015_prefix_1.json,bb_causal_judgement_096,15,1,yes,big_bench,446,617
train,bb_causal_judgement_096_rollout_023_prefix_0.json,bb_causal_judgement_096,23,0,yes,big_bench,393,566
train,bb_causal_judgement_103_rollout_011_prefix_0.json,bb_causal_judgement_103,11,0,yes,big_bench,743,1187
train,bb_causal_judgement_103_rollout_014_prefix_0.json,bb_causal_judgement_103,14,0,yes,big_bench,195,464
train,bb_causal_judgement_103_rollout_014_prefix_1.json,bb_causal_judgement_103,14,1,yes,big_bench,185,450
train,bb_causal_judgement_103_rollout_017_prefix_0.json,bb_causal_judgement_103,17,0,yes,big_bench,289,608
train,bb_causal_judgement_103_rollout_019_prefix_0.json,bb_causal_judgement_103,19,0,yes,big_bench,271,580
train,bb_causal_judgement_126_rollout_001_prefix_2.json,bb_causal_judgement_126,1,2,no,big_bench,91,466
train,bb_causal_judgement_126_rollout_004_prefix_0.json,bb_causal_judgement_126,4,0,no,big_bench,49,412
train,bb_causal_judgement_126_rollout_019_prefix_0.json,bb_causal_judgement_126,19,0,yes,big_bench,696,1298
train,bb_causal_judgement_127_rollout_002_prefix_1.json,bb_causal_judgement_127,2,1,no,big_bench,634,916
train,bb_causal_judgement_127_rollout_003_prefix_1.json,bb_causal_judgement_127,3,1,no,big_bench,39,199
train,bb_causal_judgement_127_rollout_017_prefix_1.json,bb_causal_judgement_127,17,1,no,big_bench,103,287
train,bb_causal_judgement_127_rollout_021_prefix_0.json,bb_causal_judgement_127,21,0,no,big_bench,347,599
train,bb_causal_judgement_146_rollout_006_prefix_2.json,bb_causal_judgement_146,6,2,no,big_bench,153,508
train,bb_causal_judgement_146_rollout_009_prefix_1.json,bb_causal_judgement_146,9,1,no,big_bench,158,498
train,bb_causal_judgement_170_rollout_001_prefix_1.json,bb_causal_judgement_170,1,1,no,big_bench,309,651
train,bb_causal_judgement_170_rollout_015_prefix_0.json,bb_causal_judgement_170,15,0,yes,big_bench,340,691
train,bb_causal_judgement_170_rollout_016_prefix_0.json,bb_causal_judgement_170,16,0,yes,big_bench,520,908
train,bb_causal_judgement_170_rollout_019_prefix_0.json,bb_causal_judgement_170,19,0,no,big_bench,313,666
train,bb_causal_judgement_170_rollout_020_prefix_0.json,bb_causal_judgement_170,20,0,yes,big_bench,441,795
train,bb_causal_judgement_170_rollout_021_prefix_1.json,bb_causal_judgement_170,21,1,no,big_bench,110,382
train,bb_causal_judgement_174_rollout_014_prefix_0.json,bb_causal_judgement_174,14,0,no,big_bench,98,252
train,bb_causal_judgement_174_rollout_019_prefix_0.json,bb_causal_judgement_174,19,0,yes,big_bench,375,591
train,bb_causal_judgement_174_rollout_019_prefix_1.json,bb_causal_judgement_174,19,1,yes,big_bench,355,567
train,bb_causal_judgement_174_rollout_019_prefix_2.json,bb_causal_judgement_174,19,2,no,big_bench,100,257
train,bb_causal_judgement_174_rollout_024_prefix_1.json,bb_causal_judgement_174,24,1,yes,big_bench,366,573
train,bb_causal_judgement_186_rollout_001_prefix_0.json,bb_causal_judgement_186,1,0,no,big_bench,171,650
train,bb_date_understanding_003_rollout_003_prefix_1.json,bb_date_understanding_003,3,1,no,big_bench,1862,3230
train,bb_date_understanding_003_rollout_003_prefix_2.json,bb_date_understanding_003,3,2,no,big_bench,1662,2907
train,bb_date_understanding_003_rollout_006_prefix_0.json,bb_date_understanding_003,6,0,yes,big_bench,242,538
train,bb_date_understanding_003_rollout_012_prefix_1.json,bb_date_understanding_003,12,1,yes,big_bench,278,582
train,bb_date_understanding_003_rollout_016_prefix_1.json,bb_date_understanding_003,16,1,no,big_bench,437,868
train,bb_date_understanding_003_rollout_018_prefix_0.json,bb_date_understanding_003,18,0,yes,big_bench,797,1398
train,bb_date_understanding_003_rollout_028_prefix_1.json,bb_date_understanding_003,28,1,yes,big_bench,339,709
train,bb_date_understanding_017_rollout_012_prefix_6.json,bb_date_understanding_017,12,6,no,big_bench,1084,2110
train,bb_date_understanding_017_rollout_017_prefix_1.json,bb_date_understanding_017,17,1,yes,big_bench,786,1611
train,bb_date_understanding_017_rollout_018_prefix_7.json,bb_date_understanding_017,18,7,no,big_bench,303,647
train,bb_date_understanding_017_rollout_021_prefix_1.json,bb_date_understanding_017,21,1,no,big_bench,1867,3532
train,bb_date_understanding_017_rollout_021_prefix_5.json,bb_date_understanding_017,21,5,no,big_bench,867,1643
train,bb_date_understanding_017_rollout_022_prefix_19.json,bb_date_understanding_017,22,19,no,big_bench,538,1128
train,bb_date_understanding_017_rollout_026_prefix_2.json,bb_date_understanding_017,26,2,no,big_bench,438,947
train,bb_date_understanding_017_rollout_027_prefix_1.json,bb_date_understanding_017,27,1,no,big_bench,2808,5394
train,bb_date_understanding_017_rollout_029_prefix_3.json,bb_date_understanding_017,29,3,no,big_bench,545,1154
train,bb_date_understanding_035_rollout_024_prefix_3.json,bb_date_understanding_035,24,3,no,big_bench,233,516
train,bb_date_understanding_035_rollout_028_prefix_0.json,bb_date_understanding_035,28,0,yes,big_bench,223,513
train,bb_date_understanding_063_rollout_003_prefix_0.json,bb_date_understanding_063,3,0,yes,big_bench,297,617
train,bb_date_understanding_063_rollout_003_prefix_1.json,bb_date_understanding_063,3,1,yes,big_bench,287,600
train,bb_date_understanding_063_rollout_012_prefix_1.json,bb_date_understanding_063,12,1,yes,big_bench,146,359
train,bb_date_understanding_063_rollout_026_prefix_1.json,bb_date_understanding_063,26,1,yes,big_bench,263,540
train,bb_date_understanding_098_rollout_001_prefix_1.json,bb_date_understanding_098,1,1,yes,big_bench,763,1564
train,bb_date_understanding_098_rollout_001_prefix_3.json,bb_date_understanding_098,1,3,no,big_bench,318,806
train,bb_date_understanding_098_rollout_003_prefix_0.json,bb_date_understanding_098,3,0,yes,big_bench,392,906
train,bb_date_understanding_098_rollout_005_prefix_0.json,bb_date_understanding_098,5,0,yes,big_bench,501,1128
train,bb_date_understanding_098_rollout_006_prefix_1.json,bb_date_understanding_098,6,1,no,big_bench,54,235
train,bb_date_understanding_098_rollout_008_prefix_0.json,bb_date_understanding_098,8,0,yes,big_bench,681,1361
train,bb_date_understanding_098_rollout_010_prefix_1.json,bb_date_understanding_098,10,1,no,big_bench,226,492
train,bb_date_understanding_098_rollout_016_prefix_1.json,bb_date_understanding_098,16,1,no,big_bench,64,257
train,bb_date_understanding_098_rollout_027_prefix_1.json,bb_date_understanding_098,27,1,no,big_bench,519,1082
train,bb_date_understanding_108_rollout_002_prefix_0.json,bb_date_understanding_108,2,0,yes,big_bench,302,674
train,bb_date_understanding_108_rollout_004_prefix_0.json,bb_date_understanding_108,4,0,yes,big_bench,1409,2539
train,bb_date_understanding_108_rollout_004_prefix_3.json,bb_date_understanding_108,4,3,no,big_bench,1134,2105
train,bb_date_understanding_108_rollout_004_prefix_8.json,bb_date_understanding_108,4,8,no,big_bench,134,405
train,bb_date_understanding_108_rollout_009_prefix_1.json,bb_date_understanding_108,9,1,no,big_bench,33,184
train,bb_date_understanding_108_rollout_027_prefix_1.json,bb_date_understanding_108,27,1,yes,big_bench,643,1129
train,bb_date_understanding_112_rollout_020_prefix_0.json,bb_date_understanding_112,20,0,yes,big_bench,411,894
train,bb_date_understanding_112_rollout_029_prefix_0.json,bb_date_understanding_112,29,0,yes,big_bench,450,937
train,bb_date_understanding_127_rollout_009_prefix_1.json,bb_date_understanding_127,9,1,no,big_bench,115,274
train,bb_date_understanding_127_rollout_013_prefix_0.json,bb_date_understanding_127,13,0,no,big_bench,124,300
train,bb_date_understanding_127_rollout_017_prefix_1.json,bb_date_understanding_127,17,1,yes,big_bench,333,646
train,bb_date_understanding_127_rollout_025_prefix_0.json,bb_date_understanding_127,25,0,yes,big_bench,409,785
train,bb_date_understanding_134_rollout_010_prefix_2.json,bb_date_understanding_134,10,2,no,big_bench,296,679
train,bb_date_understanding_150_rollout_005_prefix_0.json,bb_date_understanding_150,5,0,yes,big_bench,322,785
train,bb_date_understanding_150_rollout_007_prefix_2.json,bb_date_understanding_150,7,2,no,big_bench,256,630
train,bb_date_understanding_150_rollout_008_prefix_0.json,bb_date_understanding_150,8,0,yes,big_bench,303,715
train,bb_date_understanding_150_rollout_012_prefix_0.json,bb_date_understanding_150,12,0,yes,big_bench,291,697
train,bb_date_understanding_150_rollout_014_prefix_1.json,bb_date_understanding_150,14,1,no,big_bench,266,682
train,bb_date_understanding_150_rollout_018_prefix_2.json,bb_date_understanding_150,18,2,no,big_bench,48,239
train,bb_date_understanding_174_rollout_025_prefix_0.json,bb_date_understanding_174,25,0,yes,big_bench,197,431
train,bb_date_understanding_186_rollout_001_prefix_0.json,bb_date_understanding_186,1,0,no,big_bench,231,523
train,bb_date_understanding_186_rollout_002_prefix_0.json,bb_date_understanding_186,2,0,yes,big_bench,284,605
train,bb_date_understanding_186_rollout_015_prefix_4.json,bb_date_understanding_186,15,4,no,big_bench,26,171
train,bb_date_understanding_186_rollout_019_prefix_0.json,bb_date_understanding_186,19,0,yes,big_bench,295,691
train,bb_date_understanding_186_rollout_028_prefix_0.json,bb_date_understanding_186,28,0,yes,big_bench,969,1809
train,bb_date_understanding_214_rollout_001_prefix_1.json,bb_date_understanding_214,1,1,no,big_bench,90,275
train,bb_date_understanding_214_rollout_003_prefix_0.json,bb_date_understanding_214,3,0,yes,big_bench,269,580
train,bb_date_understanding_214_rollout_005_prefix_0.json,bb_date_understanding_214,5,0,yes,big_bench,470,942
train,bb_date_understanding_214_rollout_014_prefix_0.json,bb_date_understanding_214,14,0,yes,big_bench,1048,1948
train,bb_date_understanding_214_rollout_026_prefix_0.json,bb_date_understanding_214,26,0,yes,big_bench,322,614
train,bb_date_understanding_220_rollout_007_prefix_0.json,bb_date_understanding_220,7,0,yes,big_bench,238,551
train,bb_date_understanding_220_rollout_028_prefix_2.json,bb_date_understanding_220,28,2,yes,big_bench,98,313
train,bb_date_understanding_229_rollout_001_prefix_0.json,bb_date_understanding_229,1,0,no,big_bench,97,281
train,bb_date_understanding_229_rollout_013_prefix_1.json,bb_date_understanding_229,13,1,yes,big_bench,962,1768
train,bb_date_understanding_229_rollout_016_prefix_2.json,bb_date_understanding_229,16,2,no,big_bench,669,1250
train,bb_date_understanding_229_rollout_016_prefix_3.json,bb_date_understanding_229,16,3,no,big_bench,69,225
train,bb_date_understanding_242_rollout_014_prefix_1.json,bb_date_understanding_242,14,1,yes,big_bench,171,393
train,bb_logical_deduction_five_objects_005_rollout_000_prefix_3.json,bb_logical_deduction_five_objects_005,0,3,no,big_bench,279,534
train,bb_logical_deduction_five_objects_005_rollout_004_prefix_1.json,bb_logical_deduction_five_objects_005,4,1,yes,big_bench,1074,1628
train,bb_logical_deduction_five_objects_005_rollout_014_prefix_3.json,bb_logical_deduction_five_objects_005,14,3,no,big_bench,497,853
train,bb_logical_deduction_five_objects_005_rollout_020_prefix_4.json,bb_logical_deduction_five_objects_005,20,4,no,big_bench,186,422
train,bb_logical_deduction_five_objects_005_rollout_021_prefix_1.json,bb_logical_deduction_five_objects_005,21,1,yes,big_bench,953,1457
train,bb_logical_deduction_five_objects_005_rollout_021_prefix_2.json,bb_logical_deduction_five_objects_005,21,2,no,big_bench,698,1108
train,bb_logical_deduction_five_objects_005_rollout_023_prefix_1.json,bb_logical_deduction_five_objects_005,23,1,no,big_bench,826,1230
train,bb_logical_deduction_five_objects_005_rollout_024_prefix_2.json,bb_logical_deduction_five_objects_005,24,2,no,big_bench,276,526
train,bb_logical_deduction_five_objects_005_rollout_025_prefix_2.json,bb_logical_deduction_five_objects_005,25,2,no,big_bench,273,549
train,bb_logical_deduction_five_objects_010_rollout_003_prefix_1.json,bb_logical_deduction_five_objects_010,3,1,no,big_bench,374,752
train,bb_logical_deduction_five_objects_010_rollout_005_prefix_2.json,bb_logical_deduction_five_objects_010,5,2,no,big_bench,156,406
train,bb_logical_deduction_five_objects_010_rollout_010_prefix_1.json,bb_logical_deduction_five_objects_010,10,1,no,big_bench,186,422
train,bb_logical_deduction_five_objects_013_rollout_001_prefix_1.json,bb_logical_deduction_five_objects_013,1,1,yes,big_bench,368,666
train,bb_logical_deduction_five_objects_013_rollout_002_prefix_0.json,bb_logical_deduction_five_objects_013,2,0,yes,big_bench,435,740
train,bb_logical_deduction_five_objects_013_rollout_004_prefix_1.json,bb_logical_deduction_five_objects_013,4,1,no,big_bench,253,461
train,bb_logical_deduction_five_objects_013_rollout_009_prefix_2.json,bb_logical_deduction_five_objects_013,9,2,no,big_bench,80,223
train,bb_logical_deduction_five_objects_013_rollout_015_prefix_2.json,bb_logical_deduction_five_objects_013,15,2,no,big_bench,86,233
train,bb_logical_deduction_five_objects_013_rollout_029_prefix_1.json,bb_logical_deduction_five_objects_013,29,1,no,big_bench,432,730
train,bb_logical_deduction_five_objects_016_rollout_000_prefix_3.json,bb_logical_deduction_five_objects_016,0,3,no,big_bench,1136,1744
train,bb_logical_deduction_five_objects_016_rollout_001_prefix_3.json,bb_logical_deduction_five_objects_016,1,3,no,big_bench,1041,1747
train,bb_logical_deduction_five_objects_016_rollout_003_prefix_0.json,bb_logical_deduction_five_objects_016,3,0,no,big_bench,588,1012
train,bb_logical_deduction_five_objects_016_rollout_004_prefix_4.json,bb_logical_deduction_five_objects_016,4,4,no,big_bench,228,499
train,bb_logical_deduction_five_objects_016_rollout_012_prefix_3.json,bb_logical_deduction_five_objects_016,12,3,no,big_bench,418,776
train,bb_logical_deduction_five_objects_016_rollout_016_prefix_1.json,bb_logical_deduction_five_objects_016,16,1,no,big_bench,892,1498
train,bb_logical_deduction_five_objects_016_rollout_019_prefix_3.json,bb_logical_deduction_five_objects_016,19,3,no,big_bench,332,660
train,bb_logical_deduction_five_objects_016_rollout_021_prefix_2.json,bb_logical_deduction_five_objects_016,21,2,no,big_bench,2204,3307
train,bb_logical_deduction_five_objects_016_rollout_022_prefix_0.json,bb_logical_deduction_five_objects_016,22,0,no,big_bench,493,940
train,bb_logical_deduction_five_objects_016_rollout_027_prefix_4.json,bb_logical_deduction_five_objects_016,27,4,no,big_bench,319,603
train,bb_logical_deduction_five_objects_016_rollout_029_prefix_1.json,bb_logical_deduction_five_objects_016,29,1,no,big_bench,536,1016
train,bb_logical_deduction_five_objects_026_rollout_003_prefix_0.json,bb_logical_deduction_five_objects_026,3,0,yes,big_bench,270,532
train,bb_logical_deduction_five_objects_026_rollout_004_prefix_1.json,bb_logical_deduction_five_objects_026,4,1,no,big_bench,147,322
train,bb_logical_deduction_five_objects_026_rollout_005_prefix_1.json,bb_logical_deduction_five_objects_026,5,1,no,big_bench,116,283
train,bb_logical_deduction_five_objects_026_rollout_026_prefix_0.json,bb_logical_deduction_five_objects_026,26,0,yes,big_bench,349,622
train,bb_logical_deduction_five_objects_026_rollout_029_prefix_1.json,bb_logical_deduction_five_objects_026,29,1,no,big_bench,123,280
train,bb_logical_deduction_five_objects_044_rollout_004_prefix_0.json,bb_logical_deduction_five_objects_044,4,0,yes,big_bench,535,974
train,bb_logical_deduction_five_objects_044_rollout_005_prefix_2.json,bb_logical_deduction_five_objects_044,5,2,no,big_bench,38,215
train,bb_logical_deduction_five_objects_044_rollout_006_prefix_1.json,bb_logical_deduction_five_objects_044,6,1,no,big_bench,211,477
train,bb_logical_deduction_five_objects_044_rollout_011_prefix_1.json,bb_logical_deduction_five_objects_044,11,1,no,big_bench,570,998
train,bb_logical_deduction_five_objects_044_rollout_013_prefix_0.json,bb_logical_deduction_five_objects_044,13,0,yes,big_bench,542,940
train,bb_logical_deduction_five_objects_044_rollout_013_prefix_1.json,bb_logical_deduction_five_objects_044,13,1,no,big_bench,287,581
train,bb_logical_deduction_five_objects_044_rollout_020_prefix_0.json,bb_logical_deduction_five_objects_044,20,0,no,big_bench,503,883
train,bb_logical_deduction_five_objects_044_rollout_022_prefix_0.json,bb_logical_deduction_five_objects_044,22,0,no,big_bench,276,581
train,bb_logical_deduction_five_objects_046_rollout_004_prefix_0.json,bb_logical_deduction_five_objects_046,4,0,no,big_bench,248,527
train,bb_logical_deduction_five_objects_046_rollout_005_prefix_0.json,bb_logical_deduction_five_objects_046,5,0,yes,big_bench,371,714
train,bb_logical_deduction_five_objects_046_rollout_007_prefix_0.json,bb_logical_deduction_five_objects_046,7,0,yes,big_bench,392,734
train,bb_logical_deduction_five_objects_046_rollout_009_prefix_0.json,bb_logical_deduction_five_objects_046,9,0,yes,big_bench,472,839
train,bb_logical_deduction_five_objects_046_rollout_014_prefix_1.json,bb_logical_deduction_five_objects_046,14,1,no,big_bench,705,1175
train,bb_logical_deduction_five_objects_046_rollout_016_prefix_2.json,bb_logical_deduction_five_objects_046,16,2,no,big_bench,53,248
train,bb_logical_deduction_five_objects_046_rollout_020_prefix_3.json,bb_logical_deduction_five_objects_046,20,3,no,big_bench,168,393
train,bb_logical_deduction_five_objects_046_rollout_023_prefix_3.json,bb_logical_deduction_five_objects_046,23,3,no,big_bench,355,692
train,bb_logical_deduction_five_objects_046_rollout_026_prefix_1.json,bb_logical_deduction_five_objects_046,26,1,no,big_bench,214,460
train,bb_logical_deduction_five_objects_052_rollout_007_prefix_0.json,bb_logical_deduction_five_objects_052,7,0,yes,big_bench,597,1095
train,bb_logical_deduction_five_objects_052_rollout_008_prefix_0.json,bb_logical_deduction_five_objects_052,8,0,no,big_bench,308,615
train,bb_logical_deduction_five_objects_052_rollout_019_prefix_1.json,bb_logical_deduction_five_objects_052,19,1,no,big_bench,74,270
train,bb_logical_deduction_five_objects_052_rollout_020_prefix_2.json,bb_logical_deduction_five_objects_052,20,2,yes,big_bench,602,1035
train,bb_logical_deduction_five_objects_052_rollout_020_prefix_3.json,bb_logical_deduction_five_objects_052,20,3,no,big_bench,357,692
train,bb_logical_deduction_five_objects_052_rollout_027_prefix_1.json,bb_logical_deduction_five_objects_052,27,1,no,big_bench,54,250
train,bb_logical_deduction_five_objects_052_rollout_028_prefix_0.json,bb_logical_deduction_five_objects_052,28,0,no,big_bench,326,630
train,bb_logical_deduction_five_objects_054_rollout_000_prefix_2.json,bb_logical_deduction_five_objects_054,0,2,no,big_bench,140,343
train,bb_logical_deduction_five_objects_054_rollout_005_prefix_1.json,bb_logical_deduction_five_objects_054,5,1,no,big_bench,29,211
train,bb_logical_deduction_five_objects_054_rollout_008_prefix_1.json,bb_logical_deduction_five_objects_054,8,1,no,big_bench,346,612
train,bb_logical_deduction_five_objects_054_rollout_026_prefix_1.json,bb_logical_deduction_five_objects_054,26,1,no,big_bench,142,350
train,bb_logical_deduction_five_objects_057_rollout_008_prefix_0.json,bb_logical_deduction_five_objects_057,8,0,yes,big_bench,605,997
train,bb_logical_deduction_five_objects_057_rollout_009_prefix_0.json,bb_logical_deduction_five_objects_057,9,0,yes,big_bench,552,904
train,bb_logical_deduction_five_objects_057_rollout_016_prefix_2.json,bb_logical_deduction_five_objects_057,16,2,no,big_bench,714,1130
train,bb_logical_deduction_five_objects_057_rollout_016_prefix_4.json,bb_logical_deduction_five_objects_057,16,4,no,big_bench,314,572
train,bb_logical_deduction_five_objects_057_rollout_018_prefix_1.json,bb_logical_deduction_five_objects_057,18,1,no,big_bench,161,377
train,bb_logical_deduction_five_objects_057_rollout_020_prefix_1.json,bb_logical_deduction_five_objects_057,20,1,no,big_bench,307,586
train,bb_logical_deduction_five_objects_057_rollout_025_prefix_1.json,bb_logical_deduction_five_objects_057,25,1,no,big_bench,340,620
train,bb_logical_deduction_five_objects_072_rollout_005_prefix_0.json,bb_logical_deduction_five_objects_072,5,0,yes,big_bench,634,1014
train,bb_logical_deduction_five_objects_072_rollout_006_prefix_0.json,bb_logical_deduction_five_objects_072,6,0,no,big_bench,303,542
train,bb_logical_deduction_five_objects_072_rollout_014_prefix_1.json,bb_logical_deduction_five_objects_072,14,1,no,big_bench,241,463
train,bb_logical_deduction_five_objects_072_rollout_022_prefix_0.json,bb_logical_deduction_five_objects_072,22,0,no,big_bench,289,549
train,bb_logical_deduction_five_objects_072_rollout_028_prefix_2.json,bb_logical_deduction_five_objects_072,28,2,no,big_bench,677,1082
train,bb_logical_deduction_five_objects_076_rollout_005_prefix_0.json,bb_logical_deduction_five_objects_076,5,0,yes,big_bench,333,624
train,bb_logical_deduction_five_objects_076_rollout_009_prefix_0.json,bb_logical_deduction_five_objects_076,9,0,yes,big_bench,581,968
train,bb_logical_deduction_five_objects_076_rollout_028_prefix_0.json,bb_logical_deduction_five_objects_076,28,0,yes,big_bench,437,770
train,bb_logical_deduction_five_objects_080_rollout_012_prefix_0.json,bb_logical_deduction_five_objects_080,12,0,yes,big_bench,612,969
train,bb_logical_deduction_five_objects_080_rollout_016_prefix_0.json,bb_logical_deduction_five_objects_080,16,0,yes,big_bench,1085,1666
train,bb_logical_deduction_five_objects_080_rollout_019_prefix_0.json,bb_logical_deduction_five_objects_080,19,0,yes,big_bench,896,1367
train,bb_logical_deduction_five_objects_080_rollout_019_prefix_1.json,bb_logical_deduction_five_objects_080,19,1,no,big_bench,441,758
train,bb_logical_deduction_five_objects_080_rollout_022_prefix_0.json,bb_logical_deduction_five_objects_080,22,0,yes,big_bench,905,1353
train,bb_logical_deduction_five_objects_080_rollout_022_prefix_5.json,bb_logical_deduction_five_objects_080,22,5,no,big_bench,30,215
train,bb_logical_deduction_five_objects_080_rollout_023_prefix_1.json,bb_logical_deduction_five_objects_080,23,1,yes,big_bench,607,977
train,bb_logical_deduction_five_objects_080_rollout_023_prefix_2.json,bb_logical_deduction_five_objects_080,23,2,yes,big_bench,597,966
train,bb_logical_deduction_five_objects_080_rollout_025_prefix_0.json,bb_logical_deduction_five_objects_080,25,0,no,big_bench,1001,1534
train,bb_logical_deduction_five_objects_080_rollout_026_prefix_1.json,bb_logical_deduction_five_objects_080,26,1,no,big_bench,392,695
train,bb_logical_deduction_five_objects_080_rollout_029_prefix_2.json,bb_logical_deduction_five_objects_080,29,2,no,big_bench,48,242
train,bb_logical_deduction_five_objects_083_rollout_016_prefix_0.json,bb_logical_deduction_five_objects_083,16,0,yes,big_bench,316,566
train,bb_logical_deduction_five_objects_083_rollout_016_prefix_1.json,bb_logical_deduction_five_objects_083,16,1,yes,big_bench,306,554
train,bb_logical_deduction_five_objects_083_rollout_017_prefix_1.json,bb_logical_deduction_five_objects_083,17,1,yes,big_bench,269,511
train,bb_logical_deduction_five_objects_083_rollout_017_prefix_2.json,bb_logical_deduction_five_objects_083,17,2,no,big_bench,24,152
train,bb_logical_deduction_five_objects_085_rollout_002_prefix_0.json,bb_logical_deduction_five_objects_085,2,0,no,big_bench,922,1523
train,bb_logical_deduction_five_objects_085_rollout_003_prefix_1.json,bb_logical_deduction_five_objects_085,3,1,no,big_bench,238,492
train,bb_logical_deduction_five_objects_085_rollout_012_prefix_0.json,bb_logical_deduction_five_objects_085,12,0,yes,big_bench,710,1149
train,bb_logical_deduction_five_objects_085_rollout_015_prefix_0.json,bb_logical_deduction_five_objects_085,15,0,yes,big_bench,947,1558
train,bb_logical_deduction_five_objects_085_rollout_019_prefix_0.json,bb_logical_deduction_five_objects_085,19,0,yes,big_bench,660,1174
train,bb_logical_deduction_five_objects_085_rollout_022_prefix_0.json,bb_logical_deduction_five_objects_085,22,0,no,big_bench,418,720
train,bb_logical_deduction_five_objects_085_rollout_025_prefix_1.json,bb_logical_deduction_five_objects_085,25,1,no,big_bench,1206,1941
train,bb_logical_deduction_five_objects_088_rollout_002_prefix_3.json,bb_logical_deduction_five_objects_088,2,3,no,big_bench,442,760
train,bb_logical_deduction_five_objects_088_rollout_003_prefix_2.json,bb_logical_deduction_five_objects_088,3,2,no,big_bench,915,1567
train,bb_logical_deduction_five_objects_088_rollout_003_prefix_3.json,bb_logical_deduction_five_objects_088,3,3,no,big_bench,115,322
train,bb_logical_deduction_five_objects_088_rollout_004_prefix_1.json,bb_logical_deduction_five_objects_088,4,1,no,big_bench,420,760
train,bb_logical_deduction_five_objects_088_rollout_004_prefix_2.json,bb_logical_deduction_five_objects_088,4,2,no,big_bench,220,470
train,bb_logical_deduction_five_objects_088_rollout_009_prefix_0.json,bb_logical_deduction_five_objects_088,9,0,yes,big_bench,882,1358
train,bb_logical_deduction_five_objects_088_rollout_012_prefix_1.json,bb_logical_deduction_five_objects_088,12,1,no,big_bench,870,1520
train,bb_logical_deduction_five_objects_088_rollout_016_prefix_2.json,bb_logical_deduction_five_objects_088,16,2,no,big_bench,367,697
train,bb_logical_deduction_five_objects_088_rollout_018_prefix_0.json,bb_logical_deduction_five_objects_088,18,0,yes,big_bench,942,1536
train,bb_logical_deduction_five_objects_088_rollout_019_prefix_4.json,bb_logical_deduction_five_objects_088,19,4,no,big_bench,976,1593
train,bb_logical_deduction_five_objects_088_rollout_023_prefix_4.json,bb_logical_deduction_five_objects_088,23,4,no,big_bench,220,478
train,bb_logical_deduction_five_objects_088_rollout_027_prefix_3.json,bb_logical_deduction_five_objects_088,27,3,no,big_bench,121,330
train,bb_logical_deduction_five_objects_088_rollout_029_prefix_3.json,bb_logical_deduction_five_objects_088,29,3,no,big_bench,952,1496
train,bb_logical_deduction_five_objects_118_rollout_009_prefix_0.json,bb_logical_deduction_five_objects_118,9,0,no,big_bench,895,1373
train,bb_logical_deduction_five_objects_118_rollout_010_prefix_0.json,bb_logical_deduction_five_objects_118,10,0,no,big_bench,81,281
train,bb_logical_deduction_five_objects_118_rollout_014_prefix_2.json,bb_logical_deduction_five_objects_118,14,2,yes,big_bench,457,787
train,bb_logical_deduction_five_objects_118_rollout_015_prefix_1.json,bb_logical_deduction_five_objects_118,15,1,yes,big_bench,808,1277
train,bb_logical_deduction_five_objects_118_rollout_019_prefix_0.json,bb_logical_deduction_five_objects_118,19,0,yes,big_bench,507,824
train,bb_logical_deduction_five_objects_118_rollout_025_prefix_1.json,bb_logical_deduction_five_objects_118,25,1,no,big_bench,29,222
train,bb_logical_deduction_five_objects_118_rollout_026_prefix_0.json,bb_logical_deduction_five_objects_118,26,0,yes,big_bench,361,676
train,bb_logical_deduction_five_objects_118_rollout_028_prefix_2.json,bb_logical_deduction_five_objects_118,28,2,no,big_bench,435,784
train,bb_logical_deduction_five_objects_127_rollout_005_prefix_0.json,bb_logical_deduction_five_objects_127,5,0,yes,big_bench,395,712
train,bb_logical_deduction_five_objects_127_rollout_011_prefix_1.json,bb_logical_deduction_five_objects_127,11,1,no,big_bench,304,588
train,bb_logical_deduction_five_objects_127_rollout_016_prefix_1.json,bb_logical_deduction_five_objects_127,16,1,no,big_bench,287,547
train,bb_logical_deduction_five_objects_127_rollout_019_prefix_1.json,bb_logical_deduction_five_objects_127,19,1,no,big_bench,311,600
train,bb_logical_deduction_five_objects_127_rollout_024_prefix_0.json,bb_logical_deduction_five_objects_127,24,0,yes,big_bench,619,1016
train,bb_logical_deduction_five_objects_133_rollout_000_prefix_0.json,bb_logical_deduction_five_objects_133,0,0,yes,big_bench,307,665
train,bb_logical_deduction_five_objects_133_rollout_002_prefix_0.json,bb_logical_deduction_five_objects_133,2,0,yes,big_bench,591,1030
train,bb_logical_deduction_five_objects_133_rollout_002_prefix_1.json,bb_logical_deduction_five_objects_133,2,1,yes,big_bench,581,1013
train,bb_logical_deduction_five_objects_133_rollout_005_prefix_0.json,bb_logical_deduction_five_objects_133,5,0,yes,big_bench,1007,1669
train,bb_logical_deduction_five_objects_133_rollout_005_prefix_2.json,bb_logical_deduction_five_objects_133,5,2,no,big_bench,562,982
train,bb_logical_deduction_five_objects_133_rollout_009_prefix_1.json,bb_logical_deduction_five_objects_133,9,1,yes,big_bench,517,985
train,bb_logical_deduction_five_objects_133_rollout_009_prefix_2.json,bb_logical_deduction_five_objects_133,9,2,yes,big_bench,507,967
train,bb_logical_deduction_five_objects_133_rollout_010_prefix_0.json,bb_logical_deduction_five_objects_133,10,0,no,big_bench,278,570
train,bb_logical_deduction_five_objects_133_rollout_016_prefix_1.json,bb_logical_deduction_five_objects_133,16,1,no,big_bench,1017,1609
train,bb_logical_deduction_five_objects_133_rollout_022_prefix_3.json,bb_logical_deduction_five_objects_133,22,3,no,big_bench,64,257
train,bb_logical_deduction_five_objects_133_rollout_029_prefix_0.json,bb_logical_deduction_five_objects_133,29,0,no,big_bench,269,565
train,bb_logical_deduction_five_objects_136_rollout_010_prefix_1.json,bb_logical_deduction_five_objects_136,10,1,no,big_bench,537,959
train,bb_logical_deduction_five_objects_136_rollout_011_prefix_0.json,bb_logical_deduction_five_objects_136,11,0,yes,big_bench,928,1506
train,bb_logical_deduction_five_objects_136_rollout_018_prefix_0.json,bb_logical_deduction_five_objects_136,18,0,yes,big_bench,944,1421
train,bb_logical_deduction_five_objects_136_rollout_018_prefix_1.json,bb_logical_deduction_five_objects_136,18,1,no,big_bench,679,1069
train,bb_logical_deduction_five_objects_136_rollout_018_prefix_2.json,bb_logical_deduction_five_objects_136,18,2,no,big_bench,479,807
train,bb_logical_deduction_five_objects_136_rollout_027_prefix_1.json,bb_logical_deduction_five_objects_136,27,1,no,big_bench,170,383
train,bb_logical_deduction_five_objects_145_rollout_019_prefix_0.json,bb_logical_deduction_five_objects_145,19,0,yes,big_bench,258,537
train,bb_logical_deduction_five_objects_145_rollout_023_prefix_0.json,bb_logical_deduction_five_objects_145,23,0,yes,big_bench,388,715
train,bb_logical_deduction_five_objects_157_rollout_001_prefix_1.json,bb_logical_deduction_five_objects_157,1,1,yes,big_bench,456,771
train,bb_logical_deduction_five_objects_157_rollout_005_prefix_1.json,bb_logical_deduction_five_objects_157,5,1,yes,big_bench,551,893
train,bb_logical_deduction_five_objects_157_rollout_007_prefix_0.json,bb_logical_deduction_five_objects_157,7,0,yes,big_bench,485,850
train,bb_logical_deduction_five_objects_157_rollout_009_prefix_0.json,bb_logical_deduction_five_objects_157,9,0,yes,big_bench,450,797
train,bb_logical_deduction_five_objects_157_rollout_009_prefix_1.json,bb_logical_deduction_five_objects_157,9,1,no,big_bench,195,442
train,bb_logical_deduction_five_objects_157_rollout_017_prefix_1.json,bb_logical_deduction_five_objects_157,17,1,no,big_bench,227,476
train,bb_logical_deduction_five_objects_162_rollout_001_prefix_3.json,bb_logical_deduction_five_objects_162,1,3,no,big_bench,80,221
train,bb_logical_deduction_five_objects_173_rollout_005_prefix_2.json,bb_logical_deduction_five_objects_173,5,2,no,big_bench,294,550
train,bb_logical_deduction_five_objects_173_rollout_013_prefix_1.json,bb_logical_deduction_five_objects_173,13,1,no,big_bench,60,246
train,bb_logical_deduction_five_objects_173_rollout_017_prefix_1.json,bb_logical_deduction_five_objects_173,17,1,no,big_bench,365,645
train,bb_logical_deduction_five_objects_173_rollout_020_prefix_0.json,bb_logical_deduction_five_objects_173,20,0,yes,big_bench,819,1271
train,bb_logical_deduction_five_objects_173_rollout_026_prefix_0.json,bb_logical_deduction_five_objects_173,26,0,yes,big_bench,769,1213
train,bb_logical_deduction_five_objects_173_rollout_026_prefix_2.json,bb_logical_deduction_five_objects_173,26,2,yes,big_bench,739,1173
train,bb_logical_deduction_five_objects_178_rollout_003_prefix_2.json,bb_logical_deduction_five_objects_178,3,2,no,big_bench,43,222
train,bb_logical_deduction_five_objects_178_rollout_007_prefix_1.json,bb_logical_deduction_five_objects_178,7,1,no,big_bench,744,1229
train,bb_logical_deduction_five_objects_178_rollout_016_prefix_0.json,bb_logical_deduction_five_objects_178,16,0,yes,big_bench,353,709
train,bb_logical_deduction_five_objects_178_rollout_020_prefix_0.json,bb_logical_deduction_five_objects_178,20,0,yes,big_bench,1047,1680
train,bb_logical_deduction_five_objects_178_rollout_023_prefix_0.json,bb_logical_deduction_five_objects_178,23,0,yes,big_bench,637,1043
train,bb_logical_deduction_five_objects_178_rollout_029_prefix_1.json,bb_logical_deduction_five_objects_178,29,1,no,big_bench,109,315
train,bb_logical_deduction_five_objects_214_rollout_002_prefix_1.json,bb_logical_deduction_five_objects_214,2,1,yes,big_bench,274,600
train,bb_logical_deduction_five_objects_214_rollout_017_prefix_0.json,bb_logical_deduction_five_objects_214,17,0,yes,big_bench,261,564
train,bb_logical_deduction_five_objects_214_rollout_022_prefix_0.json,bb_logical_deduction_five_objects_214,22,0,no,big_bench,255,505
train,bb_logical_deduction_five_objects_223_rollout_001_prefix_0.json,bb_logical_deduction_five_objects_223,1,0,yes,big_bench,1201,1875
train,bb_logical_deduction_five_objects_223_rollout_008_prefix_2.json,bb_logical_deduction_five_objects_223,8,2,no,big_bench,471,871
train,bb_logical_deduction_five_objects_223_rollout_013_prefix_1.json,bb_logical_deduction_five_objects_223,13,1,no,big_bench,680,1167
train,bb_logical_deduction_five_objects_223_rollout_017_prefix_2.json,bb_logical_deduction_five_objects_223,17,2,no,big_bench,968,1542
train,bb_logical_deduction_five_objects_223_rollout_021_prefix_0.json,bb_logical_deduction_five_objects_223,21,0,yes,big_bench,1529,2350
train,bb_logical_deduction_five_objects_223_rollout_022_prefix_0.json,bb_logical_deduction_five_objects_223,22,0,no,big_bench,641,1044
train,bb_logical_deduction_five_objects_223_rollout_024_prefix_0.json,bb_logical_deduction_five_objects_223,24,0,yes,big_bench,945,1560
train,bb_logical_deduction_five_objects_223_rollout_025_prefix_0.json,bb_logical_deduction_five_objects_223,25,0,yes,big_bench,1583,2415
train,bb_logical_deduction_five_objects_223_rollout_026_prefix_1.json,bb_logical_deduction_five_objects_223,26,1,no,big_bench,848,1387
train,bb_logical_deduction_five_objects_223_rollout_026_prefix_2.json,bb_logical_deduction_five_objects_223,26,2,no,big_bench,648,1105
train,bb_logical_deduction_five_objects_223_rollout_028_prefix_0.json,bb_logical_deduction_five_objects_223,28,0,yes,big_bench,1990,2987
train,bb_logical_deduction_five_objects_248_rollout_017_prefix_0.json,bb_logical_deduction_five_objects_248,17,0,yes,big_bench,359,658
train,bb_logical_deduction_five_objects_248_rollout_018_prefix_0.json,bb_logical_deduction_five_objects_248,18,0,yes,big_bench,269,520
train,bb_logical_deduction_five_objects_249_rollout_005_prefix_0.json,bb_logical_deduction_five_objects_249,5,0,yes,big_bench,255,534
train,bb_logical_deduction_five_objects_249_rollout_009_prefix_0.json,bb_logical_deduction_five_objects_249,9,0,yes,big_bench,484,806
train,bb_logical_deduction_five_objects_249_rollout_020_prefix_0.json,bb_logical_deduction_five_objects_249,20,0,yes,big_bench,329,616
train,bb_logical_deduction_five_objects_249_rollout_021_prefix_1.json,bb_logical_deduction_five_objects_249,21,1,no,big_bench,85,275
train,bb_navigate_004_rollout_000_prefix_1.json,bb_navigate_004,0,1,yes,big_bench,327,598
train,bb_navigate_004_rollout_010_prefix_2.json,bb_navigate_004,10,2,yes,big_bench,400,720
train,bb_navigate_004_rollout_012_prefix_1.json,bb_navigate_004,12,1,no,big_bench,129,249
train,bb_navigate_004_rollout_015_prefix_1.json,bb_navigate_004,15,1,yes,big_bench,309,512
train,bb_navigate_004_rollout_023_prefix_0.json,bb_navigate_004,23,0,yes,big_bench,254,482
train,bb_navigate_004_rollout_029_prefix_0.json,bb_navigate_004,29,0,no,big_bench,151,273
train,bb_navigate_011_rollout_002_prefix_0.json,bb_navigate_011,2,0,yes,big_bench,688,1089
train,bb_navigate_011_rollout_003_prefix_2.json,bb_navigate_011,3,2,no,big_bench,721,1132
train,bb_navigate_011_rollout_004_prefix_0.json,bb_navigate_011,4,0,no,big_bench,1127,1699
train,bb_navigate_011_rollout_004_prefix_2.json,bb_navigate_011,4,2,no,big_bench,727,1136
train,bb_navigate_011_rollout_006_prefix_1.json,bb_navigate_011,6,1,no,big_bench,62,162
train,bb_navigate_011_rollout_007_prefix_1.json,bb_navigate_011,7,1,no,big_bench,707,1082
train,bb_navigate_011_rollout_007_prefix_2.json,bb_navigate_011,7,2,no,big_bench,107,228
train,bb_navigate_011_rollout_011_prefix_2.json,bb_navigate_011,11,2,no,big_bench,323,509
train,bb_navigate_011_rollout_018_prefix_1.json,bb_navigate_011,18,1,yes,big_bench,382,592
train,bb_navigate_011_rollout_019_prefix_0.json,bb_navigate_011,19,0,yes,big_bench,326,612
train,bb_navigate_011_rollout_020_prefix_1.json,bb_navigate_011,20,1,no,big_bench,485,719
train,bb_navigate_011_rollout_028_prefix_3.json,bb_navigate_011,28,3,no,big_bench,106,226
train,bb_navigate_046_rollout_009_prefix_1.json,bb_navigate_046,9,1,no,big_bench,218,371
train,bb_navigate_046_rollout_013_prefix_2.json,bb_navigate_046,13,2,no,big_bench,67,182
train,bb_navigate_046_rollout_015_prefix_0.json,bb_navigate_046,15,0,yes,big_bench,866,1528
train,bb_navigate_046_rollout_023_prefix_1.json,bb_navigate_046,23,1,no,big_bench,276,480
train,bb_navigate_046_rollout_027_prefix_0.json,bb_navigate_046,27,0,no,big_bench,22,101
train,bb_navigate_048_rollout_022_prefix_2.json,bb_navigate_048,22,2,no,big_bench,91,182
train,bb_navigate_048_rollout_025_prefix_0.json,bb_navigate_048,25,0,yes,big_bench,420,643
train,bb_navigate_058_rollout_000_prefix_0.json,bb_navigate_058,0,0,no,big_bench,215,318
train,bb_navigate_058_rollout_002_prefix_0.json,bb_navigate_058,2,0,yes,big_bench,324,474
train,bb_navigate_058_rollout_002_prefix_1.json,bb_navigate_058,2,1,no,big_bench,49,125
train,bb_navigate_058_rollout_016_prefix_3.json,bb_navigate_058,16,3,no,big_bench,126,232
train,bb_navigate_058_rollout_021_prefix_0.json,bb_navigate_058,21,0,yes,big_bench,308,465
train,bb_navigate_058_rollout_029_prefix_0.json,bb_navigate_058,29,0,no,big_bench,335,504
train,bb_navigate_070_rollout_002_prefix_0.json,bb_navigate_070,2,0,no,big_bench,21,91
train,bb_navigate_070_rollout_018_prefix_1.json,bb_navigate_070,18,1,yes,big_bench,278,440
train,bb_navigate_080_rollout_000_prefix_0.json,bb_navigate_080,0,0,yes,big_bench,272,461
train,bb_navigate_080_rollout_004_prefix_0.json,bb_navigate_080,4,0,no,big_bench,431,745
train,bb_navigate_080_rollout_004_prefix_2.json,bb_navigate_080,4,2,no,big_bench,31,111
train,bb_navigate_094_rollout_012_prefix_0.json,bb_navigate_094,12,0,yes,big_bench,204,365
train,bb_navigate_094_rollout_023_prefix_0.json,bb_navigate_094,23,0,yes,big_bench,240,394
train,bb_navigate_104_rollout_004_prefix_0.json,bb_navigate_104,4,0,yes,big_bench,203,316
train,bb_navigate_104_rollout_006_prefix_0.json,bb_navigate_104,6,0,yes,big_bench,644,1054
train,bb_navigate_104_rollout_008_prefix_2.json,bb_navigate_104,8,2,yes,big_bench,398,604
train,bb_navigate_104_rollout_017_prefix_1.json,bb_navigate_104,17,1,no,big_bench,105,195
train,bb_navigate_104_rollout_021_prefix_0.json,bb_navigate_104,21,0,yes,big_bench,446,632
train,bb_navigate_104_rollout_021_prefix_1.json,bb_navigate_104,21,1,no,big_bench,171,277
train,bb_navigate_104_rollout_024_prefix_0.json,bb_navigate_104,24,0,yes,big_bench,528,750
train,bb_navigate_104_rollout_027_prefix_0.json,bb_navigate_104,27,0,yes,big_bench,735,1021
train,bb_navigate_150_rollout_010_prefix_0.json,bb_navigate_150,10,0,yes,big_bench,233,416
train,bb_navigate_150_rollout_015_prefix_0.json,bb_navigate_150,15,0,yes,big_bench,456,786
train,bb_navigate_150_rollout_017_prefix_1.json,bb_navigate_150,17,1,yes,big_bench,303,612
train,bb_navigate_150_rollout_019_prefix_0.json,bb_navigate_150,19,0,yes,big_bench,510,806
train,bb_navigate_150_rollout_022_prefix_0.json,bb_navigate_150,22,0,yes,big_bench,378,624
train,bb_navigate_150_rollout_023_prefix_0.json,bb_navigate_150,23,0,yes,big_bench,404,658
train,bb_navigate_150_rollout_026_prefix_1.json,bb_navigate_150,26,1,no,big_bench,316,527
train,bb_navigate_155_rollout_001_prefix_0.json,bb_navigate_155,1,0,yes,big_bench,339,498
train,bb_navigate_155_rollout_008_prefix_0.json,bb_navigate_155,8,0,yes,big_bench,460,640
train,bb_navigate_155_rollout_019_prefix_2.json,bb_navigate_155,19,2,no,big_bench,376,541
train,bb_navigate_155_rollout_022_prefix_0.json,bb_navigate_155,22,0,no,big_bench,328,480
train,bb_navigate_155_rollout_025_prefix_0.json,bb_navigate_155,25,0,yes,big_bench,1001,1396
train,bb_navigate_157_rollout_000_prefix_0.json,bb_navigate_157,0,0,yes,big_bench,252,447
train,bb_navigate_157_rollout_001_prefix_0.json,bb_navigate_157,1,0,yes,big_bench,294,475
train,bb_navigate_157_rollout_015_prefix_1.json,bb_navigate_157,15,1,no,big_bench,264,470
train,bb_navigate_157_rollout_019_prefix_0.json,bb_navigate_157,19,0,yes,big_bench,173,326
train,bb_navigate_160_rollout_002_prefix_1.json,bb_navigate_160,2,1,no,big_bench,219,337
train,bb_navigate_163_rollout_000_prefix_2.json,bb_navigate_163,0,2,no,big_bench,108,194
train,bb_navigate_163_rollout_007_prefix_1.json,bb_navigate_163,7,1,no,big_bench,375,576
train,bb_navigate_163_rollout_013_prefix_2.json,bb_navigate_163,13,2,no,big_bench,211,328
train,bb_navigate_163_rollout_018_prefix_0.json,bb_navigate_163,18,0,yes,big_bench,757,1051
train,bb_navigate_163_rollout_021_prefix_0.json,bb_navigate_163,21,0,no,big_bench,438,623
train,bb_navigate_163_rollout_024_prefix_2.json,bb_navigate_163,24,2,yes,big_bench,390,564
train,bb_navigate_199_rollout_002_prefix_1.json,bb_navigate_199,2,1,yes,big_bench,366,569
train,bb_navigate_199_rollout_007_prefix_1.json,bb_navigate_199,7,1,no,big_bench,128,230
train,bb_navigate_199_rollout_009_prefix_0.json,bb_navigate_199,9,0,yes,big_bench,452,697
train,bb_navigate_199_rollout_016_prefix_1.json,bb_navigate_199,16,1,no,big_bench,83,178
train,bb_navigate_199_rollout_029_prefix_0.json,bb_navigate_199,29,0,no,big_bench,125,232
train,bb_navigate_213_rollout_015_prefix_0.json,bb_navigate_213,15,0,yes,big_bench,682,999
train,bb_navigate_213_rollout_016_prefix_0.json,bb_navigate_213,16,0,yes,big_bench,88,190
train,bb_navigate_213_rollout_016_prefix_1.json,bb_navigate_213,16,1,yes,big_bench,78,169
train,bb_navigate_213_rollout_018_prefix_0.json,bb_navigate_213,18,0,no,big_bench,137,234
train,bb_navigate_222_rollout_000_prefix_0.json,bb_navigate_222,0,0,yes,big_bench,100,201
train,bb_navigate_222_rollout_003_prefix_0.json,bb_navigate_222,3,0,yes,big_bench,306,466
train,bb_navigate_228_rollout_006_prefix_0.json,bb_navigate_228,6,0,yes,big_bench,243,405
train,bb_navigate_228_rollout_013_prefix_0.json,bb_navigate_228,13,0,yes,big_bench,448,688
train,bb_navigate_228_rollout_015_prefix_1.json,bb_navigate_228,15,1,yes,big_bench,173,321
train,bb_navigate_228_rollout_017_prefix_0.json,bb_navigate_228,17,0,yes,big_bench,295,485
train,bb_navigate_228_rollout_018_prefix_0.json,bb_navigate_228,18,0,yes,big_bench,265,422
train,bb_navigate_229_rollout_001_prefix_0.json,bb_navigate_229,1,0,yes,big_bench,376,543
train,bb_navigate_229_rollout_006_prefix_1.json,bb_navigate_229,6,1,yes,big_bench,269,445
train,bb_navigate_229_rollout_009_prefix_0.json,bb_navigate_229,9,0,yes,big_bench,193,315
train,bb_navigate_229_rollout_015_prefix_1.json,bb_navigate_229,15,1,no,big_bench,365,519
train,bb_navigate_229_rollout_015_prefix_2.json,bb_navigate_229,15,2,no,big_bench,165,267
train,bb_navigate_229_rollout_016_prefix_0.json,bb_navigate_229,16,0,no,big_bench,103,207
train,bb_navigate_229_rollout_028_prefix_2.json,bb_navigate_229,28,2,no,big_bench,76,161
train,bb_navigate_230_rollout_011_prefix_0.json,bb_navigate_230,11,0,no,big_bench,92,181
train,bb_navigate_232_rollout_001_prefix_1.json,bb_navigate_232,1,1,yes,big_bench,537,861
train,bb_navigate_232_rollout_007_prefix_0.json,bb_navigate_232,7,0,yes,big_bench,388,635
train,bb_navigate_232_rollout_009_prefix_0.json,bb_navigate_232,9,0,yes,big_bench,230,377
train,bb_navigate_232_rollout_014_prefix_0.json,bb_navigate_232,14,0,yes,big_bench,324,507
train,bb_navigate_232_rollout_015_prefix_0.json,bb_navigate_232,15,0,yes,big_bench,293,540
train,bb_navigate_232_rollout_020_prefix_0.json,bb_navigate_232,20,0,yes,big_bench,324,519
train,bb_penguins_in_a_table_009_rollout_014_prefix_0.json,bb_penguins_in_a_table_009,14,0,yes,big_bench,273,515
train,bb_penguins_in_a_table_009_rollout_015_prefix_0.json,bb_penguins_in_a_table_009,15,0,yes,big_bench,223,457
train,bb_penguins_in_a_table_025_rollout_005_prefix_2.json,bb_penguins_in_a_table_025,5,2,yes,big_bench,230,530
train,bb_penguins_in_a_table_025_rollout_024_prefix_1.json,bb_penguins_in_a_table_025,24,1,yes,big_bench,155,411
train,bb_penguins_in_a_table_036_rollout_001_prefix_1.json,bb_penguins_in_a_table_036,1,1,yes,big_bench,188,457
train,bb_penguins_in_a_table_036_rollout_005_prefix_0.json,bb_penguins_in_a_table_036,5,0,yes,big_bench,83,315
train,bb_penguins_in_a_table_036_rollout_011_prefix_0.json,bb_penguins_in_a_table_036,11,0,yes,big_bench,181,450
train,bb_penguins_in_a_table_036_rollout_011_prefix_1.json,bb_penguins_in_a_table_036,11,1,yes,big_bench,171,435
train,bb_penguins_in_a_table_036_rollout_017_prefix_2.json,bb_penguins_in_a_table_036,17,2,yes,big_bench,223,539
train,bb_penguins_in_a_table_036_rollout_018_prefix_0.json,bb_penguins_in_a_table_036,18,0,yes,big_bench,182,453
train,bb_penguins_in_a_table_036_rollout_021_prefix_1.json,bb_penguins_in_a_table_036,21,1,yes,big_bench,160,436
train,bb_penguins_in_a_table_036_rollout_024_prefix_2.json,bb_penguins_in_a_table_036,24,2,yes,big_bench,127,371
train,bb_penguins_in_a_table_049_rollout_011_prefix_0.json,bb_penguins_in_a_table_049,11,0,yes,big_bench,197,430
train,bb_penguins_in_a_table_049_rollout_022_prefix_1.json,bb_penguins_in_a_table_049,22,1,yes,big_bench,85,279
train,bb_penguins_in_a_table_049_rollout_025_prefix_0.json,bb_penguins_in_a_table_049,25,0,yes,big_bench,258,512
train,bb_penguins_in_a_table_049_rollout_025_prefix_2.json,bb_penguins_in_a_table_049,25,2,yes,big_bench,238,474
train,bb_penguins_in_a_table_049_rollout_029_prefix_0.json,bb_penguins_in_a_table_049,29,0,yes,big_bench,190,406
train,bb_penguins_in_a_table_050_rollout_016_prefix_0.json,bb_penguins_in_a_table_050,16,0,yes,big_bench,149,511
train,bb_penguins_in_a_table_050_rollout_019_prefix_0.json,bb_penguins_in_a_table_050,19,0,yes,big_bench,179,546
train,bb_penguins_in_a_table_050_rollout_022_prefix_0.json,bb_penguins_in_a_table_050,22,0,yes,big_bench,140,498
train,bb_penguins_in_a_table_069_rollout_010_prefix_0.json,bb_penguins_in_a_table_069,10,0,no,big_bench,208,443
train,bb_penguins_in_a_table_069_rollout_014_prefix_0.json,bb_penguins_in_a_table_069,14,0,yes,big_bench,435,770
train,bb_penguins_in_a_table_069_rollout_020_prefix_2.json,bb_penguins_in_a_table_069,20,2,no,big_bench,551,913
train,bb_penguins_in_a_table_069_rollout_022_prefix_0.json,bb_penguins_in_a_table_069,22,0,yes,big_bench,590,926
train,bb_penguins_in_a_table_069_rollout_023_prefix_1.json,bb_penguins_in_a_table_069,23,1,no,big_bench,34,211
train,bb_penguins_in_a_table_069_rollout_026_prefix_0.json,bb_penguins_in_a_table_069,26,0,yes,big_bench,840,1353
train,bb_penguins_in_a_table_069_rollout_028_prefix_2.json,bb_penguins_in_a_table_069,28,2,no,big_bench,217,475
train,bb_penguins_in_a_table_076_rollout_004_prefix_1.json,bb_penguins_in_a_table_076,4,1,yes,big_bench,246,563
train,bb_penguins_in_a_table_076_rollout_009_prefix_0.json,bb_penguins_in_a_table_076,9,0,yes,big_bench,428,844
train,bb_penguins_in_a_table_076_rollout_009_prefix_2.json,bb_penguins_in_a_table_076,9,2,yes,big_bench,408,817
train,bb_penguins_in_a_table_076_rollout_010_prefix_2.json,bb_penguins_in_a_table_076,10,2,no,big_bench,58,257
train,bb_penguins_in_a_table_077_rollout_011_prefix_0.json,bb_penguins_in_a_table_077,11,0,yes,big_bench,86,378
train,bb_penguins_in_a_table_077_rollout_028_prefix_1.json,bb_penguins_in_a_table_077,28,1,yes,big_bench,65,352
train,bb_penguins_in_a_table_078_rollout_010_prefix_0.json,bb_penguins_in_a_table_078,10,0,yes,big_bench,480,906
train,bb_penguins_in_a_table_093_rollout_016_prefix_0.json,bb_penguins_in_a_table_093,16,0,yes,big_bench,250,581
train,bb_penguins_in_a_table_093_rollout_023_prefix_0.json,bb_penguins_in_a_table_093,23,0,yes,big_bench,211,460
train,bb_penguins_in_a_table_093_rollout_023_prefix_1.json,bb_penguins_in_a_table_093,23,1,yes,big_bench,191,436
train,bb_penguins_in_a_table_094_rollout_000_prefix_0.json,bb_penguins_in_a_table_094,0,0,yes,big_bench,379,689
train,bb_penguins_in_a_table_094_rollout_002_prefix_0.json,bb_penguins_in_a_table_094,2,0,yes,big_bench,298,606
train,bb_penguins_in_a_table_094_rollout_005_prefix_0.json,bb_penguins_in_a_table_094,5,0,yes,big_bench,317,616
train,bb_penguins_in_a_table_094_rollout_010_prefix_3.json,bb_penguins_in_a_table_094,10,3,no,big_bench,179,456
train,bb_penguins_in_a_table_094_rollout_016_prefix_0.json,bb_penguins_in_a_table_094,16,0,yes,big_bench,508,871
train,bb_penguins_in_a_table_102_rollout_007_prefix_1.json,bb_penguins_in_a_table_102,7,1,yes,big_bench,262,588
train,bb_penguins_in_a_table_102_rollout_014_prefix_0.json,bb_penguins_in_a_table_102,14,0,yes,big_bench,122,366
train,bb_penguins_in_a_table_102_rollout_018_prefix_0.json,bb_penguins_in_a_table_102,18,0,yes,big_bench,331,773
train,bb_penguins_in_a_table_102_rollout_025_prefix_0.json,bb_penguins_in_a_table_102,25,0,yes,big_bench,227,557
train,bb_penguins_in_a_table_105_rollout_005_prefix_1.json,bb_penguins_in_a_table_105,5,1,yes,big_bench,394,707
train,bb_penguins_in_a_table_105_rollout_005_prefix_2.json,bb_penguins_in_a_table_105,5,2,no,big_bench,149,368
train,bb_penguins_in_a_table_105_rollout_007_prefix_0.json,bb_penguins_in_a_table_105,7,0,yes,big_bench,204,436
train,bb_penguins_in_a_table_105_rollout_008_prefix_1.json,bb_penguins_in_a_table_105,8,1,yes,big_bench,257,513
train,bb_penguins_in_a_table_105_rollout_010_prefix_0.json,bb_penguins_in_a_table_105,10,0,yes,big_bench,207,439
train,bb_penguins_in_a_table_107_rollout_005_prefix_0.json,bb_penguins_in_a_table_107,5,0,yes,big_bench,132,388
train,bb_penguins_in_a_table_107_rollout_010_prefix_0.json,bb_penguins_in_a_table_107,10,0,yes,big_bench,413,815
train,bb_penguins_in_a_table_107_rollout_011_prefix_0.json,bb_penguins_in_a_table_107,11,0,yes,big_bench,263,598
train,bb_penguins_in_a_table_107_rollout_024_prefix_0.json,bb_penguins_in_a_table_107,24,0,no,big_bench,37,228
train,bb_penguins_in_a_table_107_rollout_027_prefix_0.json,bb_penguins_in_a_table_107,27,0,yes,big_bench,497,935
train,bb_penguins_in_a_table_116_rollout_000_prefix_1.json,bb_penguins_in_a_table_116,0,1,yes,big_bench,86,279
train,bb_reasoning_about_colored_objects_009_rollout_000_prefix_1.json,bb_reasoning_about_colored_objects_009,0,1,no,big_bench,1019,1392
train,bb_reasoning_about_colored_objects_009_rollout_003_prefix_3.json,bb_reasoning_about_colored_objects_009,3,3,no,big_bench,1105,1573
train,bb_reasoning_about_colored_objects_009_rollout_004_prefix_1.json,bb_reasoning_about_colored_objects_009,4,1,no,big_bench,559,907
train,bb_reasoning_about_colored_objects_009_rollout_005_prefix_2.json,bb_reasoning_about_colored_objects_009,5,2,no,big_bench,532,865
train,bb_reasoning_about_colored_objects_009_rollout_007_prefix_0.json,bb_reasoning_about_colored_objects_009,7,0,no,big_bench,819,1174
train,bb_reasoning_about_colored_objects_009_rollout_009_prefix_0.json,bb_reasoning_about_colored_objects_009,9,0,no,big_bench,370,590
train,bb_reasoning_about_colored_objects_009_rollout_016_prefix_1.json,bb_reasoning_about_colored_objects_009,16,1,no,big_bench,2086,2720
train,bb_reasoning_about_colored_objects_009_rollout_016_prefix_3.json,bb_reasoning_about_colored_objects_009,16,3,no,big_bench,1686,2255
train,bb_reasoning_about_colored_objects_009_rollout_019_prefix_0.json,bb_reasoning_about_colored_objects_009,19,0,yes,big_bench,1922,2489
train,bb_reasoning_about_colored_objects_009_rollout_019_prefix_2.json,bb_reasoning_about_colored_objects_009,19,2,no,big_bench,1647,2164
train,bb_reasoning_about_colored_objects_009_rollout_019_prefix_3.json,bb_reasoning_about_colored_objects_009,19,3,no,big_bench,1447,1934
train,bb_reasoning_about_colored_objects_009_rollout_021_prefix_1.json,bb_reasoning_about_colored_objects_009,21,1,no,big_bench,28,175
train,bb_reasoning_about_colored_objects_009_rollout_025_prefix_0.json,bb_reasoning_about_colored_objects_009,25,0,yes,big_bench,661,941
train,bb_reasoning_about_colored_objects_027_rollout_003_prefix_2.json,bb_reasoning_about_colored_objects_027,3,2,no,big_bench,100,238
train,bb_reasoning_about_colored_objects_027_rollout_027_prefix_1.json,bb_reasoning_about_colored_objects_027,27,1,yes,big_bench,337,581
train,bb_reasoning_about_colored_objects_067_rollout_001_prefix_1.json,bb_reasoning_about_colored_objects_067,1,1,yes,big_bench,242,461
train,bb_reasoning_about_colored_objects_067_rollout_004_prefix_0.json,bb_reasoning_about_colored_objects_067,4,0,no,big_bench,91,269
train,bb_reasoning_about_colored_objects_067_rollout_006_prefix_1.json,bb_reasoning_about_colored_objects_067,6,1,yes,big_bench,233,456
train,bb_reasoning_about_colored_objects_067_rollout_010_prefix_0.json,bb_reasoning_about_colored_objects_067,10,0,yes,big_bench,261,499
train,bb_reasoning_about_colored_objects_067_rollout_013_prefix_1.json,bb_reasoning_about_colored_objects_067,13,1,no,big_bench,106,283
train,bb_reasoning_about_colored_objects_076_rollout_017_prefix_0.json,bb_reasoning_about_colored_objects_076,17,0,yes,big_bench,365,580
train,bb_reasoning_about_colored_objects_076_rollout_021_prefix_1.json,bb_reasoning_about_colored_objects_076,21,1,no,big_bench,22,132
train,bb_reasoning_about_colored_objects_090_rollout_013_prefix_0.json,bb_reasoning_about_colored_objects_090,13,0,yes,big_bench,75,252
train,bb_reasoning_about_colored_objects_090_rollout_027_prefix_0.json,bb_reasoning_about_colored_objects_090,27,0,yes,big_bench,86,264
train,bb_reasoning_about_colored_objects_093_rollout_008_prefix_3.json,bb_reasoning_about_colored_objects_093,8,3,no,big_bench,176,351
train,bb_reasoning_about_colored_objects_093_rollout_014_prefix_0.json,bb_reasoning_about_colored_objects_093,14,0,yes,big_bench,317,552
train,bb_reasoning_about_colored_objects_093_rollout_015_prefix_1.json,bb_reasoning_about_colored_objects_093,15,1,no,big_bench,352,599
train,bb_reasoning_about_colored_objects_093_rollout_023_prefix_0.json,bb_reasoning_about_colored_objects_093,23,0,yes,big_bench,289,519
train,bb_reasoning_about_colored_objects_133_rollout_012_prefix_0.json,bb_reasoning_about_colored_objects_133,12,0,yes,big_bench,1064,1558
train,bb_reasoning_about_colored_objects_133_rollout_019_prefix_3.json,bb_reasoning_about_colored_objects_133,19,3,no,big_bench,380,632
train,bb_reasoning_about_colored_objects_133_rollout_025_prefix_1.json,bb_reasoning_about_colored_objects_133,25,1,yes,big_bench,115,316
train,bb_reasoning_about_colored_objects_138_rollout_008_prefix_4.json,bb_reasoning_about_colored_objects_138,8,4,no,big_bench,34,142
train,bb_reasoning_about_colored_objects_138_rollout_009_prefix_0.json,bb_reasoning_about_colored_objects_138,9,0,yes,big_bench,232,388
train,bb_reasoning_about_colored_objects_138_rollout_010_prefix_1.json,bb_reasoning_about_colored_objects_138,10,1,no,big_bench,855,1154
train,bb_reasoning_about_colored_objects_138_rollout_013_prefix_0.json,bb_reasoning_about_colored_objects_138,13,0,no,big_bench,107,233
train,bb_reasoning_about_colored_objects_138_rollout_022_prefix_0.json,bb_reasoning_about_colored_objects_138,22,0,no,big_bench,124,263
train,bb_reasoning_about_colored_objects_174_rollout_011_prefix_3.json,bb_reasoning_about_colored_objects_174,11,3,no,big_bench,460,743
train,bb_reasoning_about_colored_objects_174_rollout_018_prefix_0.json,bb_reasoning_about_colored_objects_174,18,0,yes,big_bench,808,1247
train,bb_reasoning_about_colored_objects_174_rollout_019_prefix_8.json,bb_reasoning_about_colored_objects_174,19,8,no,big_bench,1686,2364
train,bb_reasoning_about_colored_objects_174_rollout_024_prefix_0.json,bb_reasoning_about_colored_objects_174,24,0,yes,big_bench,214,388
train,bb_reasoning_about_colored_objects_174_rollout_026_prefix_2.json,bb_reasoning_about_colored_objects_174,26,2,no,big_bench,177,331
train,bb_reasoning_about_colored_objects_174_rollout_027_prefix_0.json,bb_reasoning_about_colored_objects_174,27,0,no,big_bench,378,613
train,bb_reasoning_about_colored_objects_174_rollout_028_prefix_2.json,bb_reasoning_about_colored_objects_174,28,2,no,big_bench,177,341
train,bb_reasoning_about_colored_objects_174_rollout_029_prefix_2.json,bb_reasoning_about_colored_objects_174,29,2,no,big_bench,213,380
train,bb_reasoning_about_colored_objects_180_rollout_000_prefix_1.json,bb_reasoning_about_colored_objects_180,0,1,yes,big_bench,305,588
train,bb_reasoning_about_colored_objects_180_rollout_013_prefix_0.json,bb_reasoning_about_colored_objects_180,13,0,no,big_bench,151,339
train,bb_reasoning_about_colored_objects_180_rollout_027_prefix_1.json,bb_reasoning_about_colored_objects_180,27,1,no,big_bench,99,287
train,bb_reasoning_about_colored_objects_185_rollout_000_prefix_1.json,bb_reasoning_about_colored_objects_185,0,1,yes,big_bench,340,567
train,bb_reasoning_about_colored_objects_185_rollout_002_prefix_1.json,bb_reasoning_about_colored_objects_185,2,1,yes,big_bench,939,1296
train,bb_reasoning_about_colored_objects_185_rollout_006_prefix_0.json,bb_reasoning_about_colored_objects_185,6,0,yes,big_bench,315,525
train,bb_reasoning_about_colored_objects_185_rollout_013_prefix_0.json,bb_reasoning_about_colored_objects_185,13,0,no,big_bench,427,683
train,bb_reasoning_about_colored_objects_185_rollout_020_prefix_1.json,bb_reasoning_about_colored_objects_185,20,1,yes,big_bench,1174,1609
train,bb_reasoning_about_colored_objects_212_rollout_002_prefix_0.json,bb_reasoning_about_colored_objects_212,2,0,yes,big_bench,344,529
train,bb_reasoning_about_colored_objects_212_rollout_010_prefix_1.json,bb_reasoning_about_colored_objects_212,10,1,yes,big_bench,235,411
train,bb_reasoning_about_colored_objects_212_rollout_022_prefix_0.json,bb_reasoning_about_colored_objects_212,22,0,yes,big_bench,214,357
train,bb_reasoning_about_colored_objects_212_rollout_028_prefix_0.json,bb_reasoning_about_colored_objects_212,28,0,yes,big_bench,189,335
train,bb_reasoning_about_colored_objects_212_rollout_029_prefix_0.json,bb_reasoning_about_colored_objects_212,29,0,yes,big_bench,220,381
train,bb_reasoning_about_colored_objects_215_rollout_002_prefix_0.json,bb_reasoning_about_colored_objects_215,2,0,yes,big_bench,238,492
train,bb_reasoning_about_colored_objects_215_rollout_015_prefix_0.json,bb_reasoning_about_colored_objects_215,15,0,yes,big_bench,245,497
train,bb_reasoning_about_colored_objects_215_rollout_015_prefix_1.json,bb_reasoning_about_colored_objects_215,15,1,yes,big_bench,235,482
train,bb_reasoning_about_colored_objects_215_rollout_019_prefix_1.json,bb_reasoning_about_colored_objects_215,19,1,yes,big_bench,193,425
train,bb_reasoning_about_colored_objects_215_rollout_026_prefix_0.json,bb_reasoning_about_colored_objects_215,26,0,yes,big_bench,185,409
train,bb_reasoning_about_colored_objects_221_rollout_008_prefix_0.json,bb_reasoning_about_colored_objects_221,8,0,no,big_bench,224,398
train,bb_reasoning_about_colored_objects_221_rollout_010_prefix_0.json,bb_reasoning_about_colored_objects_221,10,0,yes,big_bench,378,581
train,bb_reasoning_about_colored_objects_221_rollout_015_prefix_1.json,bb_reasoning_about_colored_objects_221,15,1,no,big_bench,27,142
train,bb_reasoning_about_colored_objects_245_rollout_000_prefix_1.json,bb_reasoning_about_colored_objects_245,0,1,no,big_bench,1656,2434
train,bb_reasoning_about_colored_objects_245_rollout_008_prefix_0.json,bb_reasoning_about_colored_objects_245,8,0,yes,big_bench,495,802
train,bb_reasoning_about_colored_objects_245_rollout_008_prefix_2.json,bb_reasoning_about_colored_objects_245,8,2,yes,big_bench,465,767
train,bb_ruin_names_006_rollout_001_prefix_0.json,bb_ruin_names_006,1,0,yes,big_bench,267,451
train,bb_ruin_names_006_rollout_006_prefix_0.json,bb_ruin_names_006,6,0,yes,big_bench,358,557
train,bb_ruin_names_006_rollout_006_prefix_2.json,bb_ruin_names_006,6,2,no,big_bench,93,185
train,bb_ruin_names_006_rollout_008_prefix_2.json,bb_ruin_names_006,8,2,no,big_bench,53,143
train,bb_ruin_names_006_rollout_028_prefix_1.json,bb_ruin_names_006,28,1,yes,big_bench,272,483
train,bb_ruin_names_006_rollout_029_prefix_2.json,bb_ruin_names_006,29,2,no,big_bench,148,269
train,bb_ruin_names_027_rollout_009_prefix_0.json,bb_ruin_names_027,9,0,yes,big_bench,304,529
train,bb_ruin_names_027_rollout_010_prefix_1.json,bb_ruin_names_027,10,1,yes,big_bench,516,886
train,bb_ruin_names_027_rollout_012_prefix_0.json,bb_ruin_names_027,12,0,no,big_bench,648,1058
train,bb_ruin_names_027_rollout_017_prefix_1.json,bb_ruin_names_027,17,1,yes,big_bench,426,701
train,bb_ruin_names_027_rollout_018_prefix_1.json,bb_ruin_names_027,18,1,no,big_bench,374,609
train,bb_ruin_names_027_rollout_018_prefix_2.json,bb_ruin_names_027,18,2,no,big_bench,174,305
train,bb_ruin_names_027_rollout_021_prefix_0.json,bb_ruin_names_027,21,0,yes,big_bench,383,670
train,bb_ruin_names_027_rollout_022_prefix_0.json,bb_ruin_names_027,22,0,yes,big_bench,535,896
train,bb_ruin_names_043_rollout_003_prefix_0.json,bb_ruin_names_043,3,0,no,big_bench,61,172
train,bb_ruin_names_043_rollout_004_prefix_1.json,bb_ruin_names_043,4,1,no,big_bench,43,140
train,bb_ruin_names_043_rollout_008_prefix_1.json,bb_ruin_names_043,8,1,yes,big_bench,282,506
train,bb_ruin_names_043_rollout_015_prefix_1.json,bb_ruin_names_043,15,1,yes,big_bench,588,903
train,bb_ruin_names_043_rollout_017_prefix_0.json,bb_ruin_names_043,17,0,yes,big_bench,335,573
train,bb_ruin_names_043_rollout_029_prefix_0.json,bb_ruin_names_043,29,0,yes,big_bench,379,627
train,bb_ruin_names_047_rollout_003_prefix_0.json,bb_ruin_names_047,3,0,no,big_bench,152,258
train,bb_ruin_names_047_rollout_009_prefix_0.json,bb_ruin_names_047,9,0,yes,big_bench,342,568
train,bb_ruin_names_051_rollout_023_prefix_0.json,bb_ruin_names_051,23,0,no,big_bench,53,140
train,bb_ruin_names_051_rollout_026_prefix_1.json,bb_ruin_names_051,26,1,yes,big_bench,214,342
train,bb_ruin_names_051_rollout_027_prefix_0.json,bb_ruin_names_051,27,0,no,big_bench,62,147
train,bb_ruin_names_054_rollout_003_prefix_0.json,bb_ruin_names_054,3,0,no,big_bench,82,179
train,bb_ruin_names_054_rollout_006_prefix_0.json,bb_ruin_names_054,6,0,yes,big_bench,437,676
train,bb_ruin_names_054_rollout_008_prefix_2.json,bb_ruin_names_054,8,2,no,big_bench,175,302
train,bb_ruin_names_054_rollout_020_prefix_0.json,bb_ruin_names_054,20,0,no,big_bench,128,249
train,bb_ruin_names_054_rollout_023_prefix_1.json,bb_ruin_names_054,23,1,yes,big_bench,947,1342
train,bb_ruin_names_077_rollout_021_prefix_1.json,bb_ruin_names_077,21,1,no,big_bench,161,295
train,bb_ruin_names_077_rollout_026_prefix_0.json,bb_ruin_names_077,26,0,no,big_bench,69,166
train,bb_ruin_names_077_rollout_028_prefix_0.json,bb_ruin_names_077,28,0,yes,big_bench,505,794
train,bb_ruin_names_091_rollout_003_prefix_1.json,bb_ruin_names_091,3,1,no,big_bench,101,198
train,bb_ruin_names_091_rollout_005_prefix_1.json,bb_ruin_names_091,5,1,yes,big_bench,430,643
train,bb_ruin_names_091_rollout_015_prefix_0.json,bb_ruin_names_091,15,0,yes,big_bench,494,740
train,bb_ruin_names_109_rollout_000_prefix_0.json,bb_ruin_names_109,0,0,yes,big_bench,321,548
train,bb_ruin_names_114_rollout_003_prefix_1.json,bb_ruin_names_114,3,1,yes,big_bench,339,554
train,bb_ruin_names_114_rollout_004_prefix_1.json,bb_ruin_names_114,4,1,yes,big_bench,253,419
train,bb_ruin_names_114_rollout_008_prefix_1.json,bb_ruin_names_114,8,1,no,big_bench,585,895
train,bb_ruin_names_114_rollout_020_prefix_0.json,bb_ruin_names_114,20,0,no,big_bench,143,267
train,bb_ruin_names_114_rollout_022_prefix_1.json,bb_ruin_names_114,22,1,no,big_bench,116,211
train,bb_ruin_names_155_rollout_010_prefix_1.json,bb_ruin_names_155,10,1,yes,big_bench,386,622
train,bb_ruin_names_155_rollout_029_prefix_0.json,bb_ruin_names_155,29,0,yes,big_bench,254,445
train,bb_ruin_names_181_rollout_007_prefix_0.json,bb_ruin_names_181,7,0,yes,big_bench,437,706
train,bb_ruin_names_181_rollout_015_prefix_0.json,bb_ruin_names_181,15,0,yes,big_bench,227,381
train,bb_ruin_names_181_rollout_019_prefix_0.json,bb_ruin_names_181,19,0,no,big_bench,250,410
train,bb_ruin_names_181_rollout_025_prefix_0.json,bb_ruin_names_181,25,0,yes,big_bench,492,786
train,bb_ruin_names_214_rollout_007_prefix_0.json,bb_ruin_names_214,7,0,yes,big_bench,351,567
train,bb_ruin_names_214_rollout_014_prefix_0.json,bb_ruin_names_214,14,0,yes,big_bench,478,749
train,bb_ruin_names_214_rollout_017_prefix_0.json,bb_ruin_names_214,17,0,yes,big_bench,299,478
train,bb_ruin_names_214_rollout_027_prefix_0.json,bb_ruin_names_214,27,0,no,big_bench,366,614
train,bb_ruin_names_221_rollout_012_prefix_0.json,bb_ruin_names_221,12,0,no,big_bench,147,276
train,bb_ruin_names_221_rollout_019_prefix_0.json,bb_ruin_names_221,19,0,yes,big_bench,413,626
train,bb_ruin_names_221_rollout_020_prefix_0.json,bb_ruin_names_221,20,0,yes,big_bench,416,630
train,bb_ruin_names_221_rollout_022_prefix_1.json,bb_ruin_names_221,22,1,yes,big_bench,224,383
train,bb_ruin_names_221_rollout_028_prefix_0.json,bb_ruin_names_221,28,0,yes,big_bench,576,828
train,bb_ruin_names_221_rollout_028_prefix_2.json,bb_ruin_names_221,28,2,no,big_bench,321,508
train,bb_ruin_names_232_rollout_003_prefix_0.json,bb_ruin_names_232,3,0,yes,big_bench,421,652
train,bb_ruin_names_232_rollout_016_prefix_0.json,bb_ruin_names_232,16,0,yes,big_bench,262,432
train,bb_ruin_names_232_rollout_019_prefix_1.json,bb_ruin_names_232,19,1,no,big_bench,254,426
train,bb_snarks_014_rollout_013_prefix_2.json,bb_snarks_014,13,2,no,big_bench,140,250
train,bb_snarks_014_rollout_015_prefix_0.json,bb_snarks_014,15,0,yes,big_bench,398,585
train,bb_snarks_014_rollout_018_prefix_0.json,bb_snarks_014,18,0,no,big_bench,57,148
train,bb_snarks_014_rollout_020_prefix_0.json,bb_snarks_014,20,0,yes,big_bench,431,609
train,bb_snarks_014_rollout_024_prefix_0.json,bb_snarks_014,24,0,yes,big_bench,343,503
train,bb_snarks_026_rollout_002_prefix_0.json,bb_snarks_026,2,0,yes,big_bench,343,517
train,bb_snarks_026_rollout_003_prefix_1.json,bb_snarks_026,3,1,no,big_bench,120,232
train,bb_snarks_026_rollout_013_prefix_0.json,bb_snarks_026,13,0,no,big_bench,47,137
train,bb_snarks_026_rollout_020_prefix_1.json,bb_snarks_026,20,1,no,big_bench,218,359
train,bb_snarks_026_rollout_023_prefix_2.json,bb_snarks_026,23,2,no,big_bench,220,364
train,bb_snarks_026_rollout_028_prefix_0.json,bb_snarks_026,28,0,yes,big_bench,243,395
train,bb_snarks_037_rollout_018_prefix_0.json,bb_snarks_037,18,0,yes,big_bench,249,408
train,bb_snarks_037_rollout_021_prefix_1.json,bb_snarks_037,21,1,yes,big_bench,302,477
train,bb_snarks_037_rollout_025_prefix_0.json,bb_snarks_037,25,0,yes,big_bench,230,384
train,bb_snarks_037_rollout_029_prefix_1.json,bb_snarks_037,29,1,yes,big_bench,256,410
train,bb_snarks_047_rollout_002_prefix_0.json,bb_snarks_047,2,0,yes,big_bench,328,468
train,bb_snarks_047_rollout_006_prefix_0.json,bb_snarks_047,6,0,yes,big_bench,449,601
train,bb_snarks_047_rollout_014_prefix_1.json,bb_snarks_047,14,1,no,big_bench,50,132
train,bb_snarks_047_rollout_022_prefix_0.json,bb_snarks_047,22,0,yes,big_bench,513,674
train,bb_snarks_055_rollout_000_prefix_1.json,bb_snarks_055,0,1,yes,big_bench,275,399
train,bb_snarks_064_rollout_000_prefix_0.json,bb_snarks_064,0,0,yes,big_bench,497,690
train,bb_snarks_064_rollout_005_prefix_1.json,bb_snarks_064,5,1,yes,big_bench,272,413
train,bb_snarks_064_rollout_010_prefix_1.json,bb_snarks_064,10,1,no,big_bench,444,610
train,bb_snarks_064_rollout_012_prefix_0.json,bb_snarks_064,12,0,yes,big_bench,260,394
train,bb_snarks_064_rollout_015_prefix_0.json,bb_snarks_064,15,0,no,big_bench,324,469
train,bb_snarks_064_rollout_025_prefix_0.json,bb_snarks_064,25,0,yes,big_bench,272,407
train,bb_snarks_064_rollout_027_prefix_0.json,bb_snarks_064,27,0,yes,big_bench,580,813
train,bb_snarks_081_rollout_009_prefix_0.json,bb_snarks_081,9,0,no,big_bench,284,390
train,bb_snarks_081_rollout_010_prefix_2.json,bb_snarks_081,10,2,no,big_bench,654,839
train,bb_snarks_081_rollout_026_prefix_0.json,bb_snarks_081,26,0,yes,big_bench,376,521
train,bb_snarks_096_rollout_001_prefix_0.json,bb_snarks_096,1,0,yes,big_bench,293,435
train,bb_snarks_096_rollout_011_prefix_1.json,bb_snarks_096,11,1,no,big_bench,451,630
train,bb_snarks_096_rollout_011_prefix_2.json,bb_snarks_096,11,2,no,big_bench,51,130
train,bb_snarks_099_rollout_001_prefix_0.json,bb_snarks_099,1,0,yes,big_bench,345,501
train,bb_snarks_099_rollout_002_prefix_0.json,bb_snarks_099,2,0,yes,big_bench,402,566
train,bb_snarks_099_rollout_008_prefix_0.json,bb_snarks_099,8,0,yes,big_bench,384,560
train,bb_snarks_099_rollout_008_prefix_1.json,bb_snarks_099,8,1,no,big_bench,129,230
train,bb_snarks_099_rollout_029_prefix_0.json,bb_snarks_099,29,0,yes,big_bench,426,596
train,bb_snarks_121_rollout_002_prefix_0.json,bb_snarks_121,2,0,no,big_bench,609,865
train,bb_snarks_121_rollout_003_prefix_0.json,bb_snarks_121,3,0,yes,big_bench,297,454
train,bb_snarks_121_rollout_003_prefix_1.json,bb_snarks_121,3,1,yes,big_bench,287,441
train,bb_snarks_121_rollout_016_prefix_4.json,bb_snarks_121,16,4,no,big_bench,219,335
train,bb_snarks_121_rollout_028_prefix_1.json,bb_snarks_121,28,1,yes,big_bench,337,484
train,bb_snarks_124_rollout_002_prefix_2.json,bb_snarks_124,2,2,no,big_bench,63,141
train,bb_snarks_124_rollout_012_prefix_2.json,bb_snarks_124,12,2,no,big_bench,57,124
train,bb_snarks_124_rollout_024_prefix_0.json,bb_snarks_124,24,0,no,big_bench,402,556
train,bb_snarks_128_rollout_000_prefix_2.json,bb_snarks_128,0,2,yes,big_bench,251,395
train,bb_snarks_128_rollout_003_prefix_0.json,bb_snarks_128,3,0,yes,big_bench,648,885
train,bb_snarks_128_rollout_005_prefix_1.json,bb_snarks_128,5,1,no,big_bench,461,635
train,bb_snarks_128_rollout_005_prefix_2.json,bb_snarks_128,5,2,no,big_bench,261,386
train,bb_snarks_128_rollout_013_prefix_1.json,bb_snarks_128,13,1,no,big_bench,161,272
train,bb_snarks_128_rollout_027_prefix_0.json,bb_snarks_128,27,0,yes,big_bench,1471,1994
train,bb_snarks_128_rollout_028_prefix_2.json,bb_snarks_128,28,2,yes,big_bench,275,439
train,bb_snarks_128_rollout_029_prefix_1.json,bb_snarks_128,29,1,yes,big_bench,1088,1419
train,bb_snarks_146_rollout_008_prefix_2.json,bb_snarks_146,8,2,no,big_bench,183,284
train,bb_snarks_146_rollout_009_prefix_0.json,bb_snarks_146,9,0,yes,big_bench,538,732
train,bb_snarks_150_rollout_015_prefix_3.json,bb_snarks_150,15,3,no,big_bench,234,359
train,bb_snarks_150_rollout_022_prefix_2.json,bb_snarks_150,22,2,no,big_bench,447,620
train,bb_snarks_150_rollout_026_prefix_1.json,bb_snarks_150,26,1,yes,big_bench,277,407
train,bb_snarks_158_rollout_000_prefix_3.json,bb_snarks_158,0,3,no,big_bench,82,177
train,bb_snarks_158_rollout_009_prefix_0.json,bb_snarks_158,9,0,yes,big_bench,257,398
train,bb_snarks_158_rollout_011_prefix_0.json,bb_snarks_158,11,0,yes,big_bench,431,628
train,bb_snarks_158_rollout_013_prefix_0.json,bb_snarks_158,13,0,yes,big_bench,347,529
train,bb_snarks_158_rollout_022_prefix_1.json,bb_snarks_158,22,1,no,big_bench,180,315
train,bb_snarks_158_rollout_025_prefix_2.json,bb_snarks_158,25,2,no,big_bench,25,103
train,bb_snarks_158_rollout_027_prefix_2.json,bb_snarks_158,27,2,no,big_bench,147,263
train,bb_snarks_172_rollout_005_prefix_0.json,bb_snarks_172,5,0,yes,big_bench,489,659
train,bb_snarks_172_rollout_005_prefix_1.json,bb_snarks_172,5,1,yes,big_bench,469,637
train,bb_snarks_172_rollout_014_prefix_2.json,bb_snarks_172,14,2,no,big_bench,23,84
train,bb_snarks_172_rollout_021_prefix_1.json,bb_snarks_172,21,1,yes,big_bench,234,335
train,bb_snarks_172_rollout_028_prefix_1.json,bb_snarks_172,28,1,yes,big_bench,310,453
train,bb_sports_understanding_013_rollout_000_prefix_2.json,bb_sports_understanding_013,0,2,no,big_bench,125,204
train,bb_sports_understanding_013_rollout_017_prefix_2.json,bb_sports_understanding_013,17,2,yes,big_bench,310,454
train,bb_sports_understanding_013_rollout_018_prefix_1.json,bb_sports_understanding_013,18,1,yes,big_bench,370,503
train,bb_sports_understanding_013_rollout_028_prefix_1.json,bb_sports_understanding_013,28,1,yes,big_bench,291,427
train,bb_sports_understanding_035_rollout_002_prefix_0.json,bb_sports_understanding_035,2,0,yes,big_bench,227,325
train,bb_sports_understanding_035_rollout_018_prefix_0.json,bb_sports_understanding_035,18,0,yes,big_bench,217,312
train,bb_sports_understanding_038_rollout_008_prefix_0.json,bb_sports_understanding_038,8,0,no,big_bench,367,495
train,bb_sports_understanding_038_rollout_015_prefix_0.json,bb_sports_understanding_038,15,0,yes,big_bench,485,636
train,bb_sports_understanding_038_rollout_027_prefix_0.json,bb_sports_understanding_038,27,0,yes,big_bench,516,690
train,bb_sports_understanding_056_rollout_026_prefix_1.json,bb_sports_understanding_056,26,1,no,big_bench,31,75
train,bb_sports_understanding_093_rollout_006_prefix_0.json,bb_sports_understanding_093,6,0,yes,big_bench,508,736
train,bb_sports_understanding_093_rollout_006_prefix_2.json,bb_sports_understanding_093,6,2,no,big_bench,243,379
train,bb_sports_understanding_093_rollout_014_prefix_2.json,bb_sports_understanding_093,14,2,no,big_bench,54,112
train,bb_sports_understanding_093_rollout_028_prefix_0.json,bb_sports_understanding_093,28,0,yes,big_bench,397,583
train,bb_sports_understanding_102_rollout_006_prefix_0.json,bb_sports_understanding_102,6,0,yes,big_bench,426,533
train,bb_sports_understanding_102_rollout_018_prefix_1.json,bb_sports_understanding_102,18,1,no,big_bench,345,433
train,bb_sports_understanding_102_rollout_026_prefix_1.json,bb_sports_understanding_102,26,1,yes,big_bench,235,308
train,bb_sports_understanding_114_rollout_000_prefix_0.json,bb_sports_understanding_114,0,0,no,big_bench,154,223
train,bb_sports_understanding_114_rollout_020_prefix_1.json,bb_sports_understanding_114,20,1,yes,big_bench,257,359
train,bb_sports_understanding_127_rollout_008_prefix_2.json,bb_sports_understanding_127,8,2,no,big_bench,21,63
train,bb_sports_understanding_127_rollout_022_prefix_0.json,bb_sports_understanding_127,22,0,yes,big_bench,354,487
train,bb_sports_understanding_129_rollout_005_prefix_1.json,bb_sports_understanding_129,5,1,yes,big_bench,628,817
train,bb_sports_understanding_129_rollout_008_prefix_1.json,bb_sports_understanding_129,8,1,no,big_bench,133,204
train,bb_sports_understanding_137_rollout_012_prefix_1.json,bb_sports_understanding_137,12,1,yes,big_bench,250,366
train,bb_sports_understanding_137_rollout_016_prefix_0.json,bb_sports_understanding_137,16,0,yes,big_bench,382,546
train,bb_sports_understanding_137_rollout_027_prefix_1.json,bb_sports_understanding_137,27,1,yes,big_bench,428,608
train,bb_sports_understanding_168_rollout_004_prefix_1.json,bb_sports_understanding_168,4,1,yes,big_bench,275,374
train,bb_sports_understanding_168_rollout_012_prefix_0.json,bb_sports_understanding_168,12,0,yes,big_bench,337,465
train,bb_sports_understanding_168_rollout_012_prefix_1.json,bb_sports_understanding_168,12,1,no,big_bench,62,120
train,bb_sports_understanding_168_rollout_026_prefix_0.json,bb_sports_understanding_168,26,0,yes,big_bench,350,475
train,bb_sports_understanding_168_rollout_026_prefix_1.json,bb_sports_understanding_168,26,1,no,big_bench,75,135
train,bb_sports_understanding_168_rollout_027_prefix_1.json,bb_sports_understanding_168,27,1,no,big_bench,265,366
train,bb_sports_understanding_204_rollout_001_prefix_0.json,bb_sports_understanding_204,1,0,no,big_bench,471,619
train,bb_sports_understanding_204_rollout_006_prefix_0.json,bb_sports_understanding_204,6,0,yes,big_bench,379,485
train,bb_sports_understanding_204_rollout_012_prefix_2.json,bb_sports_understanding_204,12,2,no,big_bench,44,92
train,bb_sports_understanding_204_rollout_014_prefix_1.json,bb_sports_understanding_204,14,1,yes,big_bench,506,649
train,bb_sports_understanding_204_rollout_016_prefix_0.json,bb_sports_understanding_204,16,0,yes,big_bench,660,841
train,bb_sports_understanding_204_rollout_018_prefix_1.json,bb_sports_understanding_204,18,1,yes,big_bench,555,706
train,bb_sports_understanding_204_rollout_026_prefix_0.json,bb_sports_understanding_204,26,0,yes,big_bench,565,729
train,bb_sports_understanding_221_rollout_002_prefix_0.json,bb_sports_understanding_221,2,0,yes,big_bench,365,489
train,bb_sports_understanding_221_rollout_002_prefix_3.json,bb_sports_understanding_221,2,3,yes,big_bench,335,448
train,bb_sports_understanding_221_rollout_006_prefix_0.json,bb_sports_understanding_221,6,0,no,big_bench,32,83
train,bb_sports_understanding_221_rollout_023_prefix_1.json,bb_sports_understanding_221,23,1,yes,big_bench,316,425
train,bb_sports_understanding_231_rollout_015_prefix_0.json,bb_sports_understanding_231,15,0,yes,big_bench,490,650
train,bb_sports_understanding_231_rollout_017_prefix_1.json,bb_sports_understanding_231,17,1,yes,big_bench,675,897
train,bb_sports_understanding_231_rollout_022_prefix_1.json,bb_sports_understanding_231,22,1,no,big_bench,185,276
train,bb_sports_understanding_231_rollout_024_prefix_1.json,bb_sports_understanding_231,24,1,no,big_bench,237,342
train,bb_sports_understanding_238_rollout_010_prefix_1.json,bb_sports_understanding_238,10,1,no,big_bench,83,140
train,bb_sports_understanding_238_rollout_013_prefix_0.json,bb_sports_understanding_238,13,0,yes,big_bench,607,776
train,bb_sports_understanding_238_rollout_019_prefix_1.json,bb_sports_understanding_238,19,1,yes,big_bench,376,490
train,bb_sports_understanding_238_rollout_023_prefix_0.json,bb_sports_understanding_238,23,0,yes,big_bench,336,429
train,bb_sports_understanding_238_rollout_023_prefix_1.json,bb_sports_understanding_238,23,1,yes,big_bench,316,406
train,bb_temporal_sequences_020_rollout_002_prefix_0.json,bb_temporal_sequences_020,2,0,yes,big_bench,433,837
train,bb_temporal_sequences_020_rollout_007_prefix_2.json,bb_temporal_sequences_020,7,2,no,big_bench,1362,2336
train,bb_temporal_sequences_020_rollout_010_prefix_1.json,bb_temporal_sequences_020,10,1,yes,big_bench,360,744
train,bb_temporal_sequences_020_rollout_017_prefix_0.json,bb_temporal_sequences_020,17,0,no,big_bench,334,657
train,bb_temporal_sequences_020_rollout_019_prefix_0.json,bb_temporal_sequences_020,19,0,yes,big_bench,408,813
train,bb_temporal_sequences_020_rollout_020_prefix_1.json,bb_temporal_sequences_020,20,1,no,big_bench,113,334
train,bb_temporal_sequences_039_rollout_003_prefix_1.json,bb_temporal_sequences_039,3,1,no,big_bench,300,639
train,bb_temporal_sequences_039_rollout_022_prefix_1.json,bb_temporal_sequences_039,22,1,no,big_bench,80,306
train,bb_temporal_sequences_039_rollout_028_prefix_1.json,bb_temporal_sequences_039,28,1,yes,big_bench,302,627
train,bb_temporal_sequences_059_rollout_000_prefix_1.json,bb_temporal_sequences_059,0,1,no,big_bench,40,244
train,bb_temporal_sequences_059_rollout_001_prefix_0.json,bb_temporal_sequences_059,1,0,yes,big_bench,479,887
train,bb_temporal_sequences_059_rollout_008_prefix_3.json,bb_temporal_sequences_059,8,3,no,big_bench,100,324
train,bb_temporal_sequences_059_rollout_011_prefix_1.json,bb_temporal_sequences_059,11,1,yes,big_bench,383,728
train,bb_temporal_sequences_059_rollout_012_prefix_0.json,bb_temporal_sequences_059,12,0,yes,big_bench,774,1323
train,bb_temporal_sequences_059_rollout_017_prefix_0.json,bb_temporal_sequences_059,17,0,yes,big_bench,420,747
train,bb_temporal_sequences_069_rollout_006_prefix_0.json,bb_temporal_sequences_069,6,0,yes,big_bench,439,843
train,bb_temporal_sequences_069_rollout_028_prefix_1.json,bb_temporal_sequences_069,28,1,yes,big_bench,301,666
train,bb_temporal_sequences_076_rollout_026_prefix_0.json,bb_temporal_sequences_076,26,0,yes,big_bench,436,836
train,bb_temporal_sequences_076_rollout_027_prefix_2.json,bb_temporal_sequences_076,27,2,no,big_bench,158,440
train,bb_temporal_sequences_096_rollout_006_prefix_2.json,bb_temporal_sequences_096,6,2,yes,big_bench,447,871
train,bb_temporal_sequences_096_rollout_010_prefix_0.json,bb_temporal_sequences_096,10,0,yes,big_bench,523,1047
train,bb_temporal_sequences_096_rollout_010_prefix_3.json,bb_temporal_sequences_096,10,3,no,big_bench,48,257
train,bb_temporal_sequences_096_rollout_019_prefix_0.json,bb_temporal_sequences_096,19,0,yes,big_bench,743,1284
train,bb_temporal_sequences_096_rollout_024_prefix_0.json,bb_temporal_sequences_096,24,0,yes,big_bench,420,822
train,bb_temporal_sequences_096_rollout_025_prefix_0.json,bb_temporal_sequences_096,25,0,yes,big_bench,409,813
train,bb_temporal_sequences_096_rollout_029_prefix_0.json,bb_temporal_sequences_096,29,0,yes,big_bench,281,623
train,bb_temporal_sequences_117_rollout_023_prefix_0.json,bb_temporal_sequences_117,23,0,no,big_bench,169,435
train,bb_temporal_sequences_117_rollout_025_prefix_0.json,bb_temporal_sequences_117,25,0,no,big_bench,82,302
train,bb_temporal_sequences_120_rollout_011_prefix_0.json,bb_temporal_sequences_120,11,0,yes,big_bench,576,1134
train,bb_temporal_sequences_120_rollout_012_prefix_0.json,bb_temporal_sequences_120,12,0,yes,big_bench,517,1020
train,bb_temporal_sequences_129_rollout_003_prefix_1.json,bb_temporal_sequences_129,3,1,yes,big_bench,393,805
train,bb_temporal_sequences_129_rollout_012_prefix_0.json,bb_temporal_sequences_129,12,0,yes,big_bench,469,929
train,bb_temporal_sequences_129_rollout_016_prefix_0.json,bb_temporal_sequences_129,16,0,yes,big_bench,493,929
train,bb_temporal_sequences_141_rollout_000_prefix_1.json,bb_temporal_sequences_141,0,1,no,big_bench,326,648
train,bb_temporal_sequences_141_rollout_001_prefix_0.json,bb_temporal_sequences_141,1,0,yes,big_bench,520,940
train,bb_temporal_sequences_141_rollout_001_prefix_1.json,bb_temporal_sequences_141,1,1,no,big_bench,265,564
train,bb_temporal_sequences_141_rollout_004_prefix_0.json,bb_temporal_sequences_141,4,0,yes,big_bench,273,577
train,bb_temporal_sequences_141_rollout_012_prefix_1.json,bb_temporal_sequences_141,12,1,no,big_bench,45,219
train,bb_temporal_sequences_141_rollout_018_prefix_2.json,bb_temporal_sequences_141,18,2,no,big_bench,61,238
train,bb_temporal_sequences_170_rollout_002_prefix_0.json,bb_temporal_sequences_170,2,0,yes,big_bench,571,1047
train,bb_temporal_sequences_170_rollout_022_prefix_0.json,bb_temporal_sequences_170,22,0,no,big_bench,116,373
train,bb_temporal_sequences_170_rollout_025_prefix_4.json,bb_temporal_sequences_170,25,4,no,big_bench,21,210
train,bb_temporal_sequences_170_rollout_026_prefix_0.json,bb_temporal_sequences_170,26,0,yes,big_bench,395,719
train,bb_temporal_sequences_173_rollout_009_prefix_0.json,bb_temporal_sequences_173,9,0,yes,big_bench,291,626
train,bb_temporal_sequences_173_rollout_014_prefix_0.json,bb_temporal_sequences_173,14,0,yes,big_bench,462,870
train,bb_temporal_sequences_173_rollout_023_prefix_1.json,bb_temporal_sequences_173,23,1,no,big_bench,28,199
train,bb_temporal_sequences_173_rollout_025_prefix_0.json,bb_temporal_sequences_173,25,0,yes,big_bench,292,587
train,bb_temporal_sequences_173_rollout_028_prefix_0.json,bb_temporal_sequences_173,28,0,yes,big_bench,274,570
train,bb_temporal_sequences_176_rollout_004_prefix_0.json,bb_temporal_sequences_176,4,0,yes,big_bench,316,615
train,bb_temporal_sequences_176_rollout_009_prefix_1.json,bb_temporal_sequences_176,9,1,no,big_bench,251,520
train,bb_temporal_sequences_176_rollout_010_prefix_0.json,bb_temporal_sequences_176,10,0,no,big_bench,80,266
train,bb_temporal_sequences_176_rollout_014_prefix_0.json,bb_temporal_sequences_176,14,0,yes,big_bench,343,622
train,bb_temporal_sequences_176_rollout_027_prefix_3.json,bb_temporal_sequences_176,27,3,no,big_bench,100,298
train,bb_temporal_sequences_232_rollout_010_prefix_1.json,bb_temporal_sequences_232,10,1,no,big_bench,166,445
train,bb_temporal_sequences_232_rollout_019_prefix_0.json,bb_temporal_sequences_232,19,0,no,big_bench,257,593
train,bb_temporal_sequences_232_rollout_025_prefix_2.json,bb_temporal_sequences_232,25,2,no,big_bench,126,381
train,bb_temporal_sequences_236_rollout_001_prefix_0.json,bb_temporal_sequences_236,1,0,yes,big_bench,921,1451
train,bb_temporal_sequences_236_rollout_001_prefix_1.json,bb_temporal_sequences_236,1,1,no,big_bench,646,1033
train,bb_temporal_sequences_236_rollout_003_prefix_0.json,bb_temporal_sequences_236,3,0,no,big_bench,399,755
train,bb_temporal_sequences_236_rollout_024_prefix_0.json,bb_temporal_sequences_236,24,0,no,big_bench,118,334
train,bb_temporal_sequences_236_rollout_026_prefix_0.json,bb_temporal_sequences_236,26,0,yes,big_bench,483,839
train,bb_temporal_sequences_240_rollout_000_prefix_1.json,bb_temporal_sequences_240,0,1,yes,big_bench,592,1095
train,bb_temporal_sequences_240_rollout_002_prefix_0.json,bb_temporal_sequences_240,2,0,yes,big_bench,476,942
train,bb_temporal_sequences_240_rollout_010_prefix_0.json,bb_temporal_sequences_240,10,0,yes,big_bench,498,947
train,bb_temporal_sequences_240_rollout_021_prefix_2.json,bb_temporal_sequences_240,21,2,no,big_bench,104,340
train,bb_temporal_sequences_240_rollout_029_prefix_1.json,bb_temporal_sequences_240,29,1,yes,big_bench,322,699
train,bb_tracking_shuffled_objects_five_objects_006_rollout_011_prefix_0.json,bb_tracking_shuffled_objects_five_objects_006,11,0,yes,big_bench,417,746
train,bb_tracking_shuffled_objects_five_objects_019_rollout_008_prefix_0.json,bb_tracking_shuffled_objects_five_objects_019,8,0,yes,big_bench,298,532
train,bb_tracking_shuffled_objects_five_objects_019_rollout_013_prefix_1.json,bb_tracking_shuffled_objects_five_objects_019,13,1,no,big_bench,335,595
train,bb_tracking_shuffled_objects_five_objects_019_rollout_022_prefix_0.json,bb_tracking_shuffled_objects_five_objects_019,22,0,yes,big_bench,512,863
train,bb_tracking_shuffled_objects_five_objects_041_rollout_002_prefix_1.json,bb_tracking_shuffled_objects_five_objects_041,2,1,yes,big_bench,1064,1665
train,bb_tracking_shuffled_objects_five_objects_041_rollout_010_prefix_1.json,bb_tracking_shuffled_objects_five_objects_041,10,1,no,big_bench,450,816
train,bb_tracking_shuffled_objects_five_objects_041_rollout_021_prefix_1.json,bb_tracking_shuffled_objects_five_objects_041,21,1,no,big_bench,58,265
train,bb_tracking_shuffled_objects_five_objects_066_rollout_004_prefix_3.json,bb_tracking_shuffled_objects_five_objects_066,4,3,no,big_bench,433,737
train,bb_tracking_shuffled_objects_five_objects_066_rollout_009_prefix_0.json,bb_tracking_shuffled_objects_five_objects_066,9,0,yes,big_bench,421,789
train,bb_tracking_shuffled_objects_five_objects_066_rollout_014_prefix_0.json,bb_tracking_shuffled_objects_five_objects_066,14,0,yes,big_bench,708,1190
train,bb_tracking_shuffled_objects_five_objects_066_rollout_017_prefix_0.json,bb_tracking_shuffled_objects_five_objects_066,17,0,yes,big_bench,744,1135
train,bb_tracking_shuffled_objects_five_objects_066_rollout_021_prefix_0.json,bb_tracking_shuffled_objects_five_objects_066,21,0,yes,big_bench,744,1167
train,bb_tracking_shuffled_objects_five_objects_066_rollout_022_prefix_1.json,bb_tracking_shuffled_objects_five_objects_066,22,1,no,big_bench,79,279
train,bb_tracking_shuffled_objects_five_objects_066_rollout_026_prefix_1.json,bb_tracking_shuffled_objects_five_objects_066,26,1,no,big_bench,267,524
train,bb_tracking_shuffled_objects_five_objects_066_rollout_029_prefix_0.json,bb_tracking_shuffled_objects_five_objects_066,29,0,no,big_bench,437,736
train,bb_tracking_shuffled_objects_five_objects_077_rollout_006_prefix_2.json,bb_tracking_shuffled_objects_five_objects_077,6,2,no,big_bench,428,723
train,bb_tracking_shuffled_objects_five_objects_077_rollout_008_prefix_0.json,bb_tracking_shuffled_objects_five_objects_077,8,0,yes,big_bench,711,1141
train,bb_tracking_shuffled_objects_five_objects_077_rollout_008_prefix_2.json,bb_tracking_shuffled_objects_five_objects_077,8,2,no,big_bench,236,477
train,bb_tracking_shuffled_objects_five_objects_077_rollout_014_prefix_0.json,bb_tracking_shuffled_objects_five_objects_077,14,0,no,big_bench,235,472
train,bb_tracking_shuffled_objects_five_objects_077_rollout_022_prefix_0.json,bb_tracking_shuffled_objects_five_objects_077,22,0,yes,big_bench,1010,1509
train,bb_tracking_shuffled_objects_five_objects_099_rollout_004_prefix_0.json,bb_tracking_shuffled_objects_five_objects_099,4,0,yes,big_bench,438,752
train,bb_tracking_shuffled_objects_five_objects_099_rollout_010_prefix_2.json,bb_tracking_shuffled_objects_five_objects_099,10,2,no,big_bench,166,386
train,bb_tracking_shuffled_objects_five_objects_099_rollout_017_prefix_1.json,bb_tracking_shuffled_objects_five_objects_099,17,1,no,big_bench,55,251
train,bb_tracking_shuffled_objects_five_objects_099_rollout_026_prefix_0.json,bb_tracking_shuffled_objects_five_objects_099,26,0,yes,big_bench,472,813
train,bb_tracking_shuffled_objects_five_objects_125_rollout_007_prefix_0.json,bb_tracking_shuffled_objects_five_objects_125,7,0,yes,big_bench,591,972
train,bb_tracking_shuffled_objects_five_objects_128_rollout_012_prefix_1.json,bb_tracking_shuffled_objects_five_objects_128,12,1,yes,big_bench,679,1107
train,bb_tracking_shuffled_objects_five_objects_128_rollout_017_prefix_1.json,bb_tracking_shuffled_objects_five_objects_128,17,1,no,big_bench,106,326
train,bb_tracking_shuffled_objects_five_objects_128_rollout_024_prefix_0.json,bb_tracking_shuffled_objects_five_objects_128,24,0,yes,big_bench,467,791
train,bb_tracking_shuffled_objects_five_objects_128_rollout_029_prefix_1.json,bb_tracking_shuffled_objects_five_objects_128,29,1,no,big_bench,186,421
train,bb_tracking_shuffled_objects_five_objects_139_rollout_007_prefix_0.json,bb_tracking_shuffled_objects_five_objects_139,7,0,no,big_bench,186,398
train,bb_tracking_shuffled_objects_five_objects_139_rollout_014_prefix_0.json,bb_tracking_shuffled_objects_five_objects_139,14,0,yes,big_bench,364,654
train,bb_tracking_shuffled_objects_five_objects_139_rollout_026_prefix_0.json,bb_tracking_shuffled_objects_five_objects_139,26,0,yes,big_bench,426,743
train,bb_tracking_shuffled_objects_five_objects_139_rollout_029_prefix_2.json,bb_tracking_shuffled_objects_five_objects_139,29,2,no,big_bench,354,670
train,bb_tracking_shuffled_objects_five_objects_139_rollout_029_prefix_3.json,bb_tracking_shuffled_objects_five_objects_139,29,3,no,big_bench,154,346
train,bb_tracking_shuffled_objects_five_objects_175_rollout_013_prefix_1.json,bb_tracking_shuffled_objects_five_objects_175,13,1,no,big_bench,246,502
train,bb_tracking_shuffled_objects_five_objects_175_rollout_016_prefix_0.json,bb_tracking_shuffled_objects_five_objects_175,16,0,yes,big_bench,427,744
train,bb_tracking_shuffled_objects_five_objects_175_rollout_017_prefix_1.json,bb_tracking_shuffled_objects_five_objects_175,17,1,yes,big_bench,655,1043
train,bb_tracking_shuffled_objects_five_objects_175_rollout_022_prefix_0.json,bb_tracking_shuffled_objects_five_objects_175,22,0,yes,big_bench,446,789
train,bb_tracking_shuffled_objects_five_objects_178_rollout_001_prefix_0.json,bb_tracking_shuffled_objects_five_objects_178,1,0,yes,big_bench,423,746
train,bb_tracking_shuffled_objects_five_objects_178_rollout_004_prefix_1.json,bb_tracking_shuffled_objects_five_objects_178,4,1,yes,big_bench,346,646
train,bb_tracking_shuffled_objects_five_objects_178_rollout_012_prefix_2.json,bb_tracking_shuffled_objects_five_objects_178,12,2,no,big_bench,74,272
train,bb_tracking_shuffled_objects_five_objects_178_rollout_019_prefix_0.json,bb_tracking_shuffled_objects_five_objects_178,19,0,no,big_bench,91,293
train,bb_tracking_shuffled_objects_five_objects_178_rollout_025_prefix_0.json,bb_tracking_shuffled_objects_five_objects_178,25,0,yes,big_bench,386,721
train,bb_tracking_shuffled_objects_five_objects_178_rollout_028_prefix_1.json,bb_tracking_shuffled_objects_five_objects_178,28,1,no,big_bench,293,564
train,bb_tracking_shuffled_objects_five_objects_182_rollout_017_prefix_4.json,bb_tracking_shuffled_objects_five_objects_182,17,4,no,big_bench,52,244
train,bb_tracking_shuffled_objects_five_objects_182_rollout_019_prefix_2.json,bb_tracking_shuffled_objects_five_objects_182,19,2,no,big_bench,187,422
train,bb_tracking_shuffled_objects_five_objects_182_rollout_020_prefix_2.json,bb_tracking_shuffled_objects_five_objects_182,20,2,no,big_bench,302,605
train,bb_tracking_shuffled_objects_five_objects_182_rollout_025_prefix_0.json,bb_tracking_shuffled_objects_five_objects_182,25,0,yes,big_bench,298,571
train,bb_tracking_shuffled_objects_five_objects_182_rollout_027_prefix_0.json,bb_tracking_shuffled_objects_five_objects_182,27,0,no,big_bench,134,360
train,bb_tracking_shuffled_objects_five_objects_220_rollout_005_prefix_0.json,bb_tracking_shuffled_objects_five_objects_220,5,0,yes,big_bench,530,906
train,bb_tracking_shuffled_objects_five_objects_220_rollout_006_prefix_0.json,bb_tracking_shuffled_objects_five_objects_220,6,0,no,big_bench,207,441
train,bb_tracking_shuffled_objects_five_objects_231_rollout_012_prefix_0.json,bb_tracking_shuffled_objects_five_objects_231,12,0,yes,big_bench,757,1175
train,bb_tracking_shuffled_objects_five_objects_231_rollout_020_prefix_0.json,bb_tracking_shuffled_objects_five_objects_231,20,0,yes,big_bench,573,950
train,bb_tracking_shuffled_objects_five_objects_240_rollout_022_prefix_0.json,bb_tracking_shuffled_objects_five_objects_240,22,0,yes,big_bench,491,844
train,bb_tracking_shuffled_objects_five_objects_240_rollout_025_prefix_1.json,bb_tracking_shuffled_objects_five_objects_240,25,1,no,big_bench,123,333
train,bb_tracking_shuffled_objects_five_objects_245_rollout_014_prefix_0.json,bb_tracking_shuffled_objects_five_objects_245,14,0,yes,big_bench,287,523
train,bb_tracking_shuffled_objects_five_objects_245_rollout_027_prefix_1.json,bb_tracking_shuffled_objects_five_objects_245,27,1,no,big_bench,45,229
train,bb_web_of_lies_006_rollout_002_prefix_0.json,bb_web_of_lies_006,2,0,yes,big_bench,968,1504
train,bb_web_of_lies_006_rollout_003_prefix_3.json,bb_web_of_lies_006,3,3,no,big_bench,308,506
train,bb_web_of_lies_006_rollout_006_prefix_3.json,bb_web_of_lies_006,6,3,no,big_bench,2430,3414
train,bb_web_of_lies_006_rollout_015_prefix_0.json,bb_web_of_lies_006,15,0,yes,big_bench,3671,5039
train,bb_web_of_lies_006_rollout_016_prefix_0.json,bb_web_of_lies_006,16,0,yes,big_bench,1626,2409
train,bb_web_of_lies_006_rollout_017_prefix_4.json,bb_web_of_lies_006,17,4,no,big_bench,1071,1573
train,bb_web_of_lies_006_rollout_022_prefix_1.json,bb_web_of_lies_006,22,1,no,big_bench,347,598
train,bb_web_of_lies_006_rollout_027_prefix_3.json,bb_web_of_lies_006,27,3,no,big_bench,702,1076
train,bb_web_of_lies_014_rollout_000_prefix_3.json,bb_web_of_lies_014,0,3,no,big_bench,634,918
train,bb_web_of_lies_014_rollout_009_prefix_2.json,bb_web_of_lies_014,9,2,yes,big_bench,966,1352
train,bb_web_of_lies_014_rollout_010_prefix_2.json,bb_web_of_lies_014,10,2,no,big_bench,587,881
train,bb_web_of_lies_014_rollout_010_prefix_3.json,bb_web_of_lies_014,10,3,no,big_bench,387,608
train,bb_web_of_lies_014_rollout_012_prefix_0.json,bb_web_of_lies_014,12,0,yes,big_bench,1810,2565
train,bb_web_of_lies_014_rollout_012_prefix_3.json,bb_web_of_lies_014,12,3,no,big_bench,1155,1688
train,bb_web_of_lies_014_rollout_012_prefix_4.json,bb_web_of_lies_014,12,4,no,big_bench,555,840
train,bb_web_of_lies_014_rollout_014_prefix_1.json,bb_web_of_lies_014,14,1,yes,big_bench,2072,2818
train,bb_web_of_lies_014_rollout_014_prefix_8.json,bb_web_of_lies_014,14,8,no,big_bench,427,626
train,bb_web_of_lies_014_rollout_017_prefix_0.json,bb_web_of_lies_014,17,0,yes,big_bench,356,560
train,bb_web_of_lies_014_rollout_018_prefix_0.json,bb_web_of_lies_014,18,0,no,big_bench,2053,2880
train,bb_web_of_lies_014_rollout_021_prefix_4.json,bb_web_of_lies_014,21,4,no,big_bench,156,285
train,bb_web_of_lies_014_rollout_025_prefix_0.json,bb_web_of_lies_014,25,0,yes,big_bench,1037,1490
train,bb_web_of_lies_014_rollout_027_prefix_2.json,bb_web_of_lies_014,27,2,no,big_bench,1623,2318
train,bb_web_of_lies_017_rollout_003_prefix_8.json,bb_web_of_lies_017,3,8,no,big_bench,1391,2004
train,bb_web_of_lies_017_rollout_004_prefix_6.json,bb_web_of_lies_017,4,6,no,big_bench,266,416
train,bb_web_of_lies_017_rollout_005_prefix_4.json,bb_web_of_lies_017,5,4,no,big_bench,1345,1904
train,bb_web_of_lies_017_rollout_011_prefix_1.json,bb_web_of_lies_017,11,1,no,big_bench,1302,1796
train,bb_web_of_lies_017_rollout_018_prefix_1.json,bb_web_of_lies_017,18,1,yes,big_bench,1849,2632
train,bb_web_of_lies_017_rollout_020_prefix_2.json,bb_web_of_lies_017,20,2,no,big_bench,765,1087
train,bb_web_of_lies_017_rollout_022_prefix_0.json,bb_web_of_lies_017,22,0,no,big_bench,561,833
train,bb_web_of_lies_017_rollout_026_prefix_1.json,bb_web_of_lies_017,26,1,no,big_bench,2605,3542
train,bb_web_of_lies_017_rollout_029_prefix_3.json,bb_web_of_lies_017,29,3,no,big_bench,901,1299
train,bb_web_of_lies_033_rollout_004_prefix_0.json,bb_web_of_lies_033,4,0,yes,big_bench,4153,5441
train,bb_web_of_lies_033_rollout_004_prefix_6.json,bb_web_of_lies_033,4,6,no,big_bench,2098,2732
train,bb_web_of_lies_033_rollout_007_prefix_1.json,bb_web_of_lies_033,7,1,no,big_bench,715,1007
train,bb_web_of_lies_033_rollout_008_prefix_4.json,bb_web_of_lies_033,8,4,no,big_bench,419,616
train,bb_web_of_lies_033_rollout_013_prefix_1.json,bb_web_of_lies_033,13,1,no,big_bench,590,851
train,bb_web_of_lies_033_rollout_016_prefix_4.json,bb_web_of_lies_033,16,4,no,big_bench,1538,2064
train,bb_web_of_lies_033_rollout_020_prefix_0.json,bb_web_of_lies_033,20,0,no,big_bench,2096,2802
train,bb_web_of_lies_033_rollout_023_prefix_3.json,bb_web_of_lies_033,23,3,no,big_bench,1876,2574
train,bb_web_of_lies_033_rollout_025_prefix_1.json,bb_web_of_lies_033,25,1,yes,big_bench,377,577
train,bb_web_of_lies_033_rollout_026_prefix_0.json,bb_web_of_lies_033,26,0,no,big_bench,63,141
train,bb_web_of_lies_033_rollout_029_prefix_0.json,bb_web_of_lies_033,29,0,no,big_bench,2750,3635
train,bb_web_of_lies_033_rollout_029_prefix_6.json,bb_web_of_lies_033,29,6,no,big_bench,1150,1546
train,bb_web_of_lies_055_rollout_004_prefix_4.json,bb_web_of_lies_055,4,4,no,big_bench,175,323
train,bb_web_of_lies_055_rollout_005_prefix_0.json,bb_web_of_lies_055,5,0,yes,big_bench,846,1265
train,bb_web_of_lies_055_rollout_026_prefix_4.json,bb_web_of_lies_055,26,4,no,big_bench,1477,2108
train,bb_web_of_lies_067_rollout_002_prefix_9.json,bb_web_of_lies_067,2,9,no,big_bench,288,501
train,bb_web_of_lies_067_rollout_003_prefix_2.json,bb_web_of_lies_067,3,2,no,big_bench,207,350
train,bb_web_of_lies_067_rollout_007_prefix_4.json,bb_web_of_lies_067,7,4,no,big_bench,860,1297
train,bb_web_of_lies_067_rollout_009_prefix_3.json,bb_web_of_lies_067,9,3,no,big_bench,378,617
train,bb_web_of_lies_067_rollout_014_prefix_15.json,bb_web_of_lies_067,14,15,no,big_bench,463,729
train,bb_web_of_lies_067_rollout_014_prefix_9.json,bb_web_of_lies_067,14,9,no,big_bench,2063,2988
train,bb_web_of_lies_067_rollout_016_prefix_0.json,bb_web_of_lies_067,16,0,no,big_bench,1627,2433
train,bb_web_of_lies_067_rollout_018_prefix_6.json,bb_web_of_lies_067,18,6,no,big_bench,1415,2029
train,bb_web_of_lies_067_rollout_021_prefix_4.json,bb_web_of_lies_067,21,4,no,big_bench,137,279
train,bb_web_of_lies_067_rollout_022_prefix_5.json,bb_web_of_lies_067,22,5,no,big_bench,643,998
train,bb_web_of_lies_067_rollout_026_prefix_1.json,bb_web_of_lies_067,26,1,no,big_bench,1598,2363
train,bb_web_of_lies_067_rollout_028_prefix_1.json,bb_web_of_lies_067,28,1,no,big_bench,2715,3934
train,bb_web_of_lies_067_rollout_028_prefix_3.json,bb_web_of_lies_067,28,3,no,big_bench,1915,2792
train,bb_web_of_lies_067_rollout_029_prefix_1.json,bb_web_of_lies_067,29,1,no,big_bench,2260,3243
train,bb_web_of_lies_090_rollout_003_prefix_2.json,bb_web_of_lies_090,3,2,no,big_bench,372,618
train,bb_web_of_lies_090_rollout_004_prefix_0.json,bb_web_of_lies_090,4,0,no,big_bench,195,355
train,bb_web_of_lies_090_rollout_006_prefix_1.json,bb_web_of_lies_090,6,1,no,big_bench,36,118
train,bb_web_of_lies_090_rollout_007_prefix_1.json,bb_web_of_lies_090,7,1,yes,big_bench,610,990
train,bb_web_of_lies_090_rollout_011_prefix_2.json,bb_web_of_lies_090,11,2,no,big_bench,2368,3480
train,bb_web_of_lies_090_rollout_011_prefix_9.json,bb_web_of_lies_090,11,9,no,big_bench,168,326
train,bb_web_of_lies_091_rollout_015_prefix_0.json,bb_web_of_lies_091,15,0,no,big_bench,544,835
train,bb_web_of_lies_091_rollout_015_prefix_1.json,bb_web_of_lies_091,15,1,no,big_bench,144,278
train,bb_web_of_lies_091_rollout_016_prefix_1.json,bb_web_of_lies_091,16,1,no,big_bench,368,590
train,bb_web_of_lies_091_rollout_022_prefix_5.json,bb_web_of_lies_091,22,5,no,big_bench,1391,2013
train,bb_web_of_lies_120_rollout_005_prefix_0.json,bb_web_of_lies_120,5,0,yes,big_bench,2017,2907
train,bb_web_of_lies_120_rollout_006_prefix_3.json,bb_web_of_lies_120,6,3,no,big_bench,1130,1739
train,bb_web_of_lies_120_rollout_007_prefix_0.json,bb_web_of_lies_120,7,0,yes,big_bench,1323,1961
train,bb_web_of_lies_120_rollout_008_prefix_2.json,bb_web_of_lies_120,8,2,no,big_bench,1068,1572
train,bb_web_of_lies_120_rollout_011_prefix_0.json,bb_web_of_lies_120,11,0,no,big_bench,1969,2826
train,bb_web_of_lies_120_rollout_012_prefix_0.json,bb_web_of_lies_120,12,0,yes,big_bench,528,807
train,bb_web_of_lies_120_rollout_013_prefix_4.json,bb_web_of_lies_120,13,4,no,big_bench,604,902
train,bb_web_of_lies_120_rollout_015_prefix_1.json,bb_web_of_lies_120,15,1,yes,big_bench,1022,1545
train,bb_web_of_lies_120_rollout_016_prefix_0.json,bb_web_of_lies_120,16,0,yes,big_bench,1787,2585
train,bb_web_of_lies_120_rollout_016_prefix_5.json,bb_web_of_lies_120,16,5,no,big_bench,722,1102
train,bb_web_of_lies_120_rollout_023_prefix_3.json,bb_web_of_lies_120,23,3,no,big_bench,384,610
train,bb_web_of_lies_120_rollout_024_prefix_3.json,bb_web_of_lies_120,24,3,no,big_bench,684,1050
train,bb_web_of_lies_120_rollout_025_prefix_4.json,bb_web_of_lies_120,25,4,no,big_bench,199,333
train,bb_web_of_lies_120_rollout_026_prefix_5.json,bb_web_of_lies_120,26,5,no,big_bench,77,194
train,bb_web_of_lies_120_rollout_028_prefix_7.json,bb_web_of_lies_120,28,7,no,big_bench,231,408
train,bb_web_of_lies_126_rollout_012_prefix_0.json,bb_web_of_lies_126,12,0,yes,big_bench,620,949
train,bb_web_of_lies_126_rollout_014_prefix_0.json,bb_web_of_lies_126,14,0,yes,big_bench,640,976
train,bb_web_of_lies_126_rollout_014_prefix_2.json,bb_web_of_lies_126,14,2,no,big_bench,185,332
train,bb_web_of_lies_126_rollout_021_prefix_1.json,bb_web_of_lies_126,21,1,yes,big_bench,1038,1519
train,bb_web_of_lies_126_rollout_026_prefix_0.json,bb_web_of_lies_126,26,0,yes,big_bench,1279,1881
train,bb_web_of_lies_126_rollout_028_prefix_2.json,bb_web_of_lies_126,28,2,yes,big_bench,781,1172
train,bb_web_of_lies_126_rollout_029_prefix_1.json,bb_web_of_lies_126,29,1,no,big_bench,168,322
train,bb_web_of_lies_129_rollout_006_prefix_0.json,bb_web_of_lies_129,6,0,yes,big_bench,2102,3027
train,bb_web_of_lies_129_rollout_006_prefix_2.json,bb_web_of_lies_129,6,2,no,big_bench,1627,2337
train,bb_web_of_lies_129_rollout_008_prefix_0.json,bb_web_of_lies_129,8,0,yes,big_bench,244,416
train,bb_web_of_lies_129_rollout_013_prefix_3.json,bb_web_of_lies_129,13,3,no,big_bench,380,594
train,bb_web_of_lies_129_rollout_017_prefix_3.json,bb_web_of_lies_129,17,3,no,big_bench,659,964
train,bb_web_of_lies_129_rollout_022_prefix_2.json,bb_web_of_lies_129,22,2,no,big_bench,4847,6734
train,bb_web_of_lies_129_rollout_025_prefix_2.json,bb_web_of_lies_129,25,2,no,big_bench,1270,1829
train,bb_web_of_lies_188_rollout_001_prefix_1.json,bb_web_of_lies_188,1,1,yes,big_bench,3286,4497
train,bb_web_of_lies_188_rollout_001_prefix_6.json,bb_web_of_lies_188,1,6,no,big_bench,1641,2284
train,bb_web_of_lies_188_rollout_002_prefix_3.json,bb_web_of_lies_188,2,3,no,big_bench,469,731
train,bb_web_of_lies_188_rollout_002_prefix_4.json,bb_web_of_lies_188,2,4,no,big_bench,269,450
train,bb_web_of_lies_188_rollout_006_prefix_14.json,bb_web_of_lies_188,6,14,no,big_bench,956,1459
train,bb_web_of_lies_188_rollout_006_prefix_3.json,bb_web_of_lies_188,6,3,no,big_bench,4356,6183
train,bb_web_of_lies_188_rollout_008_prefix_0.json,bb_web_of_lies_188,8,0,yes,big_bench,380,592
train,bb_web_of_lies_188_rollout_009_prefix_0.json,bb_web_of_lies_188,9,0,no,big_bench,64,161
train,bb_web_of_lies_188_rollout_012_prefix_3.json,bb_web_of_lies_188,12,3,no,big_bench,2411,3384
train,bb_web_of_lies_188_rollout_012_prefix_7.json,bb_web_of_lies_188,12,7,no,big_bench,611,920
train,bb_web_of_lies_188_rollout_016_prefix_2.json,bb_web_of_lies_188,16,2,no,big_bench,50,141
train,bb_web_of_lies_188_rollout_019_prefix_0.json,bb_web_of_lies_188,19,0,yes,big_bench,580,861
train,bb_web_of_lies_188_rollout_029_prefix_1.json,bb_web_of_lies_188,29,1,no,big_bench,311,517
train,bb_web_of_lies_192_rollout_002_prefix_1.json,bb_web_of_lies_192,2,1,no,big_bench,21,92
train,bb_web_of_lies_192_rollout_010_prefix_1.json,bb_web_of_lies_192,10,1,no,big_bench,1141,1567
train,bb_web_of_lies_192_rollout_012_prefix_0.json,bb_web_of_lies_192,12,0,yes,big_bench,2206,3056
train,bb_web_of_lies_192_rollout_013_prefix_1.json,bb_web_of_lies_192,13,1,no,big_bench,339,531
train,bb_web_of_lies_192_rollout_017_prefix_1.json,bb_web_of_lies_192,17,1,yes,big_bench,1486,2092
train,bb_web_of_lies_192_rollout_017_prefix_3.json,bb_web_of_lies_192,17,3,no,big_bench,1041,1483
train,bb_web_of_lies_192_rollout_021_prefix_3.json,bb_web_of_lies_192,21,3,no,big_bench,691,1019
train,bb_web_of_lies_192_rollout_027_prefix_2.json,bb_web_of_lies_192,27,2,no,big_bench,832,1177
train,bb_web_of_lies_210_rollout_002_prefix_1.json,bb_web_of_lies_210,2,1,no,big_bench,362,556
train,bb_web_of_lies_210_rollout_009_prefix_0.json,bb_web_of_lies_210,9,0,yes,big_bench,511,788
train,bb_web_of_lies_210_rollout_011_prefix_0.json,bb_web_of_lies_210,11,0,yes,big_bench,884,1290
train,bb_web_of_lies_210_rollout_013_prefix_0.json,bb_web_of_lies_210,13,0,yes,big_bench,275,441
train,bb_web_of_lies_229_rollout_001_prefix_1.json,bb_web_of_lies_229,1,1,no,big_bench,1112,1652
train,bb_web_of_lies_229_rollout_003_prefix_3.json,bb_web_of_lies_229,3,3,no,big_bench,304,508
train,bb_web_of_lies_229_rollout_010_prefix_0.json,bb_web_of_lies_229,10,0,no,big_bench,147,269
train,bb_web_of_lies_229_rollout_012_prefix_2.json,bb_web_of_lies_229,12,2,no,big_bench,272,465
train,bb_web_of_lies_229_rollout_013_prefix_7.json,bb_web_of_lies_229,13,7,no,big_bench,2242,3159
train,bb_web_of_lies_229_rollout_013_prefix_8.json,bb_web_of_lies_229,13,8,no,big_bench,1842,2608
train,bb_web_of_lies_229_rollout_016_prefix_4.json,bb_web_of_lies_229,16,4,no,big_bench,382,619
train,bb_web_of_lies_229_rollout_019_prefix_0.json,bb_web_of_lies_229,19,0,yes,big_bench,2197,3078
train,bb_web_of_lies_229_rollout_027_prefix_5.json,bb_web_of_lies_229,27,5,no,big_bench,590,892
train,bb_web_of_lies_229_rollout_028_prefix_2.json,bb_web_of_lies_229,28,2,no,big_bench,50,130
train,bb_web_of_lies_249_rollout_011_prefix_0.json,bb_web_of_lies_249,11,0,yes,big_bench,2934,4012
train,bb_web_of_lies_249_rollout_021_prefix_1.json,bb_web_of_lies_249,21,1,no,big_bench,175,287
train,bb_web_of_lies_249_rollout_024_prefix_3.json,bb_web_of_lies_249,24,3,no,big_bench,259,418
train,bb_web_of_lies_249_rollout_025_prefix_0.json,bb_web_of_lies_249,25,0,yes,big_bench,753,1091
train,bb_web_of_lies_249_rollout_027_prefix_1.json,bb_web_of_lies_249,27,1,no,big_bench,987,1388
train,dd_0002_rollout_001_prefix_0.json,dd_0002,1,0,no,daily_dilemmas,779,1035
train,dd_0002_rollout_009_prefix_0.json,dd_0002,9,0,no,daily_dilemmas,362,552
train,dd_0002_rollout_011_prefix_2.json,dd_0002,11,2,no,daily_dilemmas,237,381
train,dd_0002_rollout_014_prefix_1.json,dd_0002,14,1,no,daily_dilemmas,473,666
train,dd_0002_rollout_023_prefix_1.json,dd_0002,23,1,no,daily_dilemmas,362,535
train,dd_0008_rollout_001_prefix_0.json,dd_0008,1,0,yes,daily_dilemmas,832,1135
train,dd_0008_rollout_002_prefix_0.json,dd_0008,2,0,yes,daily_dilemmas,1210,1593
train,dd_0008_rollout_015_prefix_0.json,dd_0008,15,0,yes,daily_dilemmas,1026,1358
train,dd_0008_rollout_020_prefix_2.json,dd_0008,20,2,no,daily_dilemmas,151,300
train,dd_0008_rollout_024_prefix_0.json,dd_0008,24,0,no,daily_dilemmas,233,415
train,dd_0011_rollout_001_prefix_3.json,dd_0011,1,3,no,daily_dilemmas,205,340
train,dd_0011_rollout_004_prefix_0.json,dd_0011,4,0,yes,daily_dilemmas,909,1223
train,dd_0011_rollout_004_prefix_2.json,dd_0011,4,2,yes,daily_dilemmas,879,1188
train,dd_0011_rollout_008_prefix_2.json,dd_0011,8,2,no,daily_dilemmas,256,415
train,dd_0011_rollout_011_prefix_1.json,dd_0011,11,1,yes,daily_dilemmas,703,944
train,dd_0011_rollout_012_prefix_0.json,dd_0011,12,0,yes,daily_dilemmas,1289,1716
train,dd_0011_rollout_018_prefix_0.json,dd_0011,18,0,yes,daily_dilemmas,920,1200
train,dd_0011_rollout_026_prefix_1.json,dd_0011,26,1,no,daily_dilemmas,341,498
train,dd_0015_rollout_000_prefix_1.json,dd_0015,0,1,yes,daily_dilemmas,977,1273
train,dd_0015_rollout_011_prefix_1.json,dd_0015,11,1,no,daily_dilemmas,772,1027
train,dd_0015_rollout_027_prefix_2.json,dd_0015,27,2,no,daily_dilemmas,301,459
train,dd_0021_rollout_000_prefix_2.json,dd_0021,0,2,no,daily_dilemmas,251,389
train,dd_0021_rollout_006_prefix_1.json,dd_0021,6,1,yes,daily_dilemmas,893,1184
train,dd_0021_rollout_024_prefix_1.json,dd_0021,24,1,yes,daily_dilemmas,541,759
train,dd_0021_rollout_027_prefix_0.json,dd_0021,27,0,yes,daily_dilemmas,982,1266
train,dd_0034_rollout_003_prefix_0.json,dd_0034,3,0,yes,daily_dilemmas,889,1173
train,dd_0034_rollout_003_prefix_2.json,dd_0034,3,2,yes,daily_dilemmas,859,1137
train,dd_0034_rollout_012_prefix_1.json,dd_0034,12,1,yes,daily_dilemmas,670,928
train,dd_0034_rollout_017_prefix_1.json,dd_0034,17,1,no,daily_dilemmas,36,148
train,dd_0034_rollout_025_prefix_1.json,dd_0034,25,1,no,daily_dilemmas,651,882
train,dd_0034_rollout_025_prefix_3.json,dd_0034,25,3,no,daily_dilemmas,51,166
train,dd_0034_rollout_029_prefix_0.json,dd_0034,29,0,no,daily_dilemmas,453,666
train,dd_0044_rollout_007_prefix_0.json,dd_0044,7,0,yes,daily_dilemmas,991,1303
train,dd_0044_rollout_008_prefix_0.json,dd_0044,8,0,yes,daily_dilemmas,781,1031
train,dd_0044_rollout_012_prefix_0.json,dd_0044,12,0,yes,daily_dilemmas,742,1013
train,dd_0044_rollout_016_prefix_1.json,dd_0044,16,1,yes,daily_dilemmas,869,1167
train,dd_0044_rollout_027_prefix_0.json,dd_0044,27,0,yes,daily_dilemmas,837,1125
train,dd_0048_rollout_000_prefix_0.json,dd_0048,0,0,yes,daily_dilemmas,913,1191
train,dd_0048_rollout_014_prefix_3.json,dd_0048,14,3,no,daily_dilemmas,443,650
train,dd_0048_rollout_023_prefix_3.json,dd_0048,23,3,no,daily_dilemmas,26,117
train,dd_0048_rollout_026_prefix_0.json,dd_0048,26,0,yes,daily_dilemmas,787,1038
train,dd_0048_rollout_026_prefix_2.json,dd_0048,26,2,no,daily_dilemmas,522,724
train,dd_0048_rollout_028_prefix_1.json,dd_0048,28,1,yes,daily_dilemmas,718,941
train,dd_0049_rollout_000_prefix_0.json,dd_0049,0,0,yes,daily_dilemmas,474,690
train,dd_0049_rollout_009_prefix_4.json,dd_0049,9,4,no,daily_dilemmas,175,301
train,dd_0049_rollout_014_prefix_0.json,dd_0049,14,0,yes,daily_dilemmas,752,1048
train,dd_0049_rollout_017_prefix_1.json,dd_0049,17,1,yes,daily_dilemmas,606,845
train,dd_0049_rollout_019_prefix_1.json,dd_0049,19,1,no,daily_dilemmas,333,490
train,dd_0049_rollout_021_prefix_0.json,dd_0049,21,0,yes,daily_dilemmas,1112,1476
train,dd_0049_rollout_024_prefix_1.json,dd_0049,24,1,no,daily_dilemmas,237,379
train,dd_0056_rollout_005_prefix_1.json,dd_0056,5,1,no,daily_dilemmas,548,763
train,dd_0056_rollout_010_prefix_2.json,dd_0056,10,2,yes,daily_dilemmas,723,963
train,dd_0056_rollout_025_prefix_0.json,dd_0056,25,0,yes,daily_dilemmas,702,944
train,dd_0056_rollout_025_prefix_2.json,dd_0056,25,2,yes,daily_dilemmas,672,908
train,dd_0057_rollout_006_prefix_0.json,dd_0057,6,0,yes,daily_dilemmas,945,1223
train,dd_0057_rollout_012_prefix_0.json,dd_0057,12,0,yes,daily_dilemmas,697,948
train,dd_0057_rollout_013_prefix_0.json,dd_0057,13,0,yes,daily_dilemmas,683,918
train,dd_0066_rollout_001_prefix_2.json,dd_0066,1,2,no,daily_dilemmas,795,1080
train,dd_0066_rollout_002_prefix_0.json,dd_0066,2,0,yes,daily_dilemmas,972,1312
train,dd_0066_rollout_016_prefix_0.json,dd_0066,16,0,yes,daily_dilemmas,1003,1323
train,dd_0066_rollout_019_prefix_0.json,dd_0066,19,0,yes,daily_dilemmas,768,1036
train,dd_0066_rollout_025_prefix_1.json,dd_0066,25,1,no,daily_dilemmas,304,484
train,dd_0068_rollout_010_prefix_1.json,dd_0068,10,1,no,daily_dilemmas,208,361
train,dd_0068_rollout_016_prefix_0.json,dd_0068,16,0,yes,daily_dilemmas,607,863
train,dd_0068_rollout_016_prefix_1.json,dd_0068,16,1,yes,daily_dilemmas,587,838
train,dd_0068_rollout_024_prefix_1.json,dd_0068,24,1,yes,daily_dilemmas,714,998
train,dd_0068_rollout_026_prefix_1.json,dd_0068,26,1,no,daily_dilemmas,442,638
train,dd_0073_rollout_006_prefix_0.json,dd_0073,6,0,no,daily_dilemmas,192,341
train,dd_0073_rollout_007_prefix_0.json,dd_0073,7,0,yes,daily_dilemmas,506,726
train,dd_0073_rollout_008_prefix_0.json,dd_0073,8,0,yes,daily_dilemmas,731,1005
train,dd_0073_rollout_008_prefix_1.json,dd_0073,8,1,yes,daily_dilemmas,711,970
train,dd_0073_rollout_023_prefix_3.json,dd_0073,23,3,no,daily_dilemmas,119,247
train,dd_0073_rollout_024_prefix_1.json,dd_0073,24,1,yes,daily_dilemmas,675,923
train,dd_0073_rollout_028_prefix_2.json,dd_0073,28,2,no,daily_dilemmas,706,974
train,dd_0073_rollout_029_prefix_2.json,dd_0073,29,2,no,daily_dilemmas,480,671
train,dd_0075_rollout_025_prefix_1.json,dd_0075,25,1,no,daily_dilemmas,427,616
train,dd_0090_rollout_003_prefix_0.json,dd_0090,3,0,yes,daily_dilemmas,660,895
train,dd_0090_rollout_008_prefix_0.json,dd_0090,8,0,no,daily_dilemmas,560,784
train,dd_0090_rollout_010_prefix_1.json,dd_0090,10,1,no,daily_dilemmas,365,535
train,dd_0090_rollout_013_prefix_1.json,dd_0090,13,1,yes,daily_dilemmas,885,1175
train,dd_0090_rollout_013_prefix_4.json,dd_0090,13,4,no,daily_dilemmas,30,135
train,dd_0090_rollout_020_prefix_2.json,dd_0090,20,2,no,daily_dilemmas,265,429
train,dd_0091_rollout_001_prefix_0.json,dd_0091,1,0,no,daily_dilemmas,849,1122
train,dd_0091_rollout_002_prefix_1.json,dd_0091,2,1,no,daily_dilemmas,544,788
train,dd_0099_rollout_000_prefix_2.json,dd_0099,0,2,no,daily_dilemmas,237,372
train,dd_0099_rollout_003_prefix_0.json,dd_0099,3,0,no,daily_dilemmas,41,144
train,dd_0099_rollout_010_prefix_0.json,dd_0099,10,0,no,daily_dilemmas,46,149
train,dd_0099_rollout_018_prefix_0.json,dd_0099,18,0,yes,daily_dilemmas,622,852
train,dd_0099_rollout_018_prefix_2.json,dd_0099,18,2,no,daily_dilemmas,147,280
train,dd_0099_rollout_019_prefix_3.json,dd_0099,19,3,no,daily_dilemmas,420,595
train,dd_0099_rollout_022_prefix_3.json,dd_0099,22,3,no,daily_dilemmas,129,253
train,dd_0099_rollout_027_prefix_1.json,dd_0099,27,1,yes,daily_dilemmas,754,996
train,dd_0099_rollout_029_prefix_0.json,dd_0099,29,0,yes,daily_dilemmas,571,766
train,dd_0100_rollout_002_prefix_2.json,dd_0100,2,2,no,daily_dilemmas,25,130
train,dd_0100_rollout_004_prefix_0.json,dd_0100,4,0,no,daily_dilemmas,456,654
train,dd_0100_rollout_007_prefix_1.json,dd_0100,7,1,yes,daily_dilemmas,621,873
train,dd_0100_rollout_019_prefix_3.json,dd_0100,19,3,no,daily_dilemmas,200,337
train,dd_0100_rollout_024_prefix_0.json,dd_0100,24,0,yes,daily_dilemmas,749,1016
train,dd_0107_rollout_000_prefix_0.json,dd_0107,0,0,yes,daily_dilemmas,855,1160
train,dd_0107_rollout_007_prefix_0.json,dd_0107,7,0,yes,daily_dilemmas,490,717
train,dd_0107_rollout_008_prefix_0.json,dd_0107,8,0,no,daily_dilemmas,153,283
train,dd_0107_rollout_009_prefix_1.json,dd_0107,9,1,yes,daily_dilemmas,1094,1424
train,dd_0107_rollout_016_prefix_2.json,dd_0107,16,2,no,daily_dilemmas,154,294
train,dd_0107_rollout_018_prefix_2.json,dd_0107,18,2,no,daily_dilemmas,88,212
train,dd_0107_rollout_023_prefix_0.json,dd_0107,23,0,yes,daily_dilemmas,715,999
train,dd_0113_rollout_007_prefix_3.json,dd_0113,7,3,no,daily_dilemmas,646,882
train,dd_0113_rollout_007_prefix_4.json,dd_0113,7,4,no,daily_dilemmas,246,402
train,dd_0113_rollout_011_prefix_2.json,dd_0113,11,2,yes,daily_dilemmas,669,904
train,dd_0113_rollout_011_prefix_3.json,dd_0113,11,3,no,daily_dilemmas,214,363
train,dd_0113_rollout_018_prefix_1.json,dd_0113,18,1,yes,daily_dilemmas,542,759
train,dd_0113_rollout_024_prefix_0.json,dd_0113,24,0,yes,daily_dilemmas,771,1047
train,dd_0113_rollout_026_prefix_0.json,dd_0113,26,0,yes,daily_dilemmas,631,854
train,dd_0121_rollout_004_prefix_0.json,dd_0121,4,0,yes,daily_dilemmas,927,1220
train,dd_0121_rollout_008_prefix_0.json,dd_0121,8,0,no,daily_dilemmas,317,486
train,dd_0121_rollout_018_prefix_0.json,dd_0121,18,0,yes,daily_dilemmas,955,1299
train,dd_0125_rollout_001_prefix_3.json,dd_0125,1,3,no,daily_dilemmas,27,139
train,dd_0125_rollout_002_prefix_1.json,dd_0125,2,1,no,daily_dilemmas,170,317
train,dd_0125_rollout_005_prefix_0.json,dd_0125,5,0,yes,daily_dilemmas,1098,1433
train,dd_0125_rollout_006_prefix_2.json,dd_0125,6,2,yes,daily_dilemmas,1031,1347
train,dd_0125_rollout_016_prefix_0.json,dd_0125,16,0,yes,daily_dilemmas,1262,1673
train,dd_0125_rollout_026_prefix_5.json,dd_0125,26,5,no,daily_dilemmas,317,492
train,dd_0125_rollout_027_prefix_4.json,dd_0125,27,4,no,daily_dilemmas,114,241
train,dd_0132_rollout_016_prefix_1.json,dd_0132,16,1,no,daily_dilemmas,311,471
train,dd_0132_rollout_019_prefix_0.json,dd_0132,19,0,yes,daily_dilemmas,647,881
train,dd_0132_rollout_022_prefix_3.json,dd_0132,22,3,no,daily_dilemmas,73,187
train,dd_0143_rollout_001_prefix_0.json,dd_0143,1,0,yes,daily_dilemmas,708,955
train,dd_0143_rollout_002_prefix_1.json,dd_0143,2,1,yes,daily_dilemmas,748,999
train,dd_0143_rollout_002_prefix_2.json,dd_0143,2,2,no,daily_dilemmas,283,436
train,dd_0143_rollout_013_prefix_0.json,dd_0143,13,0,no,daily_dilemmas,372,544
train,dd_0143_rollout_015_prefix_2.json,dd_0143,15,2,yes,daily_dilemmas,844,1130
train,dd_0143_rollout_017_prefix_0.json,dd_0143,17,0,no,daily_dilemmas,320,497
train,dd_0143_rollout_018_prefix_0.json,dd_0143,18,0,yes,daily_dilemmas,998,1269
train,dd_0143_rollout_021_prefix_0.json,dd_0143,21,0,yes,daily_dilemmas,1025,1327
train,dd_0153_rollout_003_prefix_0.json,dd_0153,3,0,yes,daily_dilemmas,524,733
train,dd_0153_rollout_006_prefix_0.json,dd_0153,6,0,yes,daily_dilemmas,572,787
train,dd_0153_rollout_011_prefix_0.json,dd_0153,11,0,yes,daily_dilemmas,481,687
train,dd_0153_rollout_015_prefix_4.json,dd_0153,15,4,no,daily_dilemmas,64,174
train,dd_0153_rollout_017_prefix_3.json,dd_0153,17,3,no,daily_dilemmas,89,200
train,dd_0153_rollout_019_prefix_0.json,dd_0153,19,0,no,daily_dilemmas,149,271
train,dd_0153_rollout_020_prefix_0.json,dd_0153,20,0,yes,daily_dilemmas,593,810
train,dd_0179_rollout_001_prefix_1.json,dd_0179,1,1,no,daily_dilemmas,363,549
train,dd_0179_rollout_008_prefix_2.json,dd_0179,8,2,no,daily_dilemmas,227,391
train,dd_0179_rollout_018_prefix_0.json,dd_0179,18,0,yes,daily_dilemmas,1099,1433
train,dd_0179_rollout_020_prefix_1.json,dd_0179,20,1,no,daily_dilemmas,150,291
train,dd_0179_rollout_021_prefix_1.json,dd_0179,21,1,no,daily_dilemmas,468,664
train,dd_0179_rollout_029_prefix_0.json,dd_0179,29,0,yes,daily_dilemmas,947,1283
train,dd_0187_rollout_008_prefix_0.json,dd_0187,8,0,no,daily_dilemmas,205,344
train,dd_0187_rollout_015_prefix_0.json,dd_0187,15,0,yes,daily_dilemmas,581,826
train,dd_0187_rollout_029_prefix_0.json,dd_0187,29,0,yes,daily_dilemmas,740,1003
train,dd_0188_rollout_007_prefix_1.json,dd_0188,7,1,yes,daily_dilemmas,613,841
train,dd_0188_rollout_009_prefix_0.json,dd_0188,9,0,yes,daily_dilemmas,744,985
train,dd_0188_rollout_014_prefix_0.json,dd_0188,14,0,yes,daily_dilemmas,625,839
train,dd_0188_rollout_015_prefix_1.json,dd_0188,15,1,yes,daily_dilemmas,676,912
train,dd_0190_rollout_006_prefix_2.json,dd_0190,6,2,yes,daily_dilemmas,954,1265
train,dd_0190_rollout_010_prefix_1.json,dd_0190,10,1,no,daily_dilemmas,168,319
train,dd_0190_rollout_012_prefix_0.json,dd_0190,12,0,yes,daily_dilemmas,941,1246
train,dd_0190_rollout_020_prefix_2.json,dd_0190,20,2,no,daily_dilemmas,63,174
train,dd_0190_rollout_026_prefix_1.json,dd_0190,26,1,yes,daily_dilemmas,671,934
train,dd_0190_rollout_027_prefix_0.json,dd_0190,27,0,yes,daily_dilemmas,1164,1554
train,dd_0190_rollout_028_prefix_0.json,dd_0190,28,0,yes,daily_dilemmas,792,1104
train,dd_0192_rollout_007_prefix_0.json,dd_0192,7,0,no,daily_dilemmas,531,764
train,dd_0192_rollout_010_prefix_1.json,dd_0192,10,1,yes,daily_dilemmas,739,1012
train,dd_0192_rollout_011_prefix_1.json,dd_0192,11,1,no,daily_dilemmas,408,608
train,dd_0192_rollout_018_prefix_0.json,dd_0192,18,0,yes,daily_dilemmas,612,890
train,dd_0192_rollout_025_prefix_2.json,dd_0192,25,2,no,daily_dilemmas,163,315
train,dd_0207_rollout_000_prefix_0.json,dd_0207,0,0,no,daily_dilemmas,449,639
train,dd_0207_rollout_010_prefix_0.json,dd_0207,10,0,no,daily_dilemmas,372,541
train,dd_0207_rollout_016_prefix_0.json,dd_0207,16,0,no,daily_dilemmas,67,174
train,dd_0207_rollout_018_prefix_0.json,dd_0207,18,0,yes,daily_dilemmas,752,1011
train,dd_0207_rollout_022_prefix_1.json,dd_0207,22,1,no,daily_dilemmas,442,633
train,dd_0207_rollout_023_prefix_0.json,dd_0207,23,0,yes,daily_dilemmas,1128,1485
train,dd_0207_rollout_023_prefix_1.json,dd_0207,23,1,yes,daily_dilemmas,1118,1472
train,dd_0207_rollout_024_prefix_0.json,dd_0207,24,0,yes,daily_dilemmas,507,724
train,dd_0207_rollout_024_prefix_1.json,dd_0207,24,1,yes,daily_dilemmas,487,700
train,dd_0207_rollout_027_prefix_1.json,dd_0207,27,1,no,daily_dilemmas,193,338
train,dd_0214_rollout_007_prefix_2.json,dd_0214,7,2,no,daily_dilemmas,637,873
train,dd_0214_rollout_026_prefix_0.json,dd_0214,26,0,yes,daily_dilemmas,659,897
train,dd_0220_rollout_012_prefix_0.json,dd_0220,12,0,no,daily_dilemmas,566,793
train,dd_0220_rollout_015_prefix_1.json,dd_0220,15,1,no,daily_dilemmas,1069,1413
train,dd_0220_rollout_015_prefix_2.json,dd_0220,15,2,no,daily_dilemmas,669,911
train,dd_0220_rollout_022_prefix_0.json,dd_0220,22,0,yes,daily_dilemmas,675,942
train,dd_0220_rollout_023_prefix_3.json,dd_0220,23,3,no,daily_dilemmas,40,151
train,dd_0231_rollout_001_prefix_1.json,dd_0231,1,1,yes,daily_dilemmas,785,1098
train,dd_0231_rollout_005_prefix_1.json,dd_0231,5,1,no,daily_dilemmas,550,803
train,dd_0231_rollout_006_prefix_2.json,dd_0231,6,2,no,daily_dilemmas,729,1079
train,dd_0231_rollout_014_prefix_1.json,dd_0231,14,1,no,daily_dilemmas,474,698
train,dd_0231_rollout_015_prefix_2.json,dd_0231,15,2,no,daily_dilemmas,60,186
train,dd_0231_rollout_017_prefix_2.json,dd_0231,17,2,no,daily_dilemmas,317,507
train,dd_0231_rollout_019_prefix_0.json,dd_0231,19,0,yes,daily_dilemmas,871,1218
train,dd_0231_rollout_024_prefix_2.json,dd_0231,24,2,yes,daily_dilemmas,901,1236
train,dd_0231_rollout_027_prefix_1.json,dd_0231,27,1,no,daily_dilemmas,145,300
train,dd_0235_rollout_008_prefix_1.json,dd_0235,8,1,yes,daily_dilemmas,1032,1388
train,dd_0237_rollout_016_prefix_1.json,dd_0237,16,1,yes,daily_dilemmas,815,1086
train,dd_0237_rollout_019_prefix_3.json,dd_0237,19,3,no,daily_dilemmas,266,413
train,dd_0238_rollout_002_prefix_0.json,dd_0238,2,0,no,daily_dilemmas,148,269
train,dd_0238_rollout_004_prefix_0.json,dd_0238,4,0,yes,daily_dilemmas,723,998
train,dd_0238_rollout_007_prefix_0.json,dd_0238,7,0,yes,daily_dilemmas,404,577
train,dd_0238_rollout_009_prefix_1.json,dd_0238,9,1,no,daily_dilemmas,309,464
train,dd_0238_rollout_017_prefix_0.json,dd_0238,17,0,yes,daily_dilemmas,841,1145
train,dd_0238_rollout_027_prefix_3.json,dd_0238,27,3,no,daily_dilemmas,608,857
train,dd_0243_rollout_002_prefix_0.json,dd_0243,2,0,yes,daily_dilemmas,670,918
train,dd_0243_rollout_023_prefix_2.json,dd_0243,23,2,no,daily_dilemmas,73,222
train,dd_0261_rollout_003_prefix_0.json,dd_0261,3,0,yes,daily_dilemmas,598,827
train,dd_0261_rollout_021_prefix_1.json,dd_0261,21,1,no,daily_dilemmas,289,455
train,dd_0269_rollout_009_prefix_0.json,dd_0269,9,0,yes,daily_dilemmas,678,946
train,dd_0269_rollout_013_prefix_2.json,dd_0269,13,2,no,daily_dilemmas,309,485
train,dd_0272_rollout_011_prefix_2.json,dd_0272,11,2,no,daily_dilemmas,480,713
train,dd_0272_rollout_020_prefix_0.json,dd_0272,20,0,yes,daily_dilemmas,836,1131
train,dd_0272_rollout_029_prefix_0.json,dd_0272,29,0,yes,daily_dilemmas,640,888
train,dd_0272_rollout_029_prefix_1.json,dd_0272,29,1,yes,daily_dilemmas,630,876
train,dd_0296_rollout_000_prefix_0.json,dd_0296,0,0,yes,daily_dilemmas,830,1144
train,dd_0296_rollout_016_prefix_1.json,dd_0296,16,1,yes,daily_dilemmas,689,950
train,dd_0296_rollout_017_prefix_1.json,dd_0296,17,1,no,daily_dilemmas,99,241
train,dd_0296_rollout_018_prefix_1.json,dd_0296,18,1,yes,daily_dilemmas,595,864
train,dd_0296_rollout_025_prefix_0.json,dd_0296,25,0,yes,daily_dilemmas,522,736
train,dd_0296_rollout_025_prefix_2.json,dd_0296,25,2,no,daily_dilemmas,57,191
train,dd_0297_rollout_018_prefix_1.json,dd_0297,18,1,yes,daily_dilemmas,423,611
train,dd_0297_rollout_024_prefix_0.json,dd_0297,24,0,yes,daily_dilemmas,703,951
train,dd_0297_rollout_024_prefix_1.json,dd_0297,24,1,no,daily_dilemmas,238,388
train,dd_0314_rollout_004_prefix_1.json,dd_0314,4,1,no,daily_dilemmas,186,330
train,dd_0314_rollout_006_prefix_0.json,dd_0314,6,0,yes,daily_dilemmas,532,770
train,dd_0314_rollout_011_prefix_1.json,dd_0314,11,1,yes,daily_dilemmas,742,1040
train,dd_0314_rollout_014_prefix_1.json,dd_0314,14,1,no,daily_dilemmas,79,199
train,dd_0314_rollout_025_prefix_0.json,dd_0314,25,0,yes,daily_dilemmas,487,697
train,dd_0328_rollout_001_prefix_0.json,dd_0328,1,0,yes,daily_dilemmas,868,1147
train,dd_0328_rollout_004_prefix_0.json,dd_0328,4,0,yes,daily_dilemmas,858,1109
train,dd_0328_rollout_005_prefix_0.json,dd_0328,5,0,yes,daily_dilemmas,1158,1481
train,dd_0328_rollout_009_prefix_0.json,dd_0328,9,0,yes,daily_dilemmas,787,1046
train,dd_0328_rollout_013_prefix_0.json,dd_0328,13,0,yes,daily_dilemmas,1178,1507
train,dd_0328_rollout_019_prefix_0.json,dd_0328,19,0,yes,daily_dilemmas,697,939
train,dd_0328_rollout_021_prefix_1.json,dd_0328,21,1,yes,daily_dilemmas,1173,1529
train,dd_0328_rollout_022_prefix_0.json,dd_0328,22,0,yes,daily_dilemmas,681,919
train,dd_0328_rollout_029_prefix_0.json,dd_0328,29,0,yes,daily_dilemmas,860,1124
train,dd_0328_rollout_029_prefix_1.json,dd_0328,29,1,no,daily_dilemmas,595,803
train,dd_0342_rollout_001_prefix_0.json,dd_0342,1,0,yes,daily_dilemmas,585,809
train,dd_0342_rollout_008_prefix_0.json,dd_0342,8,0,yes,daily_dilemmas,580,833
train,dd_0342_rollout_012_prefix_1.json,dd_0342,12,1,no,daily_dilemmas,264,435
train,dd_0342_rollout_014_prefix_1.json,dd_0342,14,1,yes,daily_dilemmas,1028,1334
train,dd_0342_rollout_015_prefix_1.json,dd_0342,15,1,yes,daily_dilemmas,734,1023
train,dd_0342_rollout_021_prefix_2.json,dd_0342,21,2,no,daily_dilemmas,814,1110
train,dd_0347_rollout_003_prefix_0.json,dd_0347,3,0,yes,daily_dilemmas,967,1276
train,dd_0347_rollout_005_prefix_1.json,dd_0347,5,1,no,daily_dilemmas,118,253
train,dd_0347_rollout_022_prefix_2.json,dd_0347,22,2,no,daily_dilemmas,91,232
train,dd_0354_rollout_004_prefix_0.json,dd_0354,4,0,yes,daily_dilemmas,579,838
train,dd_0354_rollout_015_prefix_0.json,dd_0354,15,0,yes,daily_dilemmas,1109,1472
train,dd_0354_rollout_017_prefix_1.json,dd_0354,17,1,no,daily_dilemmas,547,789
train,dd_0354_rollout_022_prefix_0.json,dd_0354,22,0,yes,daily_dilemmas,943,1274
train,dd_0354_rollout_022_prefix_1.json,dd_0354,22,1,no,daily_dilemmas,688,964
train,dd_0354_rollout_027_prefix_1.json,dd_0354,27,1,no,daily_dilemmas,567,824
train,dd_0356_rollout_004_prefix_1.json,dd_0356,4,1,no,daily_dilemmas,223,363
train,dd_0356_rollout_021_prefix_4.json,dd_0356,21,4,no,daily_dilemmas,268,421
train,dd_0356_rollout_022_prefix_1.json,dd_0356,22,1,yes,daily_dilemmas,506,698
train,dd_0356_rollout_027_prefix_0.json,dd_0356,27,0,yes,daily_dilemmas,831,1108
train,dd_0357_rollout_000_prefix_0.json,dd_0357,0,0,yes,daily_dilemmas,731,995
train,dd_0357_rollout_000_prefix_1.json,dd_0357,0,1,no,daily_dilemmas,466,676
train,dd_0357_rollout_005_prefix_1.json,dd_0357,5,1,no,daily_dilemmas,539,748
train,dd_0357_rollout_013_prefix_0.json,dd_0357,13,0,yes,daily_dilemmas,872,1175
train,dd_0357_rollout_013_prefix_2.json,dd_0357,13,2,no,daily_dilemmas,607,844
train,dd_0357_rollout_013_prefix_4.json,dd_0357,13,4,no,daily_dilemmas,207,352
train,dd_0357_rollout_020_prefix_2.json,dd_0357,20,2,no,daily_dilemmas,1008,1314
train,dd_0357_rollout_021_prefix_1.json,dd_0357,21,1,no,daily_dilemmas,509,700
train,dd_0357_rollout_026_prefix_0.json,dd_0357,26,0,no,daily_dilemmas,587,813
train,dd_0357_rollout_028_prefix_0.json,dd_0357,28,0,no,daily_dilemmas,450,637
train,dd_0364_rollout_012_prefix_0.json,dd_0364,12,0,yes,daily_dilemmas,872,1198
train,dd_0364_rollout_019_prefix_0.json,dd_0364,19,0,yes,daily_dilemmas,693,987
train,dd_0364_rollout_022_prefix_0.json,dd_0364,22,0,no,daily_dilemmas,459,681
train,dd_0367_rollout_001_prefix_0.json,dd_0367,1,0,yes,daily_dilemmas,487,687
train,dd_0367_rollout_004_prefix_0.json,dd_0367,4,0,yes,daily_dilemmas,561,795
train,dd_0367_rollout_007_prefix_1.json,dd_0367,7,1,yes,daily_dilemmas,575,791
train,dd_0367_rollout_008_prefix_2.json,dd_0367,8,2,no,daily_dilemmas,490,689
train,dd_0367_rollout_024_prefix_2.json,dd_0367,24,2,no,daily_dilemmas,170,295
train,dd_0367_rollout_026_prefix_0.json,dd_0367,26,0,yes,daily_dilemmas,629,857
train,dd_0382_rollout_000_prefix_2.json,dd_0382,0,2,no,daily_dilemmas,85,201
train,dd_0382_rollout_004_prefix_0.json,dd_0382,4,0,yes,daily_dilemmas,855,1137
train,dd_0382_rollout_005_prefix_2.json,dd_0382,5,2,no,daily_dilemmas,106,233
train,dd_0382_rollout_012_prefix_1.json,dd_0382,12,1,no,daily_dilemmas,191,332
train,dd_0382_rollout_014_prefix_1.json,dd_0382,14,1,no,daily_dilemmas,232,375
train,dd_0382_rollout_022_prefix_1.json,dd_0382,22,1,yes,daily_dilemmas,691,944
train,dd_0382_rollout_024_prefix_0.json,dd_0382,24,0,yes,daily_dilemmas,1061,1424
train,dd_0386_rollout_008_prefix_0.json,dd_0386,8,0,no,daily_dilemmas,403,599
train,dd_0386_rollout_016_prefix_3.json,dd_0386,16,3,no,daily_dilemmas,299,461
train,dd_0386_rollout_017_prefix_0.json,dd_0386,17,0,yes,daily_dilemmas,680,918
train,dd_0386_rollout_018_prefix_2.json,dd_0386,18,2,no,daily_dilemmas,810,1086
train,dd_0386_rollout_024_prefix_1.json,dd_0386,24,1,yes,daily_dilemmas,742,1003
train,dd_0386_rollout_026_prefix_0.json,dd_0386,26,0,yes,daily_dilemmas,855,1144
train,dd_0401_rollout_000_prefix_1.json,dd_0401,0,1,no,daily_dilemmas,266,426
train,dd_0401_rollout_009_prefix_0.json,dd_0401,9,0,yes,daily_dilemmas,569,791
train,dd_0401_rollout_011_prefix_1.json,dd_0401,11,1,no,daily_dilemmas,108,231
train,dd_0401_rollout_012_prefix_0.json,dd_0401,12,0,no,daily_dilemmas,87,201
train,dd_0401_rollout_028_prefix_1.json,dd_0401,28,1,no,daily_dilemmas,349,526
train,dd_0410_rollout_003_prefix_0.json,dd_0410,3,0,yes,daily_dilemmas,649,917
train,dd_0410_rollout_005_prefix_2.json,dd_0410,5,2,yes,daily_dilemmas,715,1016
train,dd_0410_rollout_008_prefix_1.json,dd_0410,8,1,yes,daily_dilemmas,534,772
train,dd_0410_rollout_012_prefix_0.json,dd_0410,12,0,yes,daily_dilemmas,765,1028
train,dd_0410_rollout_017_prefix_1.json,dd_0410,17,1,no,daily_dilemmas,216,381
train,dd_0410_rollout_019_prefix_1.json,dd_0410,19,1,yes,daily_dilemmas,572,825
train,dd_0410_rollout_021_prefix_1.json,dd_0410,21,1,yes,daily_dilemmas,614,877
train,dd_0410_rollout_023_prefix_3.json,dd_0410,23,3,yes,daily_dilemmas,601,859
train,dd_0410_rollout_028_prefix_0.json,dd_0410,28,0,yes,daily_dilemmas,667,932
train,dd_0410_rollout_029_prefix_1.json,dd_0410,29,1,no,daily_dilemmas,99,240
train,dd_0454_rollout_001_prefix_1.json,dd_0454,1,1,yes,daily_dilemmas,487,693
train,dd_0454_rollout_003_prefix_1.json,dd_0454,3,1,no,daily_dilemmas,451,658
train,dd_0454_rollout_011_prefix_0.json,dd_0454,11,0,yes,daily_dilemmas,428,621
train,dd_0454_rollout_025_prefix_0.json,dd_0454,25,0,no,daily_dilemmas,303,468
train,dd_0455_rollout_001_prefix_0.json,dd_0455,1,0,yes,daily_dilemmas,1172,1504
train,dd_0455_rollout_008_prefix_1.json,dd_0455,8,1,no,daily_dilemmas,534,751
train,dd_0455_rollout_018_prefix_0.json,dd_0455,18,0,no,daily_dilemmas,425,615
train,dd_0455_rollout_018_prefix_1.json,dd_0455,18,1,no,daily_dilemmas,25,133
train,dd_0455_rollout_020_prefix_3.json,dd_0455,20,3,no,daily_dilemmas,93,216
train,dd_0459_rollout_003_prefix_0.json,dd_0459,3,0,no,daily_dilemmas,892,1175
train,dd_0459_rollout_004_prefix_2.json,dd_0459,4,2,no,daily_dilemmas,628,855
train,dd_0459_rollout_010_prefix_0.json,dd_0459,10,0,yes,daily_dilemmas,1257,1637
train,dd_0459_rollout_010_prefix_2.json,dd_0459,10,2,no,daily_dilemmas,392,579
train,dd_0459_rollout_011_prefix_2.json,dd_0459,11,2,no,daily_dilemmas,433,636
train,dd_0459_rollout_012_prefix_2.json,dd_0459,12,2,no,daily_dilemmas,441,640
train,dd_0459_rollout_015_prefix_1.json,dd_0459,15,1,yes,daily_dilemmas,1393,1823
train,dd_0462_rollout_002_prefix_0.json,dd_0462,2,0,yes,daily_dilemmas,601,806
train,dd_0462_rollout_004_prefix_0.json,dd_0462,4,0,yes,daily_dilemmas,513,737
train,dd_0462_rollout_006_prefix_0.json,dd_0462,6,0,no,daily_dilemmas,380,536
train,dd_0462_rollout_011_prefix_0.json,dd_0462,11,0,yes,daily_dilemmas,738,994
train,dd_0462_rollout_013_prefix_0.json,dd_0462,13,0,yes,daily_dilemmas,903,1180
train,dd_0462_rollout_016_prefix_0.json,dd_0462,16,0,no,daily_dilemmas,373,550
train,dd_0473_rollout_006_prefix_0.json,dd_0473,6,0,yes,daily_dilemmas,420,613
train,dd_0473_rollout_011_prefix_1.json,dd_0473,11,1,yes,daily_dilemmas,360,544
train,dd_0473_rollout_019_prefix_1.json,dd_0473,19,1,no,daily_dilemmas,139,269
train,dd_0473_rollout_022_prefix_1.json,dd_0473,22,1,yes,daily_dilemmas,498,694
train,dd_0473_rollout_025_prefix_1.json,dd_0473,25,1,no,daily_dilemmas,309,458
train,dd_0473_rollout_028_prefix_0.json,dd_0473,28,0,yes,daily_dilemmas,672,899
train,dd_0474_rollout_000_prefix_0.json,dd_0474,0,0,yes,daily_dilemmas,694,932
train,dd_0474_rollout_001_prefix_2.json,dd_0474,1,2,no,daily_dilemmas,64,162
train,dd_0474_rollout_007_prefix_1.json,dd_0474,7,1,no,daily_dilemmas,353,517
train,dd_0474_rollout_019_prefix_1.json,dd_0474,19,1,yes,daily_dilemmas,522,746
train,dd_0474_rollout_028_prefix_1.json,dd_0474,28,1,no,daily_dilemmas,108,209
train,dd_0479_rollout_007_prefix_2.json,dd_0479,7,2,no,daily_dilemmas,161,308
train,dd_0479_rollout_019_prefix_1.json,dd_0479,19,1,no,daily_dilemmas,73,202
train,dd_0479_rollout_026_prefix_0.json,dd_0479,26,0,no,daily_dilemmas,228,399
train,dd_0489_rollout_001_prefix_0.json,dd_0489,1,0,yes,daily_dilemmas,701,991
train,dd_0489_rollout_010_prefix_0.json,dd_0489,10,0,yes,daily_dilemmas,529,760
train,dd_0489_rollout_019_prefix_3.json,dd_0489,19,3,no,daily_dilemmas,156,296
train,dd_0489_rollout_029_prefix_0.json,dd_0489,29,0,yes,daily_dilemmas,720,989
train,dd_0492_rollout_001_prefix_1.json,dd_0492,1,1,no,daily_dilemmas,593,798
train,dd_0492_rollout_001_prefix_2.json,dd_0492,1,2,no,daily_dilemmas,193,317
train,dd_0492_rollout_016_prefix_0.json,dd_0492,16,0,yes,daily_dilemmas,594,806
train,dd_0492_rollout_017_prefix_1.json,dd_0492,17,1,yes,daily_dilemmas,710,938
train,dd_0503_rollout_001_prefix_0.json,dd_0503,1,0,yes,daily_dilemmas,622,849
train,dd_0503_rollout_005_prefix_0.json,dd_0503,5,0,no,daily_dilemmas,502,682
train,dd_0503_rollout_014_prefix_0.json,dd_0503,14,0,yes,daily_dilemmas,1042,1340
train,dd_0503_rollout_024_prefix_0.json,dd_0503,24,0,yes,daily_dilemmas,1030,1319
train,dd_0503_rollout_024_prefix_2.json,dd_0503,24,2,no,daily_dilemmas,755,1002
train,dd_0503_rollout_028_prefix_0.json,dd_0503,28,0,yes,daily_dilemmas,812,1045
train,dd_0508_rollout_002_prefix_0.json,dd_0508,2,0,yes,daily_dilemmas,566,778
train,dd_0508_rollout_004_prefix_2.json,dd_0508,4,2,yes,daily_dilemmas,641,872
train,dd_0508_rollout_004_prefix_3.json,dd_0508,4,3,no,daily_dilemmas,396,582
train,dd_0508_rollout_007_prefix_1.json,dd_0508,7,1,no,daily_dilemmas,216,352
train,dd_0508_rollout_010_prefix_0.json,dd_0508,10,0,yes,daily_dilemmas,934,1230
train,dd_0508_rollout_014_prefix_0.json,dd_0508,14,0,yes,daily_dilemmas,593,843
train,dd_0508_rollout_025_prefix_0.json,dd_0508,25,0,yes,daily_dilemmas,692,941
train,dd_0508_rollout_025_prefix_1.json,dd_0508,25,1,yes,daily_dilemmas,672,920
train,dd_0510_rollout_000_prefix_1.json,dd_0510,0,1,yes,daily_dilemmas,656,872
train,dd_0510_rollout_004_prefix_0.json,dd_0510,4,0,yes,daily_dilemmas,942,1272
train,dd_0510_rollout_008_prefix_3.json,dd_0510,8,3,no,daily_dilemmas,357,516
train,dd_0510_rollout_010_prefix_2.json,dd_0510,10,2,no,daily_dilemmas,350,514
train,dd_0510_rollout_013_prefix_1.json,dd_0510,13,1,no,daily_dilemmas,195,309
train,dd_0510_rollout_026_prefix_1.json,dd_0510,26,1,yes,daily_dilemmas,693,910
train,dd_0524_rollout_010_prefix_0.json,dd_0524,10,0,no,daily_dilemmas,287,451
train,dd_0524_rollout_013_prefix_1.json,dd_0524,13,1,no,daily_dilemmas,261,431
train,dd_0524_rollout_022_prefix_1.json,dd_0524,22,1,yes,daily_dilemmas,699,949
train,dd_0524_rollout_027_prefix_0.json,dd_0524,27,0,yes,daily_dilemmas,623,862
train,dd_0525_rollout_010_prefix_0.json,dd_0525,10,0,yes,daily_dilemmas,694,946
train,dd_0525_rollout_012_prefix_1.json,dd_0525,12,1,yes,daily_dilemmas,706,976
train,dd_0525_rollout_017_prefix_1.json,dd_0525,17,1,yes,daily_dilemmas,788,1046
train,dd_0525_rollout_018_prefix_1.json,dd_0525,18,1,no,daily_dilemmas,410,596
train,dd_0525_rollout_019_prefix_1.json,dd_0525,19,1,no,daily_dilemmas,272,423
train,dd_0525_rollout_026_prefix_0.json,dd_0525,26,0,yes,daily_dilemmas,706,940
train,dd_0525_rollout_026_prefix_3.json,dd_0525,26,3,no,daily_dilemmas,31,133
train,dd_0528_rollout_007_prefix_0.json,dd_0528,7,0,no,daily_dilemmas,140,265
train,dd_0528_rollout_014_prefix_0.json,dd_0528,14,0,no,daily_dilemmas,508,750
train,dd_0528_rollout_020_prefix_1.json,dd_0528,20,1,yes,daily_dilemmas,269,444
train,dd_0528_rollout_020_prefix_2.json,dd_0528,20,2,yes,daily_dilemmas,259,432
train,dd_0528_rollout_025_prefix_2.json,dd_0528,25,2,no,daily_dilemmas,282,444
train,dd_0528_rollout_026_prefix_0.json,dd_0528,26,0,yes,daily_dilemmas,990,1292
train,dd_0528_rollout_027_prefix_0.json,dd_0528,27,0,yes,daily_dilemmas,647,921
train,dd_0531_rollout_002_prefix_1.json,dd_0531,2,1,no,daily_dilemmas,55,157
train,dd_0531_rollout_017_prefix_0.json,dd_0531,17,0,no,daily_dilemmas,37,140
train,dd_0531_rollout_019_prefix_2.json,dd_0531,19,2,no,daily_dilemmas,184,327
train,dd_0531_rollout_024_prefix_1.json,dd_0531,24,1,yes,daily_dilemmas,817,1092
train,dd_0535_rollout_003_prefix_1.json,dd_0535,3,1,no,daily_dilemmas,163,279
train,dd_0535_rollout_015_prefix_2.json,dd_0535,15,2,no,daily_dilemmas,287,433
train,dd_0535_rollout_022_prefix_1.json,dd_0535,22,1,no,daily_dilemmas,355,526
train,dd_0535_rollout_029_prefix_0.json,dd_0535,29,0,yes,daily_dilemmas,751,980
train,dd_0537_rollout_001_prefix_0.json,dd_0537,1,0,yes,daily_dilemmas,1185,1526
train,dd_0537_rollout_001_prefix_1.json,dd_0537,1,1,no,daily_dilemmas,740,991
train,dd_0537_rollout_005_prefix_1.json,dd_0537,5,1,no,daily_dilemmas,420,610
train,dd_0537_rollout_023_prefix_0.json,dd_0537,23,0,yes,daily_dilemmas,703,951
train,dd_0537_rollout_028_prefix_2.json,dd_0537,28,2,no,daily_dilemmas,227,373
train,dd_0537_rollout_028_prefix_3.json,dd_0537,28,3,no,daily_dilemmas,27,131
train,dd_0550_rollout_004_prefix_0.json,dd_0550,4,0,yes,daily_dilemmas,902,1169
train,dd_0550_rollout_011_prefix_0.json,dd_0550,11,0,yes,daily_dilemmas,430,634
train,dd_0550_rollout_016_prefix_0.json,dd_0550,16,0,yes,daily_dilemmas,824,1086
train,dd_0550_rollout_020_prefix_0.json,dd_0550,20,0,yes,daily_dilemmas,783,1041
train,dd_0550_rollout_025_prefix_0.json,dd_0550,25,0,yes,daily_dilemmas,744,1000
train,dd_0562_rollout_000_prefix_1.json,dd_0562,0,1,no,daily_dilemmas,322,499
train,dd_0562_rollout_001_prefix_0.json,dd_0562,1,0,no,daily_dilemmas,259,424
train,dd_0562_rollout_007_prefix_0.json,dd_0562,7,0,yes,daily_dilemmas,719,971
train,dd_0562_rollout_007_prefix_1.json,dd_0562,7,1,no,daily_dilemmas,254,405
train,dd_0562_rollout_025_prefix_1.json,dd_0562,25,1,no,daily_dilemmas,468,701
train,dd_0568_rollout_001_prefix_1.json,dd_0568,1,1,no,daily_dilemmas,444,644
train,dd_0568_rollout_002_prefix_0.json,dd_0568,2,0,yes,daily_dilemmas,1069,1393
train,dd_0568_rollout_004_prefix_1.json,dd_0568,4,1,yes,daily_dilemmas,615,850
train,dd_0568_rollout_005_prefix_0.json,dd_0568,5,0,no,daily_dilemmas,577,799
train,dd_0568_rollout_008_prefix_1.json,dd_0568,8,1,yes,daily_dilemmas,1068,1387
train,dd_0575_rollout_001_prefix_3.json,dd_0575,1,3,no,daily_dilemmas,78,201
train,dd_0576_rollout_000_prefix_2.json,dd_0576,0,2,no,daily_dilemmas,485,697
train,dd_0576_rollout_000_prefix_4.json,dd_0576,0,4,no,daily_dilemmas,85,193
train,dd_0576_rollout_001_prefix_0.json,dd_0576,1,0,yes,daily_dilemmas,726,980
train,dd_0576_rollout_005_prefix_1.json,dd_0576,5,1,no,daily_dilemmas,348,516
train,dd_0576_rollout_013_prefix_0.json,dd_0576,13,0,yes,daily_dilemmas,872,1154
train,dd_0576_rollout_014_prefix_5.json,dd_0576,14,5,no,daily_dilemmas,345,511
train,dd_0576_rollout_021_prefix_1.json,dd_0576,21,1,yes,daily_dilemmas,836,1118
train,dd_0578_rollout_007_prefix_2.json,dd_0578,7,2,no,daily_dilemmas,171,305
train,dd_0578_rollout_011_prefix_1.json,dd_0578,11,1,no,daily_dilemmas,804,1078
train,dd_0578_rollout_016_prefix_0.json,dd_0578,16,0,no,daily_dilemmas,656,886
train,dd_0578_rollout_017_prefix_2.json,dd_0578,17,2,no,daily_dilemmas,32,143
train,dd_0578_rollout_019_prefix_0.json,dd_0578,19,0,yes,daily_dilemmas,811,1078
train,dd_0578_rollout_021_prefix_0.json,dd_0578,21,0,yes,daily_dilemmas,859,1141
train,dd_0578_rollout_025_prefix_3.json,dd_0578,25,3,no,daily_dilemmas,87,207
train,dd_0586_rollout_000_prefix_0.json,dd_0586,0,0,yes,daily_dilemmas,615,885
train,dd_0586_rollout_003_prefix_2.json,dd_0586,3,2,yes,daily_dilemmas,815,1111
train,dd_0586_rollout_011_prefix_1.json,dd_0586,11,1,no,daily_dilemmas,241,410
train,dd_0586_rollout_012_prefix_0.json,dd_0586,12,0,yes,daily_dilemmas,657,957
train,dd_0586_rollout_023_prefix_0.json,dd_0586,23,0,yes,daily_dilemmas,1259,1754
train,dd_0586_rollout_025_prefix_0.json,dd_0586,25,0,yes,daily_dilemmas,847,1174
train,dd_0586_rollout_025_prefix_1.json,dd_0586,25,1,no,daily_dilemmas,202,371
train,dd_0586_rollout_029_prefix_1.json,dd_0586,29,1,yes,daily_dilemmas,658,927
train,dd_0597_rollout_001_prefix_1.json,dd_0597,1,1,no,daily_dilemmas,176,325
train,dd_0597_rollout_009_prefix_1.json,dd_0597,9,1,no,daily_dilemmas,408,640
train,dd_0597_rollout_009_prefix_2.json,dd_0597,9,2,no,daily_dilemmas,208,357
train,dd_0597_rollout_010_prefix_0.json,dd_0597,10,0,yes,daily_dilemmas,1031,1353
train,dd_0597_rollout_019_prefix_1.json,dd_0597,19,1,no,daily_dilemmas,580,812
train,dd_0597_rollout_020_prefix_0.json,dd_0597,20,0,yes,daily_dilemmas,567,821
train,dd_0602_rollout_001_prefix_1.json,dd_0602,1,1,no,daily_dilemmas,196,337
train,dd_0602_rollout_003_prefix_0.json,dd_0602,3,0,yes,daily_dilemmas,1141,1464
train,dd_0602_rollout_005_prefix_0.json,dd_0602,5,0,yes,daily_dilemmas,498,709
train,dd_0602_rollout_009_prefix_0.json,dd_0602,9,0,yes,daily_dilemmas,684,926
train,dd_0602_rollout_010_prefix_2.json,dd_0602,10,2,yes,daily_dilemmas,1135,1484
train,dd_0602_rollout_014_prefix_0.json,dd_0602,14,0,no,daily_dilemmas,342,533
train,dd_0602_rollout_018_prefix_0.json,dd_0602,18,0,yes,daily_dilemmas,535,734
train,dd_0602_rollout_023_prefix_0.json,dd_0602,23,0,yes,daily_dilemmas,580,824
train,dd_0602_rollout_027_prefix_0.json,dd_0602,27,0,yes,daily_dilemmas,832,1149
train,dd_0603_rollout_004_prefix_1.json,dd_0603,4,1,no,daily_dilemmas,154,275
train,dd_0603_rollout_005_prefix_0.json,dd_0603,5,0,yes,daily_dilemmas,699,935
train,dd_0603_rollout_005_prefix_1.json,dd_0603,5,1,no,daily_dilemmas,234,378
train,dd_0603_rollout_006_prefix_0.json,dd_0603,6,0,no,daily_dilemmas,302,463
train,dd_0603_rollout_020_prefix_2.json,dd_0603,20,2,no,daily_dilemmas,70,173
train,dd_0605_rollout_011_prefix_0.json,dd_0605,11,0,yes,daily_dilemmas,606,843
train,dd_0605_rollout_015_prefix_2.json,dd_0605,15,2,no,daily_dilemmas,380,593
train,dd_0605_rollout_028_prefix_0.json,dd_0605,28,0,yes,daily_dilemmas,504,756
train,dd_0618_rollout_002_prefix_1.json,dd_0618,2,1,no,daily_dilemmas,370,554
train,dd_0618_rollout_007_prefix_0.json,dd_0618,7,0,no,daily_dilemmas,101,226
train,dd_0618_rollout_008_prefix_1.json,dd_0618,8,1,yes,daily_dilemmas,542,786
train,dd_0618_rollout_027_prefix_0.json,dd_0618,27,0,no,daily_dilemmas,227,386
train,dd_0618_rollout_029_prefix_0.json,dd_0618,29,0,yes,daily_dilemmas,639,863
train,dd_0622_rollout_013_prefix_2.json,dd_0622,13,2,no,daily_dilemmas,435,607
train,dd_0624_rollout_001_prefix_0.json,dd_0624,1,0,yes,daily_dilemmas,1534,2031
train,dd_0624_rollout_005_prefix_2.json,dd_0624,5,2,no,daily_dilemmas,836,1151
train,dd_0624_rollout_005_prefix_3.json,dd_0624,5,3,no,daily_dilemmas,636,906
train,dd_0624_rollout_007_prefix_1.json,dd_0624,7,1,yes,daily_dilemmas,999,1354
train,dd_0624_rollout_014_prefix_0.json,dd_0624,14,0,no,daily_dilemmas,620,880
train,dd_0624_rollout_020_prefix_0.json,dd_0624,20,0,no,daily_dilemmas,60,179
train,dd_0624_rollout_021_prefix_0.json,dd_0624,21,0,yes,daily_dilemmas,830,1100
train,dd_0624_rollout_021_prefix_1.json,dd_0624,21,1,yes,daily_dilemmas,820,1086
train,dd_0624_rollout_023_prefix_3.json,dd_0624,23,3,no,daily_dilemmas,177,326
train,dd_0624_rollout_026_prefix_0.json,dd_0624,26,0,yes,daily_dilemmas,813,1085
train,dd_0624_rollout_026_prefix_1.json,dd_0624,26,1,no,daily_dilemmas,338,512
train,dd_0624_rollout_028_prefix_0.json,dd_0624,28,0,yes,daily_dilemmas,1060,1427
train,dd_0631_rollout_020_prefix_1.json,dd_0631,20,1,yes,daily_dilemmas,784,1091
train,dd_0633_rollout_001_prefix_0.json,dd_0633,1,0,yes,daily_dilemmas,841,1112
train,dd_0633_rollout_006_prefix_0.json,dd_0633,6,0,yes,daily_dilemmas,959,1218
train,dd_0633_rollout_007_prefix_1.json,dd_0633,7,1,no,daily_dilemmas,421,608
train,dd_0633_rollout_009_prefix_0.json,dd_0633,9,0,yes,daily_dilemmas,657,893
train,dd_0633_rollout_012_prefix_1.json,dd_0633,12,1,no,daily_dilemmas,507,709
train,dd_0633_rollout_015_prefix_0.json,dd_0633,15,0,yes,daily_dilemmas,670,891
train,dd_0633_rollout_026_prefix_2.json,dd_0633,26,2,no,daily_dilemmas,82,192
train,dd_0649_rollout_001_prefix_0.json,dd_0649,1,0,no,daily_dilemmas,795,1107
train,dd_0649_rollout_003_prefix_1.json,dd_0649,3,1,no,daily_dilemmas,380,575
train,dd_0649_rollout_017_prefix_0.json,dd_0649,17,0,yes,daily_dilemmas,1074,1373
train,dd_0649_rollout_020_prefix_1.json,dd_0649,20,1,yes,daily_dilemmas,949,1300
train,dd_0655_rollout_000_prefix_0.json,dd_0655,0,0,no,daily_dilemmas,427,626
train,dd_0655_rollout_001_prefix_0.json,dd_0655,1,0,no,daily_dilemmas,168,304
train,dd_0655_rollout_004_prefix_0.json,dd_0655,4,0,yes,daily_dilemmas,561,795
train,dd_0655_rollout_011_prefix_0.json,dd_0655,11,0,yes,daily_dilemmas,819,1086
train,dd_0655_rollout_015_prefix_1.json,dd_0655,15,1,yes,daily_dilemmas,1107,1432
train,dd_0655_rollout_023_prefix_0.json,dd_0655,23,0,yes,daily_dilemmas,911,1185
train,dd_0655_rollout_024_prefix_0.json,dd_0655,24,0,no,daily_dilemmas,36,152
train,dd_0657_rollout_007_prefix_0.json,dd_0657,7,0,yes,daily_dilemmas,856,1105
train,dd_0657_rollout_013_prefix_1.json,dd_0657,13,1,no,daily_dilemmas,268,409
train,dd_0657_rollout_015_prefix_0.json,dd_0657,15,0,no,daily_dilemmas,257,399
train,dd_0657_rollout_024_prefix_1.json,dd_0657,24,1,no,daily_dilemmas,564,772
train,dd_0657_rollout_025_prefix_0.json,dd_0657,25,0,yes,daily_dilemmas,527,729
train,dd_0657_rollout_026_prefix_0.json,dd_0657,26,0,yes,daily_dilemmas,704,938
train,dd_0661_rollout_009_prefix_2.json,dd_0661,9,2,no,daily_dilemmas,461,672
train,dd_0661_rollout_011_prefix_1.json,dd_0661,11,1,no,daily_dilemmas,480,685
train,dd_0661_rollout_018_prefix_0.json,dd_0661,18,0,yes,daily_dilemmas,601,819
train,dd_0666_rollout_004_prefix_1.json,dd_0666,4,1,yes,daily_dilemmas,435,623
train,dd_0666_rollout_007_prefix_0.json,dd_0666,7,0,yes,daily_dilemmas,838,1097
train,dd_0666_rollout_008_prefix_0.json,dd_0666,8,0,yes,daily_dilemmas,576,770
train,dd_0666_rollout_016_prefix_1.json,dd_0666,16,1,yes,daily_dilemmas,682,899
train,dd_0666_rollout_021_prefix_1.json,dd_0666,21,1,no,daily_dilemmas,288,432
train,dd_0666_rollout_023_prefix_2.json,dd_0666,23,2,no,daily_dilemmas,178,308
train,dd_0666_rollout_029_prefix_0.json,dd_0666,29,0,yes,daily_dilemmas,1061,1380
train,dd_0667_rollout_001_prefix_0.json,dd_0667,1,0,yes,daily_dilemmas,770,1020
train,dd_0667_rollout_002_prefix_0.json,dd_0667,2,0,yes,daily_dilemmas,769,1034
train,dd_0667_rollout_005_prefix_1.json,dd_0667,5,1,yes,daily_dilemmas,754,1042
train,dd_0667_rollout_005_prefix_3.json,dd_0667,5,3,no,daily_dilemmas,99,216
train,dd_0667_rollout_006_prefix_3.json,dd_0667,6,3,no,daily_dilemmas,222,370
train,dd_0667_rollout_008_prefix_1.json,dd_0667,8,1,no,daily_dilemmas,903,1200
train,dd_0667_rollout_009_prefix_1.json,dd_0667,9,1,yes,daily_dilemmas,533,746
train,dd_0667_rollout_015_prefix_0.json,dd_0667,15,0,yes,daily_dilemmas,594,809
train,dd_0667_rollout_018_prefix_2.json,dd_0667,18,2,no,daily_dilemmas,173,319
train,dd_0667_rollout_019_prefix_1.json,dd_0667,19,1,no,daily_dilemmas,220,361
train,dd_0667_rollout_020_prefix_3.json,dd_0667,20,3,no,daily_dilemmas,462,681
train,dd_0667_rollout_026_prefix_1.json,dd_0667,26,1,no,daily_dilemmas,245,401
train,dd_0669_rollout_011_prefix_0.json,dd_0669,11,0,yes,daily_dilemmas,876,1161
train,dd_0669_rollout_018_prefix_0.json,dd_0669,18,0,yes,daily_dilemmas,839,1173
train,dd_0669_rollout_019_prefix_1.json,dd_0669,19,1,yes,daily_dilemmas,994,1343
train,dd_0669_rollout_028_prefix_1.json,dd_0669,28,1,yes,daily_dilemmas,610,859
train,dd_0673_rollout_010_prefix_1.json,dd_0673,10,1,no,daily_dilemmas,275,449
train,dd_0673_rollout_025_prefix_1.json,dd_0673,25,1,no,daily_dilemmas,336,532
train,dd_0681_rollout_015_prefix_0.json,dd_0681,15,0,yes,daily_dilemmas,846,1156
train,dd_0681_rollout_022_prefix_1.json,dd_0681,22,1,no,daily_dilemmas,275,442
train,dd_0681_rollout_024_prefix_0.json,dd_0681,24,0,no,daily_dilemmas,341,542
train,dd_0681_rollout_025_prefix_1.json,dd_0681,25,1,no,daily_dilemmas,277,453
train,dd_0681_rollout_028_prefix_1.json,dd_0681,28,1,yes,daily_dilemmas,737,998
train,dd_0716_rollout_003_prefix_0.json,dd_0716,3,0,no,daily_dilemmas,339,507
train,dd_0716_rollout_015_prefix_2.json,dd_0716,15,2,no,daily_dilemmas,297,461
train,dd_0716_rollout_022_prefix_2.json,dd_0716,22,2,no,daily_dilemmas,669,894
train,dd_0716_rollout_022_prefix_4.json,dd_0716,22,4,no,daily_dilemmas,69,184
train,dd_0724_rollout_003_prefix_0.json,dd_0724,3,0,no,daily_dilemmas,227,393
train,dd_0724_rollout_014_prefix_2.json,dd_0724,14,2,no,daily_dilemmas,207,362
train,dd_0724_rollout_028_prefix_1.json,dd_0724,28,1,yes,daily_dilemmas,688,925
train,dd_0728_rollout_010_prefix_0.json,dd_0728,10,0,yes,daily_dilemmas,1000,1296
train,dd_0728_rollout_012_prefix_2.json,dd_0728,12,2,no,daily_dilemmas,186,332
train,dd_0734_rollout_011_prefix_1.json,dd_0734,11,1,no,daily_dilemmas,362,530
train,dd_0734_rollout_017_prefix_1.json,dd_0734,17,1,yes,daily_dilemmas,1053,1358
train,dd_0734_rollout_025_prefix_0.json,dd_0734,25,0,yes,daily_dilemmas,543,743
train,dd_0734_rollout_025_prefix_1.json,dd_0734,25,1,yes,daily_dilemmas,513,701
train,dd_0745_rollout_006_prefix_3.json,dd_0745,6,3,no,daily_dilemmas,140,272
train,dd_0745_rollout_008_prefix_1.json,dd_0745,8,1,yes,daily_dilemmas,597,826
train,dd_0745_rollout_018_prefix_0.json,dd_0745,18,0,yes,daily_dilemmas,419,620
train,dd_0745_rollout_028_prefix_1.json,dd_0745,28,1,no,daily_dilemmas,382,578
train,dd_0751_rollout_007_prefix_2.json,dd_0751,7,2,no,daily_dilemmas,276,437
train,dd_0751_rollout_011_prefix_1.json,dd_0751,11,1,no,daily_dilemmas,328,504
train,dd_0751_rollout_012_prefix_0.json,dd_0751,12,0,no,daily_dilemmas,499,717
train,dd_0751_rollout_013_prefix_0.json,dd_0751,13,0,yes,daily_dilemmas,572,802
train,dd_0751_rollout_014_prefix_1.json,dd_0751,14,1,yes,daily_dilemmas,755,1017
train,dd_0755_rollout_010_prefix_1.json,dd_0755,10,1,yes,daily_dilemmas,1049,1378
train,dd_0755_rollout_012_prefix_1.json,dd_0755,12,1,no,daily_dilemmas,82,204
train,dd_0755_rollout_022_prefix_2.json,dd_0755,22,2,no,daily_dilemmas,848,1142
train,dd_0762_rollout_003_prefix_2.json,dd_0762,3,2,no,daily_dilemmas,113,249
train,dd_0762_rollout_012_prefix_1.json,dd_0762,12,1,yes,daily_dilemmas,645,919
train,dd_0762_rollout_016_prefix_1.json,dd_0762,16,1,no,daily_dilemmas,142,292
train,dd_0762_rollout_018_prefix_0.json,dd_0762,18,0,yes,daily_dilemmas,772,1044
train,dd_0762_rollout_020_prefix_2.json,dd_0762,20,2,no,daily_dilemmas,499,721
train,dd_0762_rollout_022_prefix_1.json,dd_0762,22,1,no,daily_dilemmas,112,249
train,dd_0762_rollout_024_prefix_0.json,dd_0762,24,0,yes,daily_dilemmas,500,725
train,dd_0773_rollout_015_prefix_1.json,dd_0773,15,1,no,daily_dilemmas,109,230
train,dd_0785_rollout_002_prefix_3.json,dd_0785,2,3,no,daily_dilemmas,54,158
train,dd_0785_rollout_005_prefix_0.json,dd_0785,5,0,no,daily_dilemmas,154,276
train,dd_0785_rollout_008_prefix_2.json,dd_0785,8,2,no,daily_dilemmas,239,384
train,dd_0785_rollout_009_prefix_0.json,dd_0785,9,0,no,daily_dilemmas,200,336
train,dd_0785_rollout_015_prefix_2.json,dd_0785,15,2,no,daily_dilemmas,337,499
train,dd_0785_rollout_029_prefix_2.json,dd_0785,29,2,no,daily_dilemmas,241,404
train,dd_0787_rollout_007_prefix_2.json,dd_0787,7,2,no,daily_dilemmas,430,620
train,dd_0787_rollout_015_prefix_1.json,dd_0787,15,1,yes,daily_dilemmas,808,1065
train,dd_0787_rollout_022_prefix_0.json,dd_0787,22,0,yes,daily_dilemmas,622,834
train,dd_0787_rollout_024_prefix_0.json,dd_0787,24,0,yes,daily_dilemmas,445,625
train,dd_0787_rollout_027_prefix_2.json,dd_0787,27,2,no,daily_dilemmas,105,208
train,dd_0792_rollout_002_prefix_1.json,dd_0792,2,1,no,daily_dilemmas,1052,1360
train,dd_0792_rollout_003_prefix_1.json,dd_0792,3,1,yes,daily_dilemmas,504,710
train,dd_0792_rollout_004_prefix_1.json,dd_0792,4,1,no,daily_dilemmas,552,785
train,dd_0792_rollout_007_prefix_0.json,dd_0792,7,0,no,daily_dilemmas,833,1106
train,dd_0792_rollout_008_prefix_0.json,dd_0792,8,0,no,daily_dilemmas,594,842
train,dd_0792_rollout_010_prefix_0.json,dd_0792,10,0,yes,daily_dilemmas,744,1040
train,dd_0792_rollout_020_prefix_1.json,dd_0792,20,1,yes,daily_dilemmas,574,807
train,dd_0792_rollout_024_prefix_0.json,dd_0792,24,0,yes,daily_dilemmas,847,1152
train,dd_0792_rollout_029_prefix_1.json,dd_0792,29,1,no,daily_dilemmas,461,680
train,dd_0797_rollout_009_prefix_0.json,dd_0797,9,0,yes,daily_dilemmas,647,896
train,dd_0797_rollout_011_prefix_0.json,dd_0797,11,0,yes,daily_dilemmas,872,1180
train,dd_0797_rollout_024_prefix_0.json,dd_0797,24,0,no,daily_dilemmas,186,325
train,dd_0797_rollout_026_prefix_3.json,dd_0797,26,3,no,daily_dilemmas,314,486
train,dd_0808_rollout_008_prefix_0.json,dd_0808,8,0,yes,daily_dilemmas,815,1073
train,dd_0808_rollout_008_prefix_1.json,dd_0808,8,1,no,daily_dilemmas,540,751
train,dd_0808_rollout_012_prefix_0.json,dd_0808,12,0,yes,daily_dilemmas,846,1124
train,dd_0808_rollout_014_prefix_0.json,dd_0808,14,0,yes,daily_dilemmas,698,944
train,dd_0808_rollout_018_prefix_1.json,dd_0808,18,1,no,daily_dilemmas,364,538
train,dd_0808_rollout_021_prefix_3.json,dd_0808,21,3,no,daily_dilemmas,579,809
train,dd_0808_rollout_022_prefix_2.json,dd_0808,22,2,yes,daily_dilemmas,722,958
train,dd_0809_rollout_000_prefix_1.json,dd_0809,0,1,yes,daily_dilemmas,602,822
train,dd_0809_rollout_002_prefix_0.json,dd_0809,2,0,yes,daily_dilemmas,802,1050
train,dd_0809_rollout_027_prefix_0.json,dd_0809,27,0,yes,daily_dilemmas,597,876
train,dd_0813_rollout_000_prefix_1.json,dd_0813,0,1,yes,daily_dilemmas,637,858
train,dd_0813_rollout_004_prefix_0.json,dd_0813,4,0,no,daily_dilemmas,459,658
train,dd_0813_rollout_011_prefix_0.json,dd_0813,11,0,yes,daily_dilemmas,728,978
train,dd_0813_rollout_017_prefix_0.json,dd_0813,17,0,yes,daily_dilemmas,817,1069
train,dd_0813_rollout_027_prefix_0.json,dd_0813,27,0,yes,daily_dilemmas,522,705
train,dd_0813_rollout_029_prefix_1.json,dd_0813,29,1,no,daily_dilemmas,338,493
train,dd_0818_rollout_010_prefix_1.json,dd_0818,10,1,no,daily_dilemmas,46,159
train,dd_0818_rollout_012_prefix_1.json,dd_0818,12,1,no,daily_dilemmas,437,635
train,dd_0818_rollout_019_prefix_0.json,dd_0818,19,0,yes,daily_dilemmas,626,859
train,dd_0818_rollout_019_prefix_2.json,dd_0818,19,2,no,daily_dilemmas,371,555
train,dd_0818_rollout_021_prefix_1.json,dd_0818,21,1,no,daily_dilemmas,479,686
train,dd_0820_rollout_000_prefix_1.json,dd_0820,0,1,yes,daily_dilemmas,1174,1588
train,dd_0820_rollout_010_prefix_1.json,dd_0820,10,1,no,daily_dilemmas,386,605
train,dd_0820_rollout_014_prefix_0.json,dd_0820,14,0,yes,daily_dilemmas,1122,1443
train,dd_0820_rollout_025_prefix_0.json,dd_0820,25,0,yes,daily_dilemmas,545,776
train,dd_0820_rollout_028_prefix_0.json,dd_0820,28,0,yes,daily_dilemmas,704,938
train,dd_0827_rollout_014_prefix_1.json,dd_0827,14,1,yes,daily_dilemmas,989,1339
train,dd_0827_rollout_015_prefix_1.json,dd_0827,15,1,no,daily_dilemmas,676,902
train,dd_0827_rollout_024_prefix_2.json,dd_0827,24,2,no,daily_dilemmas,401,592
train,dd_0847_rollout_006_prefix_2.json,dd_0847,6,2,no,daily_dilemmas,177,321
train,dd_0847_rollout_009_prefix_0.json,dd_0847,9,0,yes,daily_dilemmas,859,1175
train,dd_0847_rollout_009_prefix_2.json,dd_0847,9,2,yes,daily_dilemmas,829,1141
train,dd_0847_rollout_015_prefix_0.json,dd_0847,15,0,yes,daily_dilemmas,425,621
train,dd_0847_rollout_018_prefix_0.json,dd_0847,18,0,yes,daily_dilemmas,670,919
train,dd_0847_rollout_019_prefix_1.json,dd_0847,19,1,no,daily_dilemmas,262,417
train,dd_0847_rollout_025_prefix_1.json,dd_0847,25,1,no,daily_dilemmas,299,467
train,dd_0848_rollout_001_prefix_1.json,dd_0848,1,1,yes,daily_dilemmas,1389,1857
train,dd_0848_rollout_005_prefix_0.json,dd_0848,5,0,yes,daily_dilemmas,981,1300
train,dd_0848_rollout_010_prefix_2.json,dd_0848,10,2,no,daily_dilemmas,612,867
train,dd_0848_rollout_015_prefix_1.json,dd_0848,15,1,no,daily_dilemmas,216,369
train,dd_0848_rollout_026_prefix_0.json,dd_0848,26,0,yes,daily_dilemmas,749,1021
train,dd_0850_rollout_005_prefix_0.json,dd_0850,5,0,no,daily_dilemmas,246,399
train,dd_0850_rollout_007_prefix_1.json,dd_0850,7,1,no,daily_dilemmas,970,1252
train,dd_0850_rollout_010_prefix_0.json,dd_0850,10,0,no,daily_dilemmas,291,447
train,dd_0850_rollout_018_prefix_1.json,dd_0850,18,1,yes,daily_dilemmas,1209,1576
train,dd_0850_rollout_022_prefix_2.json,dd_0850,22,2,no,daily_dilemmas,680,936
train,dd_0852_rollout_002_prefix_2.json,dd_0852,2,2,no,daily_dilemmas,521,721
train,dd_0852_rollout_020_prefix_0.json,dd_0852,20,0,yes,daily_dilemmas,696,915
train,dd_0853_rollout_000_prefix_0.json,dd_0853,0,0,no,daily_dilemmas,85,207
train,dd_0853_rollout_002_prefix_0.json,dd_0853,2,0,no,daily_dilemmas,473,668
train,dd_0853_rollout_027_prefix_2.json,dd_0853,27,2,no,daily_dilemmas,191,331
train,dd_0860_rollout_017_prefix_0.json,dd_0860,17,0,yes,daily_dilemmas,989,1299
train,dd_0869_rollout_000_prefix_2.json,dd_0869,0,2,no,daily_dilemmas,167,308
train,dd_0869_rollout_006_prefix_1.json,dd_0869,6,1,yes,daily_dilemmas,1011,1304
train,dd_0869_rollout_028_prefix_2.json,dd_0869,28,2,no,daily_dilemmas,433,619
train,dd_0883_rollout_007_prefix_1.json,dd_0883,7,1,yes,daily_dilemmas,1054,1372
train,dd_0883_rollout_007_prefix_2.json,dd_0883,7,2,yes,daily_dilemmas,1044,1359
train,dd_0883_rollout_009_prefix_1.json,dd_0883,9,1,no,daily_dilemmas,61,175
train,dd_0883_rollout_016_prefix_0.json,dd_0883,16,0,yes,daily_dilemmas,1170,1555
train,dd_0883_rollout_018_prefix_1.json,dd_0883,18,1,yes,daily_dilemmas,804,1092
train,dd_0883_rollout_018_prefix_2.json,dd_0883,18,2,no,daily_dilemmas,539,760
train,dd_0883_rollout_018_prefix_3.json,dd_0883,18,3,no,daily_dilemmas,339,514
train,dd_0883_rollout_026_prefix_2.json,dd_0883,26,2,no,daily_dilemmas,388,567
train,dd_0891_rollout_000_prefix_0.json,dd_0891,0,0,yes,daily_dilemmas,642,928
train,dd_0891_rollout_002_prefix_0.json,dd_0891,2,0,no,daily_dilemmas,290,470
train,dd_0891_rollout_025_prefix_1.json,dd_0891,25,1,no,daily_dilemmas,467,686
train,dd_0894_rollout_002_prefix_0.json,dd_0894,2,0,yes,daily_dilemmas,803,1074
train,dd_0894_rollout_012_prefix_0.json,dd_0894,12,0,yes,daily_dilemmas,762,1042
train,dd_0894_rollout_027_prefix_0.json,dd_0894,27,0,no,daily_dilemmas,47,165
train,dd_0896_rollout_011_prefix_1.json,dd_0896,11,1,no,daily_dilemmas,174,333
train,dd_0896_rollout_017_prefix_0.json,dd_0896,17,0,no,daily_dilemmas,658,911
train,dd_0896_rollout_020_prefix_2.json,dd_0896,20,2,no,daily_dilemmas,251,421
train,dd_0900_rollout_003_prefix_0.json,dd_0900,3,0,yes,daily_dilemmas,650,890
train,dd_0900_rollout_005_prefix_1.json,dd_0900,5,1,yes,daily_dilemmas,609,842
train,dd_0900_rollout_018_prefix_1.json,dd_0900,18,1,yes,daily_dilemmas,699,921
train,dd_0900_rollout_026_prefix_3.json,dd_0900,26,3,no,daily_dilemmas,374,556
train,dd_0908_rollout_003_prefix_1.json,dd_0908,3,1,yes,daily_dilemmas,790,1055
train,dd_0908_rollout_003_prefix_2.json,dd_0908,3,2,no,daily_dilemmas,325,487
train,dd_0908_rollout_007_prefix_0.json,dd_0908,7,0,yes,daily_dilemmas,818,1082
train,dd_0908_rollout_011_prefix_1.json,dd_0908,11,1,yes,daily_dilemmas,1084,1435
train,dd_0908_rollout_011_prefix_2.json,dd_0908,11,2,no,daily_dilemmas,839,1126
train,dd_0908_rollout_011_prefix_5.json,dd_0908,11,5,no,daily_dilemmas,39,141
train,dd_0908_rollout_020_prefix_2.json,dd_0908,20,2,no,daily_dilemmas,91,217
train,dd_0908_rollout_027_prefix_0.json,dd_0908,27,0,yes,daily_dilemmas,700,970
train,dd_0909_rollout_003_prefix_0.json,dd_0909,3,0,no,daily_dilemmas,390,575
train,dd_0909_rollout_006_prefix_2.json,dd_0909,6,2,no,daily_dilemmas,181,335
train,dd_0909_rollout_013_prefix_1.json,dd_0909,13,1,no,daily_dilemmas,99,225
train,dd_0909_rollout_014_prefix_1.json,dd_0909,14,1,no,daily_dilemmas,216,382
train,dd_0909_rollout_017_prefix_1.json,dd_0909,17,1,no,daily_dilemmas,580,808
train,dd_0909_rollout_019_prefix_1.json,dd_0909,19,1,no,daily_dilemmas,497,700
train,dd_0909_rollout_021_prefix_0.json,dd_0909,21,0,yes,daily_dilemmas,650,889
train,dd_0916_rollout_010_prefix_2.json,dd_0916,10,2,no,daily_dilemmas,163,315
train,dd_0916_rollout_018_prefix_0.json,dd_0916,18,0,yes,daily_dilemmas,494,718
train,dd_0916_rollout_020_prefix_1.json,dd_0916,20,1,no,daily_dilemmas,457,678
train,dd_0916_rollout_026_prefix_1.json,dd_0916,26,1,no,daily_dilemmas,310,515
train,dd_0935_rollout_011_prefix_0.json,dd_0935,11,0,yes,daily_dilemmas,813,1057
train,dd_0935_rollout_014_prefix_1.json,dd_0935,14,1,no,daily_dilemmas,213,355
train,dd_0935_rollout_018_prefix_0.json,dd_0935,18,0,no,daily_dilemmas,382,562
train,dd_0935_rollout_025_prefix_0.json,dd_0935,25,0,yes,daily_dilemmas,508,730
train,dd_0935_rollout_026_prefix_1.json,dd_0935,26,1,no,daily_dilemmas,27,134
train,dd_0941_rollout_004_prefix_0.json,dd_0941,4,0,yes,daily_dilemmas,860,1185
train,dd_0941_rollout_008_prefix_2.json,dd_0941,8,2,no,daily_dilemmas,459,699
train,dd_0941_rollout_008_prefix_3.json,dd_0941,8,3,no,daily_dilemmas,259,449
train,dd_0941_rollout_015_prefix_1.json,dd_0941,15,1,no,daily_dilemmas,348,539
train,dd_0941_rollout_018_prefix_0.json,dd_0941,18,0,no,daily_dilemmas,171,315
train,dd_0941_rollout_027_prefix_1.json,dd_0941,27,1,no,daily_dilemmas,40,155
train,dd_0942_rollout_010_prefix_0.json,dd_0942,10,0,no,daily_dilemmas,605,822
train,dd_0942_rollout_014_prefix_0.json,dd_0942,14,0,yes,daily_dilemmas,845,1102
train,dd_0942_rollout_021_prefix_1.json,dd_0942,21,1,yes,daily_dilemmas,810,1060
train,dd_0943_rollout_000_prefix_1.json,dd_0943,0,1,no,daily_dilemmas,318,499
train,dd_0943_rollout_001_prefix_0.json,dd_0943,1,0,yes,daily_dilemmas,597,830
train,dd_0943_rollout_021_prefix_1.json,dd_0943,21,1,no,daily_dilemmas,90,218
train,dd_0943_rollout_025_prefix_0.json,dd_0943,25,0,yes,daily_dilemmas,642,882
train,dd_0948_rollout_005_prefix_2.json,dd_0948,5,2,no,daily_dilemmas,322,493
train,dd_0948_rollout_011_prefix_1.json,dd_0948,11,1,no,daily_dilemmas,715,941
train,dd_0948_rollout_026_prefix_2.json,dd_0948,26,2,no,daily_dilemmas,156,286
train,dd_0950_rollout_000_prefix_2.json,dd_0950,0,2,no,daily_dilemmas,915,1179
train,dd_0950_rollout_005_prefix_2.json,dd_0950,5,2,no,daily_dilemmas,1035,1375
train,dd_0950_rollout_006_prefix_0.json,dd_0950,6,0,no,daily_dilemmas,584,796
train,dd_0950_rollout_018_prefix_2.json,dd_0950,18,2,no,daily_dilemmas,163,298
train,dd_0950_rollout_029_prefix_0.json,dd_0950,29,0,yes,daily_dilemmas,680,918
train,dd_0957_rollout_011_prefix_0.json,dd_0957,11,0,yes,daily_dilemmas,374,554
train,dd_0957_rollout_023_prefix_1.json,dd_0957,23,1,no,daily_dilemmas,386,569
train,dd_0957_rollout_027_prefix_1.json,dd_0957,27,1,yes,daily_dilemmas,661,878
train,dd_0959_rollout_002_prefix_0.json,dd_0959,2,0,yes,daily_dilemmas,882,1168
train,dd_0959_rollout_003_prefix_0.json,dd_0959,3,0,yes,daily_dilemmas,648,880
train,dd_0959_rollout_006_prefix_3.json,dd_0959,6,3,no,daily_dilemmas,203,369
train,dd_0959_rollout_009_prefix_0.json,dd_0959,9,0,no,daily_dilemmas,904,1164
train,dd_0959_rollout_014_prefix_3.json,dd_0959,14,3,no,daily_dilemmas,65,175
train,dd_0959_rollout_015_prefix_0.json,dd_0959,15,0,no,daily_dilemmas,477,687
train,dd_0959_rollout_028_prefix_0.json,dd_0959,28,0,yes,daily_dilemmas,998,1307
train,dd_0959_rollout_029_prefix_1.json,dd_0959,29,1,no,daily_dilemmas,140,263
train,dd_0964_rollout_003_prefix_1.json,dd_0964,3,1,yes,daily_dilemmas,464,667
train,dd_0964_rollout_003_prefix_2.json,dd_0964,3,2,no,daily_dilemmas,209,360
train,dd_0964_rollout_014_prefix_0.json,dd_0964,14,0,yes,daily_dilemmas,575,815
train,dd_0964_rollout_021_prefix_2.json,dd_0964,21,2,no,daily_dilemmas,259,423
train,dd_0964_rollout_023_prefix_0.json,dd_0964,23,0,yes,daily_dilemmas,768,1037
train,dd_0964_rollout_024_prefix_1.json,dd_0964,24,1,yes,daily_dilemmas,656,908
train,dd_0964_rollout_026_prefix_1.json,dd_0964,26,1,no,daily_dilemmas,487,714
train,dd_0971_rollout_014_prefix_0.json,dd_0971,14,0,yes,daily_dilemmas,719,964
train,dd_0974_rollout_004_prefix_0.json,dd_0974,4,0,yes,daily_dilemmas,948,1245
train,dd_0974_rollout_004_prefix_2.json,dd_0974,4,2,no,daily_dilemmas,273,451
train,dd_0974_rollout_018_prefix_3.json,dd_0974,18,3,no,daily_dilemmas,167,327
train,dd_0974_rollout_021_prefix_2.json,dd_0974,21,2,no,daily_dilemmas,182,342
train,dd_0974_rollout_022_prefix_0.json,dd_0974,22,0,yes,daily_dilemmas,580,831
train,dd_0974_rollout_024_prefix_0.json,dd_0974,24,0,yes,daily_dilemmas,484,712
train,dd_0977_rollout_022_prefix_2.json,dd_0977,22,2,yes,daily_dilemmas,403,611
train,dd_0980_rollout_002_prefix_0.json,dd_0980,2,0,no,daily_dilemmas,703,1005
train,dd_0980_rollout_010_prefix_0.json,dd_0980,10,0,no,daily_dilemmas,326,511
train,dd_0980_rollout_015_prefix_2.json,dd_0980,15,2,no,daily_dilemmas,564,799
train,dd_0980_rollout_021_prefix_0.json,dd_0980,21,0,yes,daily_dilemmas,586,824
train,dd_0981_rollout_000_prefix_2.json,dd_0981,0,2,yes,daily_dilemmas,763,1005
train,dd_0981_rollout_004_prefix_1.json,dd_0981,4,1,no,daily_dilemmas,77,180
train,dd_0981_rollout_012_prefix_0.json,dd_0981,12,0,yes,daily_dilemmas,560,781
train,dd_0981_rollout_016_prefix_1.json,dd_0981,16,1,no,daily_dilemmas,283,433
train,dd_0981_rollout_019_prefix_0.json,dd_0981,19,0,yes,daily_dilemmas,886,1130
train,dd_0981_rollout_024_prefix_1.json,dd_0981,24,1,no,daily_dilemmas,95,198
train,dd_0981_rollout_025_prefix_0.json,dd_0981,25,0,yes,daily_dilemmas,609,813
train,dd_0981_rollout_027_prefix_0.json,dd_0981,27,0,no,daily_dilemmas,422,597
train,dd_0981_rollout_027_prefix_1.json,dd_0981,27,1,no,daily_dilemmas,222,349
train,dd_0984_rollout_000_prefix_3.json,dd_0984,0,3,no,daily_dilemmas,35,137
train,dd_0984_rollout_002_prefix_1.json,dd_0984,2,1,yes,daily_dilemmas,799,1080
train,dd_0984_rollout_012_prefix_0.json,dd_0984,12,0,yes,daily_dilemmas,963,1265
train,dd_0984_rollout_018_prefix_1.json,dd_0984,18,1,no,daily_dilemmas,516,728
train,dd_0984_rollout_024_prefix_0.json,dd_0984,24,0,yes,daily_dilemmas,1137,1455
train,dd_0984_rollout_027_prefix_2.json,dd_0984,27,2,no,daily_dilemmas,98,211
train,dd_0986_rollout_013_prefix_0.json,dd_0986,13,0,yes,daily_dilemmas,919,1227
train,dd_0986_rollout_021_prefix_4.json,dd_0986,21,4,no,daily_dilemmas,328,478
train,dd_0986_rollout_025_prefix_1.json,dd_0986,25,1,no,daily_dilemmas,241,377
train,dd_0986_rollout_027_prefix_0.json,dd_0986,27,0,no,daily_dilemmas,200,328
train,dd_0986_rollout_029_prefix_2.json,dd_0986,29,2,no,daily_dilemmas,220,356
train,dd_0993_rollout_001_prefix_0.json,dd_0993,1,0,yes,daily_dilemmas,1011,1311
train,dd_0993_rollout_002_prefix_2.json,dd_0993,2,2,no,daily_dilemmas,486,711
train,dd_0993_rollout_006_prefix_1.json,dd_0993,6,1,yes,daily_dilemmas,878,1184
train,dd_0993_rollout_013_prefix_0.json,dd_0993,13,0,yes,daily_dilemmas,885,1200
train,dd_0993_rollout_016_prefix_0.json,dd_0993,16,0,no,daily_dilemmas,240,395
train,dd_0993_rollout_018_prefix_0.json,dd_0993,18,0,yes,daily_dilemmas,654,874
train,dd_0993_rollout_027_prefix_0.json,dd_0993,27,0,yes,daily_dilemmas,893,1201
train,dd_1004_rollout_021_prefix_1.json,dd_1004,21,1,no,daily_dilemmas,247,411
train,dd_1004_rollout_021_prefix_2.json,dd_1004,21,2,no,daily_dilemmas,47,157
train,dd_1004_rollout_027_prefix_1.json,dd_1004,27,1,no,daily_dilemmas,568,785
train,dd_1004_rollout_028_prefix_4.json,dd_1004,28,4,no,daily_dilemmas,364,543
train,dd_1006_rollout_002_prefix_0.json,dd_1006,2,0,yes,daily_dilemmas,922,1208
train,dd_1006_rollout_003_prefix_1.json,dd_1006,3,1,no,daily_dilemmas,515,719
train,dd_1006_rollout_007_prefix_3.json,dd_1006,7,3,no,daily_dilemmas,183,306
train,dd_1006_rollout_017_prefix_0.json,dd_1006,17,0,yes,daily_dilemmas,815,1042
train,dd_1006_rollout_023_prefix_0.json,dd_1006,23,0,yes,daily_dilemmas,894,1189
train,dd_1007_rollout_009_prefix_1.json,dd_1007,9,1,no,daily_dilemmas,66,181
train,dd_1007_rollout_012_prefix_0.json,dd_1007,12,0,yes,daily_dilemmas,992,1317
train,dd_1007_rollout_013_prefix_0.json,dd_1007,13,0,yes,daily_dilemmas,866,1160
train,dd_1007_rollout_017_prefix_0.json,dd_1007,17,0,yes,daily_dilemmas,753,1003
train,dd_1013_rollout_008_prefix_5.json,dd_1013,8,5,no,daily_dilemmas,23,136
train,dd_1013_rollout_018_prefix_0.json,dd_1013,18,0,yes,daily_dilemmas,364,584
train,dd_1013_rollout_022_prefix_3.json,dd_1013,22,3,no,daily_dilemmas,97,224
train,dd_1013_rollout_025_prefix_1.json,dd_1013,25,1,yes,daily_dilemmas,516,757
train,dd_1013_rollout_026_prefix_0.json,dd_1013,26,0,yes,daily_dilemmas,637,892
train,dd_1013_rollout_027_prefix_1.json,dd_1013,27,1,yes,daily_dilemmas,743,1002
train,dd_1023_rollout_001_prefix_0.json,dd_1023,1,0,yes,daily_dilemmas,518,742
train,dd_1023_rollout_008_prefix_0.json,dd_1023,8,0,yes,daily_dilemmas,782,1075
train,dd_1023_rollout_009_prefix_1.json,dd_1023,9,1,yes,daily_dilemmas,554,767
train,dd_1023_rollout_019_prefix_1.json,dd_1023,19,1,no,daily_dilemmas,209,356
train,dd_1023_rollout_024_prefix_0.json,dd_1023,24,0,yes,daily_dilemmas,725,979
train,dd_1026_rollout_008_prefix_0.json,dd_1026,8,0,yes,daily_dilemmas,1185,1526
train,dd_1026_rollout_010_prefix_0.json,dd_1026,10,0,yes,daily_dilemmas,1031,1339
train,dd_1026_rollout_013_prefix_1.json,dd_1026,13,1,no,daily_dilemmas,616,825
train,dd_1026_rollout_019_prefix_3.json,dd_1026,19,3,yes,daily_dilemmas,1098,1404
train,dd_1026_rollout_021_prefix_3.json,dd_1026,21,3,no,daily_dilemmas,376,533
train,dd_1026_rollout_022_prefix_1.json,dd_1026,22,1,no,daily_dilemmas,443,642
train,dd_1026_rollout_023_prefix_1.json,dd_1026,23,1,yes,daily_dilemmas,1227,1498
train,dd_1027_rollout_005_prefix_0.json,dd_1027,5,0,yes,daily_dilemmas,744,1020
train,dd_1027_rollout_028_prefix_2.json,dd_1027,28,2,no,daily_dilemmas,257,425
train,dd_1037_rollout_024_prefix_1.json,dd_1037,24,1,no,daily_dilemmas,131,268
train,dd_1038_rollout_001_prefix_1.json,dd_1038,1,1,no,daily_dilemmas,696,982
train,dd_1038_rollout_005_prefix_0.json,dd_1038,5,0,yes,daily_dilemmas,822,1142
train,dd_1038_rollout_009_prefix_0.json,dd_1038,9,0,yes,daily_dilemmas,894,1219
train,dd_1038_rollout_009_prefix_1.json,dd_1038,9,1,no,daily_dilemmas,619,880
train,dd_1038_rollout_014_prefix_2.json,dd_1038,14,2,no,daily_dilemmas,128,262
train,dd_1038_rollout_023_prefix_2.json,dd_1038,23,2,no,daily_dilemmas,192,360
train,dd_1048_rollout_002_prefix_0.json,dd_1048,2,0,no,daily_dilemmas,459,669
train,dd_1048_rollout_017_prefix_1.json,dd_1048,17,1,yes,daily_dilemmas,699,920
train,dd_1048_rollout_028_prefix_0.json,dd_1048,28,0,yes,daily_dilemmas,750,1010
train,dd_1056_rollout_000_prefix_1.json,dd_1056,0,1,yes,daily_dilemmas,708,957
train,dd_1056_rollout_001_prefix_1.json,dd_1056,1,1,no,daily_dilemmas,192,332
train,dd_1056_rollout_006_prefix_0.json,dd_1056,6,0,yes,daily_dilemmas,733,1027
train,dd_1056_rollout_007_prefix_1.json,dd_1056,7,1,no,daily_dilemmas,236,383
train,dd_1056_rollout_022_prefix_0.json,dd_1056,22,0,no,daily_dilemmas,784,1049
train,dd_1056_rollout_025_prefix_0.json,dd_1056,25,0,yes,daily_dilemmas,567,801
train,dd_1056_rollout_027_prefix_0.json,dd_1056,27,0,yes,daily_dilemmas,634,877
train,dd_1058_rollout_003_prefix_0.json,dd_1058,3,0,yes,daily_dilemmas,446,662
train,dd_1058_rollout_004_prefix_0.json,dd_1058,4,0,yes,daily_dilemmas,458,670
train,dd_1058_rollout_004_prefix_1.json,dd_1058,4,1,no,daily_dilemmas,193,357
train,dd_1058_rollout_017_prefix_0.json,dd_1058,17,0,no,daily_dilemmas,156,319
train,dd_1058_rollout_024_prefix_2.json,dd_1058,24,2,yes,daily_dilemmas,582,847
train,dd_1096_rollout_000_prefix_0.json,dd_1096,0,0,yes,daily_dilemmas,726,986
train,dd_1096_rollout_000_prefix_1.json,dd_1096,0,1,no,daily_dilemmas,451,667
train,dd_1096_rollout_007_prefix_1.json,dd_1096,7,1,no,daily_dilemmas,165,319
train,dd_1096_rollout_008_prefix_0.json,dd_1096,8,0,yes,daily_dilemmas,711,1030
train,dd_1096_rollout_015_prefix_1.json,dd_1096,15,1,yes,daily_dilemmas,681,942
train,dd_1096_rollout_017_prefix_0.json,dd_1096,17,0,yes,daily_dilemmas,515,737
train,dd_1101_rollout_001_prefix_0.json,dd_1101,1,0,no,daily_dilemmas,424,609
train,dd_1101_rollout_004_prefix_0.json,dd_1101,4,0,yes,daily_dilemmas,532,751
train,dd_1101_rollout_005_prefix_0.json,dd_1101,5,0,yes,daily_dilemmas,613,854
train,dd_1101_rollout_007_prefix_1.json,dd_1101,7,1,yes,daily_dilemmas,269,438
train,dd_1101_rollout_010_prefix_0.json,dd_1101,10,0,yes,daily_dilemmas,917,1210
train,dd_1101_rollout_014_prefix_1.json,dd_1101,14,1,yes,daily_dilemmas,486,703
train,dd_1101_rollout_022_prefix_0.json,dd_1101,22,0,yes,daily_dilemmas,578,808
train,dd_1101_rollout_028_prefix_1.json,dd_1101,28,1,no,daily_dilemmas,235,385
train,dd_1109_rollout_004_prefix_0.json,dd_1109,4,0,yes,daily_dilemmas,1077,1420
train,dd_1109_rollout_010_prefix_0.json,dd_1109,10,0,no,daily_dilemmas,792,1055
train,dd_1109_rollout_010_prefix_1.json,dd_1109,10,1,no,daily_dilemmas,592,820
train,dd_1109_rollout_015_prefix_0.json,dd_1109,15,0,yes,daily_dilemmas,529,741
train,dd_1112_rollout_009_prefix_0.json,dd_1112,9,0,yes,daily_dilemmas,501,734
train,dd_1112_rollout_022_prefix_1.json,dd_1112,22,1,no,daily_dilemmas,511,732
train,dd_1115_rollout_000_prefix_0.json,dd_1115,0,0,yes,daily_dilemmas,827,1101
train,dd_1115_rollout_005_prefix_0.json,dd_1115,5,0,yes,daily_dilemmas,904,1227
train,dd_1115_rollout_014_prefix_2.json,dd_1115,14,2,no,daily_dilemmas,36,143
train,dd_1115_rollout_023_prefix_0.json,dd_1115,23,0,no,daily_dilemmas,214,366
train,dd_1115_rollout_026_prefix_0.json,dd_1115,26,0,no,daily_dilemmas,409,601
train,dd_1123_rollout_001_prefix_3.json,dd_1123,1,3,no,daily_dilemmas,54,166
train,dd_1123_rollout_019_prefix_0.json,dd_1123,19,0,yes,daily_dilemmas,542,752
train,dd_1123_rollout_021_prefix_1.json,dd_1123,21,1,no,daily_dilemmas,557,790
train,dd_1123_rollout_027_prefix_0.json,dd_1123,27,0,yes,daily_dilemmas,615,837
train,dd_1124_rollout_001_prefix_1.json,dd_1124,1,1,yes,daily_dilemmas,824,1076
train,dd_1124_rollout_013_prefix_0.json,dd_1124,13,0,yes,daily_dilemmas,778,1013
train,dd_1124_rollout_014_prefix_1.json,dd_1124,14,1,no,daily_dilemmas,261,407
train,dd_1124_rollout_025_prefix_0.json,dd_1124,25,0,yes,daily_dilemmas,435,641
train,dd_1126_rollout_000_prefix_2.json,dd_1126,0,2,no,daily_dilemmas,1067,1372
train,dd_1126_rollout_003_prefix_1.json,dd_1126,3,1,no,daily_dilemmas,211,370
train,dd_1126_rollout_006_prefix_0.json,dd_1126,6,0,yes,daily_dilemmas,1132,1451
train,dd_1126_rollout_010_prefix_0.json,dd_1126,10,0,no,daily_dilemmas,444,643
train,dd_1126_rollout_014_prefix_1.json,dd_1126,14,1,no,daily_dilemmas,740,1011
train,dd_1126_rollout_020_prefix_0.json,dd_1126,20,0,yes,daily_dilemmas,1132,1431
train,dd_1126_rollout_020_prefix_1.json,dd_1126,20,1,no,daily_dilemmas,867,1123
train,dd_1126_rollout_020_prefix_2.json,dd_1126,20,2,no,daily_dilemmas,467,661
train,dd_1126_rollout_028_prefix_2.json,dd_1126,28,2,no,daily_dilemmas,511,726
train,dd_1136_rollout_002_prefix_0.json,dd_1136,2,0,yes,daily_dilemmas,609,849
train,dd_1136_rollout_012_prefix_0.json,dd_1136,12,0,yes,daily_dilemmas,387,568
train,dd_1136_rollout_016_prefix_2.json,dd_1136,16,2,yes,daily_dilemmas,661,916
train,dd_1136_rollout_018_prefix_3.json,dd_1136,18,3,no,daily_dilemmas,341,526
train,dd_1136_rollout_029_prefix_1.json,dd_1136,29,1,no,daily_dilemmas,348,526
train,dd_1148_rollout_000_prefix_0.json,dd_1148,0,0,no,daily_dilemmas,374,557
train,dd_1148_rollout_003_prefix_2.json,dd_1148,3,2,no,daily_dilemmas,395,596
train,dd_1148_rollout_017_prefix_1.json,dd_1148,17,1,no,daily_dilemmas,233,385
train,dd_1148_rollout_024_prefix_0.json,dd_1148,24,0,yes,daily_dilemmas,694,928
train,dd_1148_rollout_026_prefix_1.json,dd_1148,26,1,yes,daily_dilemmas,1112,1472
train,dd_1157_rollout_019_prefix_0.json,dd_1157,19,0,yes,daily_dilemmas,722,945
train,dd_1157_rollout_020_prefix_2.json,dd_1157,20,2,no,daily_dilemmas,176,299
train,dd_1157_rollout_026_prefix_1.json,dd_1157,26,1,no,daily_dilemmas,160,279
train,dd_1157_rollout_028_prefix_1.json,dd_1157,28,1,no,daily_dilemmas,304,459
train,dd_1159_rollout_003_prefix_0.json,dd_1159,3,0,no,daily_dilemmas,58,169
train,dd_1159_rollout_006_prefix_2.json,dd_1159,6,2,no,daily_dilemmas,488,683
train,dd_1159_rollout_007_prefix_0.json,dd_1159,7,0,no,daily_dilemmas,658,902
train,dd_1159_rollout_017_prefix_2.json,dd_1159,17,2,yes,daily_dilemmas,936,1239
train,dd_1159_rollout_027_prefix_0.json,dd_1159,27,0,no,daily_dilemmas,648,895
train,dd_1163_rollout_002_prefix_0.json,dd_1163,2,0,no,daily_dilemmas,458,645
train,dd_1163_rollout_025_prefix_1.json,dd_1163,25,1,no,daily_dilemmas,395,566
train,dd_1163_rollout_029_prefix_2.json,dd_1163,29,2,no,daily_dilemmas,46,148
train,dd_1168_rollout_002_prefix_0.json,dd_1168,2,0,yes,daily_dilemmas,676,930
train,dd_1168_rollout_005_prefix_1.json,dd_1168,5,1,yes,daily_dilemmas,606,832
train,dd_1168_rollout_012_prefix_1.json,dd_1168,12,1,yes,daily_dilemmas,722,995
train,dd_1168_rollout_017_prefix_0.json,dd_1168,17,0,yes,daily_dilemmas,582,810
train,dd_1168_rollout_018_prefix_1.json,dd_1168,18,1,no,daily_dilemmas,367,550
train,dd_1168_rollout_027_prefix_1.json,dd_1168,27,1,no,daily_dilemmas,809,1061
train,dd_1168_rollout_027_prefix_2.json,dd_1168,27,2,no,daily_dilemmas,209,339
train,dd_1168_rollout_028_prefix_4.json,dd_1168,28,4,no,daily_dilemmas,494,698
train,dd_1168_rollout_029_prefix_0.json,dd_1168,29,0,yes,daily_dilemmas,1050,1389
train,dd_1170_rollout_004_prefix_2.json,dd_1170,4,2,no,daily_dilemmas,188,340
train,dd_1170_rollout_009_prefix_1.json,dd_1170,9,1,yes,daily_dilemmas,694,973
train,dd_1170_rollout_011_prefix_1.json,dd_1170,11,1,no,daily_dilemmas,432,644
train,dd_1170_rollout_014_prefix_1.json,dd_1170,14,1,no,daily_dilemmas,27,145
train,dd_1170_rollout_025_prefix_3.json,dd_1170,25,3,no,daily_dilemmas,328,506
train,dd_1170_rollout_029_prefix_1.json,dd_1170,29,1,yes,daily_dilemmas,599,868
train,dd_1186_rollout_003_prefix_0.json,dd_1186,3,0,yes,daily_dilemmas,906,1223
train,dd_1186_rollout_006_prefix_0.json,dd_1186,6,0,yes,daily_dilemmas,798,1073
train,dd_1186_rollout_027_prefix_1.json,dd_1186,27,1,no,daily_dilemmas,255,413
train,dd_1192_rollout_005_prefix_0.json,dd_1192,5,0,yes,daily_dilemmas,723,976
train,dd_1192_rollout_015_prefix_0.json,dd_1192,15,0,yes,daily_dilemmas,749,1036
train,dd_1192_rollout_016_prefix_0.json,dd_1192,16,0,yes,daily_dilemmas,908,1198
train,dd_1192_rollout_022_prefix_0.json,dd_1192,22,0,yes,daily_dilemmas,608,832
train,dd_1210_rollout_002_prefix_2.json,dd_1210,2,2,no,daily_dilemmas,201,333
train,dd_1210_rollout_010_prefix_3.json,dd_1210,10,3,no,daily_dilemmas,594,791
train,dd_1210_rollout_015_prefix_0.json,dd_1210,15,0,yes,daily_dilemmas,566,773
train,dd_1210_rollout_021_prefix_0.json,dd_1210,21,0,yes,daily_dilemmas,882,1131
train,dd_1210_rollout_023_prefix_2.json,dd_1210,23,2,no,daily_dilemmas,531,721
train,dd_1210_rollout_026_prefix_1.json,dd_1210,26,1,no,daily_dilemmas,440,616
train,dd_1227_rollout_005_prefix_0.json,dd_1227,5,0,yes,daily_dilemmas,648,902
train,dd_1227_rollout_008_prefix_0.json,dd_1227,8,0,no,daily_dilemmas,93,202
train,dd_1227_rollout_009_prefix_0.json,dd_1227,9,0,yes,daily_dilemmas,833,1120
train,dd_1227_rollout_017_prefix_1.json,dd_1227,17,1,yes,daily_dilemmas,838,1080
train,dd_1227_rollout_017_prefix_3.json,dd_1227,17,3,no,daily_dilemmas,373,528
train,dd_1227_rollout_023_prefix_2.json,dd_1227,23,2,no,daily_dilemmas,39,135
train,dd_1227_rollout_026_prefix_0.json,dd_1227,26,0,yes,daily_dilemmas,686,927
train,dd_1227_rollout_027_prefix_0.json,dd_1227,27,0,yes,daily_dilemmas,650,897
train,dd_1228_rollout_001_prefix_3.json,dd_1228,1,3,yes,daily_dilemmas,717,976
train,dd_1250_rollout_000_prefix_2.json,dd_1250,0,2,no,daily_dilemmas,468,667
train,dd_1250_rollout_002_prefix_2.json,dd_1250,2,2,no,daily_dilemmas,269,417
train,dd_1250_rollout_005_prefix_1.json,dd_1250,5,1,yes,daily_dilemmas,590,821
train,dd_1250_rollout_010_prefix_2.json,dd_1250,10,2,no,daily_dilemmas,436,634
train,dd_1250_rollout_017_prefix_1.json,dd_1250,17,1,no,daily_dilemmas,181,311
train,dd_1250_rollout_025_prefix_1.json,dd_1250,25,1,yes,daily_dilemmas,899,1169
train,dd_1253_rollout_011_prefix_0.json,dd_1253,11,0,yes,daily_dilemmas,620,858
train,dd_1270_rollout_006_prefix_0.json,dd_1270,6,0,yes,daily_dilemmas,953,1286
train,dd_1270_rollout_017_prefix_0.json,dd_1270,17,0,yes,daily_dilemmas,769,1049
train,dd_1270_rollout_022_prefix_0.json,dd_1270,22,0,yes,daily_dilemmas,861,1176
train,dd_1270_rollout_022_prefix_2.json,dd_1270,22,2,no,daily_dilemmas,386,604
train,dd_1270_rollout_025_prefix_0.json,dd_1270,25,0,yes,daily_dilemmas,882,1181
train,dd_1270_rollout_025_prefix_2.json,dd_1270,25,2,no,daily_dilemmas,217,372
train,dd_1270_rollout_026_prefix_1.json,dd_1270,26,1,no,daily_dilemmas,27,141
train,dd_1270_rollout_028_prefix_2.json,dd_1270,28,2,no,daily_dilemmas,107,235
train,dd_1274_rollout_000_prefix_1.json,dd_1274,0,1,no,daily_dilemmas,292,483
train,dd_1274_rollout_002_prefix_0.json,dd_1274,2,0,yes,daily_dilemmas,402,625
train,dd_1274_rollout_019_prefix_1.json,dd_1274,19,1,yes,daily_dilemmas,449,676
train,dd_1274_rollout_021_prefix_0.json,dd_1274,21,0,yes,daily_dilemmas,473,695
train,dd_1283_rollout_003_prefix_4.json,dd_1283,3,4,no,daily_dilemmas,320,497
train,dd_1283_rollout_006_prefix_1.json,dd_1283,6,1,yes,daily_dilemmas,1144,1525
train,dd_1283_rollout_009_prefix_1.json,dd_1283,9,1,no,daily_dilemmas,82,221
train,dd_1283_rollout_010_prefix_1.json,dd_1283,10,1,yes,daily_dilemmas,507,735
train,dd_1283_rollout_019_prefix_0.json,dd_1283,19,0,yes,daily_dilemmas,579,819
train,dd_1283_rollout_025_prefix_0.json,dd_1283,25,0,yes,daily_dilemmas,689,947
train,dd_1283_rollout_025_prefix_2.json,dd_1283,25,2,no,daily_dilemmas,34,147
train,dd_1284_rollout_000_prefix_2.json,dd_1284,0,2,no,daily_dilemmas,139,284
train,dd_1284_rollout_003_prefix_1.json,dd_1284,3,1,yes,daily_dilemmas,1179,1523
train,dd_1284_rollout_009_prefix_1.json,dd_1284,9,1,no,daily_dilemmas,358,563
train,dd_1284_rollout_010_prefix_0.json,dd_1284,10,0,yes,daily_dilemmas,1139,1548
train,dd_1284_rollout_010_prefix_4.json,dd_1284,10,4,no,daily_dilemmas,474,708
train,dd_1284_rollout_012_prefix_0.json,dd_1284,12,0,yes,daily_dilemmas,879,1189
train,dd_1284_rollout_024_prefix_0.json,dd_1284,24,0,yes,daily_dilemmas,619,887
train,dd_1285_rollout_008_prefix_0.json,dd_1285,8,0,no,daily_dilemmas,263,432
train,dd_1285_rollout_010_prefix_1.json,dd_1285,10,1,yes,daily_dilemmas,479,703
train,dd_1285_rollout_016_prefix_0.json,dd_1285,16,0,yes,daily_dilemmas,506,754
train,dd_1288_rollout_003_prefix_1.json,dd_1288,3,1,yes,daily_dilemmas,502,684
train,dd_1288_rollout_005_prefix_3.json,dd_1288,5,3,no,daily_dilemmas,218,341
train,dd_1288_rollout_016_prefix_1.json,dd_1288,16,1,yes,daily_dilemmas,495,692
train,dd_1288_rollout_017_prefix_1.json,dd_1288,17,1,yes,daily_dilemmas,828,1070
train,dd_1293_rollout_002_prefix_0.json,dd_1293,2,0,yes,daily_dilemmas,1015,1356
train,dd_1293_rollout_004_prefix_1.json,dd_1293,4,1,no,daily_dilemmas,187,328
train,dd_1293_rollout_008_prefix_1.json,dd_1293,8,1,no,daily_dilemmas,1079,1408
train,dd_1293_rollout_010_prefix_0.json,dd_1293,10,0,yes,daily_dilemmas,813,1093
train,dd_1293_rollout_014_prefix_0.json,dd_1293,14,0,yes,daily_dilemmas,678,937
train,dd_1293_rollout_021_prefix_1.json,dd_1293,21,1,no,daily_dilemmas,401,601
train,dd_1300_rollout_012_prefix_0.json,dd_1300,12,0,yes,daily_dilemmas,473,692
train,dd_1300_rollout_023_prefix_0.json,dd_1300,23,0,no,daily_dilemmas,86,228
train,dd_1300_rollout_025_prefix_0.json,dd_1300,25,0,no,daily_dilemmas,97,223
train,dd_1300_rollout_026_prefix_1.json,dd_1300,26,1,no,daily_dilemmas,375,589
train,dd_1305_rollout_002_prefix_1.json,dd_1305,2,1,yes,daily_dilemmas,613,883
train,dd_1305_rollout_008_prefix_0.json,dd_1305,8,0,no,daily_dilemmas,390,610
train,dd_1305_rollout_013_prefix_0.json,dd_1305,13,0,yes,daily_dilemmas,620,886
train,dd_1305_rollout_014_prefix_0.json,dd_1305,14,0,no,daily_dilemmas,286,475
train,dd_1305_rollout_021_prefix_0.json,dd_1305,21,0,yes,daily_dilemmas,515,754
train,dd_1307_rollout_027_prefix_0.json,dd_1307,27,0,yes,daily_dilemmas,639,894
train,dd_1310_rollout_004_prefix_0.json,dd_1310,4,0,no,daily_dilemmas,630,931
train,dd_1310_rollout_010_prefix_1.json,dd_1310,10,1,no,daily_dilemmas,86,201
train,dd_1310_rollout_014_prefix_0.json,dd_1310,14,0,yes,daily_dilemmas,769,1052
train,dd_1310_rollout_019_prefix_2.json,dd_1310,19,2,no,daily_dilemmas,318,488
train,dd_1310_rollout_024_prefix_0.json,dd_1310,24,0,no,daily_dilemmas,307,470
train,dd_1310_rollout_025_prefix_1.json,dd_1310,25,1,no,daily_dilemmas,107,221
train,dd_1310_rollout_027_prefix_0.json,dd_1310,27,0,yes,daily_dilemmas,482,697
train,dd_1313_rollout_007_prefix_0.json,dd_1313,7,0,yes,daily_dilemmas,557,781
train,dd_1313_rollout_014_prefix_0.json,dd_1313,14,0,yes,daily_dilemmas,805,1078
train,dd_1313_rollout_018_prefix_2.json,dd_1313,18,2,no,daily_dilemmas,285,452
train,dd_1340_rollout_012_prefix_2.json,dd_1340,12,2,no,daily_dilemmas,619,843
train,dd_1340_rollout_017_prefix_0.json,dd_1340,17,0,no,daily_dilemmas,397,579
train,dd_1340_rollout_028_prefix_1.json,dd_1340,28,1,no,daily_dilemmas,106,235
train,dd_1346_rollout_000_prefix_0.json,dd_1346,0,0,yes,daily_dilemmas,540,793
train,dd_1346_rollout_002_prefix_1.json,dd_1346,2,1,no,daily_dilemmas,130,261
train,dd_1346_rollout_004_prefix_1.json,dd_1346,4,1,yes,daily_dilemmas,667,911
train,dd_1346_rollout_007_prefix_1.json,dd_1346,7,1,yes,daily_dilemmas,648,900
train,dd_1346_rollout_016_prefix_0.json,dd_1346,16,0,no,daily_dilemmas,313,485
train,dd_1346_rollout_019_prefix_0.json,dd_1346,19,0,yes,daily_dilemmas,627,871
train,dd_1346_rollout_028_prefix_1.json,dd_1346,28,1,yes,daily_dilemmas,908,1197
train,gpqa_chem_000_rollout_004_prefix_1.json,gpqa_chem_000,4,1,yes,gpqa_chem,3739,6157
train,gpqa_chem_000_rollout_010_prefix_2.json,gpqa_chem_000,10,2,yes,gpqa_chem,3421,5919
train,gpqa_chem_000_rollout_016_prefix_0.json,gpqa_chem_000,16,0,yes,gpqa_chem,3925,6695
train,gpqa_chem_000_rollout_029_prefix_0.json,gpqa_chem_000,29,0,yes,gpqa_chem,2158,3756
train,gpqa_chem_001_rollout_004_prefix_1.json,gpqa_chem_001,4,1,no,gpqa_chem,9296,16179
train,gpqa_chem_001_rollout_005_prefix_7.json,gpqa_chem_001,5,7,no,gpqa_chem,409,918
train,gpqa_chem_001_rollout_009_prefix_0.json,gpqa_chem_001,9,0,yes,gpqa_chem,8615,14918
train,gpqa_chem_001_rollout_011_prefix_2.json,gpqa_chem_001,11,2,yes,gpqa_chem,6977,12149
train,gpqa_chem_001_rollout_011_prefix_3.json,gpqa_chem_001,11,3,no,gpqa_chem,2132,4225
train,gpqa_chem_001_rollout_012_prefix_1.json,gpqa_chem_001,12,1,no,gpqa_chem,1573,3022
train,gpqa_chem_001_rollout_015_prefix_0.json,gpqa_chem_001,15,0,no,gpqa_chem,7306,12941
train,gpqa_chem_001_rollout_016_prefix_1.json,gpqa_chem_001,16,1,no,gpqa_chem,4890,8753
train,gpqa_chem_001_rollout_022_prefix_1.json,gpqa_chem_001,22,1,no,gpqa_chem,924,1782
train,gpqa_chem_002_rollout_007_prefix_0.json,gpqa_chem_002,7,0,no,gpqa_chem,1495,3362
train,gpqa_chem_002_rollout_012_prefix_0.json,gpqa_chem_002,12,0,yes,gpqa_chem,6541,13227
train,gpqa_chem_002_rollout_013_prefix_0.json,gpqa_chem_002,13,0,yes,gpqa_chem,1097,2073
train,gpqa_chem_002_rollout_018_prefix_0.json,gpqa_chem_002,18,0,no,gpqa_chem,4277,9090
train,gpqa_chem_002_rollout_021_prefix_0.json,gpqa_chem_002,21,0,yes,gpqa_chem,1403,2503
train,gpqa_chem_002_rollout_022_prefix_0.json,gpqa_chem_002,22,0,yes,gpqa_chem,3283,6142
train,gpqa_chem_003_rollout_000_prefix_0.json,gpqa_chem_003,0,0,yes,gpqa_chem,5974,9331
train,gpqa_chem_003_rollout_005_prefix_2.json,gpqa_chem_003,5,2,no,gpqa_chem,2909,4580
train,gpqa_chem_003_rollout_009_prefix_0.json,gpqa_chem_003,9,0,yes,gpqa_chem,5240,8227
train,gpqa_chem_003_rollout_009_prefix_2.json,gpqa_chem_003,9,2,no,gpqa_chem,1385,2353
train,gpqa_chem_003_rollout_010_prefix_0.json,gpqa_chem_003,10,0,yes,gpqa_chem,5563,8439
train,gpqa_chem_003_rollout_022_prefix_1.json,gpqa_chem_003,22,1,no,gpqa_chem,5459,8428
train,gpqa_chem_003_rollout_026_prefix_0.json,gpqa_chem_003,26,0,yes,gpqa_chem,5265,7980
train,gpqa_chem_004_rollout_000_prefix_1.json,gpqa_chem_004,0,1,no,gpqa_chem,2058,4386
train,gpqa_chem_004_rollout_010_prefix_0.json,gpqa_chem_004,10,0,yes,gpqa_chem,4642,8817
train,gpqa_chem_004_rollout_012_prefix_0.json,gpqa_chem_004,12,0,yes,gpqa_chem,1935,4191
train,gpqa_chem_004_rollout_020_prefix_0.json,gpqa_chem_004,20,0,yes,gpqa_chem,4200,7925
train,gpqa_chem_005_rollout_000_prefix_1.json,gpqa_chem_005,0,1,no,gpqa_chem,3238,6254
train,gpqa_chem_005_rollout_003_prefix_2.json,gpqa_chem_005,3,2,no,gpqa_chem,3003,5501
train,gpqa_chem_005_rollout_004_prefix_4.json,gpqa_chem_005,4,4,no,gpqa_chem,2046,3830
train,gpqa_chem_005_rollout_011_prefix_0.json,gpqa_chem_005,11,0,yes,gpqa_chem,5734,11516
train,gpqa_chem_005_rollout_016_prefix_0.json,gpqa_chem_005,16,0,no,gpqa_chem,4784,9225
train,gpqa_chem_005_rollout_022_prefix_4.json,gpqa_chem_005,22,4,no,gpqa_chem,3908,7597
train,gpqa_chem_005_rollout_028_prefix_2.json,gpqa_chem_005,28,2,no,gpqa_chem,1339,2525
train,gpqa_chem_005_rollout_029_prefix_1.json,gpqa_chem_005,29,1,no,gpqa_chem,5455,10528
train,gpqa_chem_006_rollout_001_prefix_1.json,gpqa_chem_006,1,1,no,gpqa_chem,4243,7143
train,gpqa_chem_006_rollout_002_prefix_1.json,gpqa_chem_006,2,1,no,gpqa_chem,696,1352
train,gpqa_chem_006_rollout_028_prefix_0.json,gpqa_chem_006,28,0,yes,gpqa_chem,3434,5737
train,gpqa_chem_006_rollout_029_prefix_0.json,gpqa_chem_006,29,0,no,gpqa_chem,1030,1835
train,gpqa_chem_007_rollout_010_prefix_0.json,gpqa_chem_007,10,0,yes,gpqa_chem,1099,1964
train,gpqa_chem_007_rollout_020_prefix_0.json,gpqa_chem_007,20,0,yes,gpqa_chem,1537,2560
train,gpqa_chem_008_rollout_006_prefix_0.json,gpqa_chem_008,6,0,yes,gpqa_chem,1411,2060
train,gpqa_chem_008_rollout_012_prefix_0.json,gpqa_chem_008,12,0,yes,gpqa_chem,1692,2463
train,gpqa_chem_008_rollout_017_prefix_1.json,gpqa_chem_008,17,1,no,gpqa_chem,1745,2426
train,gpqa_chem_009_rollout_009_prefix_1.json,gpqa_chem_009,9,1,yes,gpqa_chem,869,2179
train,gpqa_chem_009_rollout_017_prefix_0.json,gpqa_chem_009,17,0,yes,gpqa_chem,523,1229
train,gpqa_chem_009_rollout_021_prefix_1.json,gpqa_chem_009,21,1,no,gpqa_chem,246,558
train,gpqa_chem_010_rollout_011_prefix_2.json,gpqa_chem_010,11,2,no,gpqa_chem,1127,1733
train,gpqa_chem_011_rollout_010_prefix_2.json,gpqa_chem_011,10,2,no,gpqa_chem,2133,4171
train,gpqa_chem_011_rollout_026_prefix_1.json,gpqa_chem_011,26,1,yes,gpqa_chem,478,1029
train,gpqa_chem_011_rollout_029_prefix_1.json,gpqa_chem_011,29,1,yes,gpqa_chem,6283,11578
train,gpqa_chem_012_rollout_002_prefix_1.json,gpqa_chem_012,2,1,no,gpqa_chem,1151,2049
train,gpqa_chem_012_rollout_005_prefix_1.json,gpqa_chem_012,5,1,no,gpqa_chem,2059,3624
train,gpqa_chem_012_rollout_012_prefix_3.json,gpqa_chem_012,12,3,no,gpqa_chem,2156,3770
train,gpqa_chem_012_rollout_012_prefix_5.json,gpqa_chem_012,12,5,no,gpqa_chem,356,864
train,gpqa_chem_012_rollout_017_prefix_2.json,gpqa_chem_012,17,2,no,gpqa_chem,345,850
train,gpqa_chem_012_rollout_020_prefix_2.json,gpqa_chem_012,20,2,no,gpqa_chem,2034,3466
train,gpqa_chem_012_rollout_022_prefix_0.json,gpqa_chem_012,22,0,yes,gpqa_chem,4728,7485
train,gpqa_chem_012_rollout_023_prefix_5.json,gpqa_chem_012,23,5,no,gpqa_chem,2647,4205
train,gpqa_chem_013_rollout_001_prefix_2.json,gpqa_chem_013,1,2,no,gpqa_chem,1663,2686
train,gpqa_chem_013_rollout_004_prefix_0.json,gpqa_chem_013,4,0,no,gpqa_chem,2081,3514
train,gpqa_chem_013_rollout_023_prefix_0.json,gpqa_chem_013,23,0,yes,gpqa_chem,5725,9129
train,gpqa_chem_013_rollout_028_prefix_1.json,gpqa_chem_013,28,1,yes,gpqa_chem,5403,8956
train,gpqa_chem_013_rollout_028_prefix_2.json,gpqa_chem_013,28,2,no,gpqa_chem,4158,7016
train,gpqa_chem_014_rollout_008_prefix_0.json,gpqa_chem_014,8,0,yes,gpqa_chem,2755,4491
train,gpqa_chem_014_rollout_020_prefix_3.json,gpqa_chem_014,20,3,no,gpqa_chem,163,411
train,gpqa_chem_014_rollout_028_prefix_1.json,gpqa_chem_014,28,1,yes,gpqa_chem,4900,7526
train,gpqa_chem_015_rollout_000_prefix_2.json,gpqa_chem_015,0,2,no,gpqa_chem,321,830
train,gpqa_chem_015_rollout_003_prefix_0.json,gpqa_chem_015,3,0,yes,gpqa_chem,4064,7183
train,gpqa_chem_015_rollout_015_prefix_0.json,gpqa_chem_015,15,0,yes,gpqa_chem,3608,6597
train,gpqa_chem_015_rollout_015_prefix_1.json,gpqa_chem_015,15,1,no,gpqa_chem,1353,2745
train,gpqa_chem_015_rollout_022_prefix_0.json,gpqa_chem_015,22,0,yes,gpqa_chem,2676,4774
train,gpqa_chem_015_rollout_023_prefix_0.json,gpqa_chem_015,23,0,yes,gpqa_chem,3736,6644
train,gpqa_chem_016_rollout_000_prefix_1.json,gpqa_chem_016,0,1,no,gpqa_chem,1883,3259
train,gpqa_chem_016_rollout_016_prefix_0.json,gpqa_chem_016,16,0,yes,gpqa_chem,1445,2734
train,gpqa_chem_016_rollout_028_prefix_2.json,gpqa_chem_016,28,2,no,gpqa_chem,588,1159
train,gpqa_chem_016_rollout_029_prefix_0.json,gpqa_chem_016,29,0,yes,gpqa_chem,1845,3096
train,gpqa_chem_017_rollout_005_prefix_0.json,gpqa_chem_017,5,0,yes,gpqa_chem,719,1510
train,gpqa_chem_017_rollout_022_prefix_0.json,gpqa_chem_017,22,0,yes,gpqa_chem,758,1696
train,gpqa_chem_018_rollout_000_prefix_2.json,gpqa_chem_018,0,2,no,gpqa_chem,1215,2322
train,gpqa_chem_018_rollout_013_prefix_2.json,gpqa_chem_018,13,2,yes,gpqa_chem,1947,3507
train,gpqa_chem_018_rollout_017_prefix_1.json,gpqa_chem_018,17,1,no,gpqa_chem,2438,4074
train,gpqa_chem_019_rollout_001_prefix_2.json,gpqa_chem_019,1,2,no,gpqa_chem,1086,2557
train,gpqa_chem_019_rollout_003_prefix_0.json,gpqa_chem_019,3,0,yes,gpqa_chem,2711,5443
train,gpqa_chem_019_rollout_007_prefix_2.json,gpqa_chem_019,7,2,no,gpqa_chem,27,555
train,gpqa_chem_019_rollout_009_prefix_1.json,gpqa_chem_019,9,1,no,gpqa_chem,907,2312
train,gpqa_chem_019_rollout_013_prefix_1.json,gpqa_chem_019,13,1,yes,gpqa_chem,4032,7349
train,gpqa_chem_019_rollout_026_prefix_0.json,gpqa_chem_019,26,0,yes,gpqa_chem,1835,4383
train,gpqa_chem_019_rollout_029_prefix_0.json,gpqa_chem_019,29,0,yes,gpqa_chem,4236,7772
train,gpqa_chem_020_rollout_009_prefix_0.json,gpqa_chem_020,9,0,yes,gpqa_chem,1177,2379
train,gpqa_chem_020_rollout_010_prefix_0.json,gpqa_chem_020,10,0,yes,gpqa_chem,687,1485
train,gpqa_chem_020_rollout_016_prefix_1.json,gpqa_chem_020,16,1,yes,gpqa_chem,4174,7426
train,gpqa_chem_020_rollout_020_prefix_0.json,gpqa_chem_020,20,0,yes,gpqa_chem,1167,2382
train,gpqa_chem_020_rollout_024_prefix_0.json,gpqa_chem_020,24,0,yes,gpqa_chem,1782,3353
train,gpqa_chem_020_rollout_026_prefix_0.json,gpqa_chem_020,26,0,yes,gpqa_chem,1292,2720
train,gpqa_chem_020_rollout_028_prefix_0.json,gpqa_chem_020,28,0,yes,gpqa_chem,2081,3873
train,gpqa_chem_021_rollout_005_prefix_0.json,gpqa_chem_021,5,0,yes,gpqa_chem,276,512
train,gpqa_chem_021_rollout_016_prefix_0.json,gpqa_chem_021,16,0,yes,gpqa_chem,234,445
train,gpqa_chem_021_rollout_022_prefix_0.json,gpqa_chem_021,22,0,no,gpqa_chem,98,255
train,gpqa_chem_022_rollout_002_prefix_0.json,gpqa_chem_022,2,0,yes,gpqa_chem,6309,10464
train,gpqa_chem_022_rollout_006_prefix_0.json,gpqa_chem_022,6,0,yes,gpqa_chem,3023,5028
train,gpqa_chem_022_rollout_015_prefix_0.json,gpqa_chem_022,15,0,yes,gpqa_chem,4724,8510
train,gpqa_chem_022_rollout_020_prefix_0.json,gpqa_chem_022,20,0,yes,gpqa_chem,3132,5443
train,gpqa_chem_022_rollout_022_prefix_0.json,gpqa_chem_022,22,0,yes,gpqa_chem,3528,6199
train,gpqa_chem_022_rollout_028_prefix_0.json,gpqa_chem_022,28,0,yes,gpqa_chem,5004,8313
train,gpqa_chem_023_rollout_002_prefix_0.json,gpqa_chem_023,2,0,no,gpqa_chem,218,553
train,gpqa_chem_023_rollout_010_prefix_1.json,gpqa_chem_023,10,1,no,gpqa_chem,6080,10790
train,gpqa_chem_023_rollout_017_prefix_0.json,gpqa_chem_023,17,0,yes,gpqa_chem,6068,10988
train,gpqa_chem_023_rollout_019_prefix_0.json,gpqa_chem_023,19,0,no,gpqa_chem,2991,4952
train,gpqa_chem_023_rollout_025_prefix_5.json,gpqa_chem_023,25,5,no,gpqa_chem,757,1390
train,gpqa_chem_024_rollout_002_prefix_1.json,gpqa_chem_024,2,1,no,gpqa_chem,138,584
train,gpqa_chem_024_rollout_010_prefix_0.json,gpqa_chem_024,10,0,yes,gpqa_chem,2849,5394
train,gpqa_chem_024_rollout_015_prefix_1.json,gpqa_chem_024,15,1,yes,gpqa_chem,3397,6369
train,gpqa_chem_024_rollout_019_prefix_0.json,gpqa_chem_024,19,0,yes,gpqa_chem,673,1641
train,gpqa_chem_024_rollout_019_prefix_1.json,gpqa_chem_024,19,1,yes,gpqa_chem,653,1599
train,gpqa_chem_024_rollout_021_prefix_0.json,gpqa_chem_024,21,0,yes,gpqa_chem,1548,3500
train,gpqa_chem_024_rollout_028_prefix_1.json,gpqa_chem_024,28,1,no,gpqa_chem,3119,5582
train,gpqa_chem_025_rollout_001_prefix_0.json,gpqa_chem_025,1,0,yes,gpqa_chem,4305,7491
train,gpqa_chem_025_rollout_022_prefix_0.json,gpqa_chem_025,22,0,yes,gpqa_chem,4409,8008
train,gpqa_chem_026_rollout_002_prefix_2.json,gpqa_chem_026,2,2,no,gpqa_chem,945,1776
train,gpqa_chem_026_rollout_004_prefix_1.json,gpqa_chem_026,4,1,no,gpqa_chem,326,813
train,gpqa_chem_026_rollout_009_prefix_0.json,gpqa_chem_026,9,0,yes,gpqa_chem,6926,10529
train,gpqa_chem_026_rollout_012_prefix_0.json,gpqa_chem_026,12,0,yes,gpqa_chem,3563,5975
train,gpqa_chem_026_rollout_014_prefix_0.json,gpqa_chem_026,14,0,yes,gpqa_chem,5168,8483
train,gpqa_chem_026_rollout_015_prefix_1.json,gpqa_chem_026,15,1,yes,gpqa_chem,2691,4719
train,gpqa_chem_026_rollout_017_prefix_1.json,gpqa_chem_026,17,1,yes,gpqa_chem,4446,6992
train,gpqa_chem_026_rollout_017_prefix_2.json,gpqa_chem_026,17,2,no,gpqa_chem,2601,4369
train,gpqa_chem_027_rollout_012_prefix_1.json,gpqa_chem_027,12,1,no,gpqa_chem,2221,4253
train,gpqa_chem_027_rollout_012_prefix_3.json,gpqa_chem_027,12,3,no,gpqa_chem,21,265
train,gpqa_chem_027_rollout_026_prefix_0.json,gpqa_chem_027,26,0,yes,gpqa_chem,960,2044
train,gpqa_chem_028_rollout_004_prefix_1.json,gpqa_chem_028,4,1,yes,gpqa_chem,1096,1893
train,gpqa_chem_028_rollout_009_prefix_0.json,gpqa_chem_028,9,0,yes,gpqa_chem,5169,7928
train,gpqa_chem_028_rollout_022_prefix_0.json,gpqa_chem_028,22,0,yes,gpqa_chem,4226,6989
train,gpqa_chem_028_rollout_022_prefix_1.json,gpqa_chem_028,22,1,yes,gpqa_chem,4206,6957
train,gpqa_chem_028_rollout_025_prefix_1.json,gpqa_chem_028,25,1,yes,gpqa_chem,5151,8083
train,gpqa_chem_028_rollout_025_prefix_3.json,gpqa_chem_028,25,3,no,gpqa_chem,706,1291
train,gpqa_chem_028_rollout_027_prefix_0.json,gpqa_chem_028,27,0,yes,gpqa_chem,2380,3941
train,gpqa_chem_029_rollout_007_prefix_0.json,gpqa_chem_029,7,0,yes,gpqa_chem,945,1577
train,gpqa_chem_029_rollout_011_prefix_0.json,gpqa_chem_029,11,0,no,gpqa_chem,1032,1690
train,gpqa_chem_030_rollout_011_prefix_0.json,gpqa_chem_030,11,0,yes,gpqa_chem,4353,6582
train,gpqa_chem_030_rollout_014_prefix_0.json,gpqa_chem_030,14,0,yes,gpqa_chem,2248,3358
train,gpqa_chem_030_rollout_029_prefix_1.json,gpqa_chem_030,29,1,no,gpqa_chem,3728,5844
train,gpqa_chem_031_rollout_011_prefix_1.json,gpqa_chem_031,11,1,no,gpqa_chem,3045,4508
train,gpqa_chem_031_rollout_016_prefix_3.json,gpqa_chem_031,16,3,no,gpqa_chem,415,711
train,gpqa_chem_031_rollout_024_prefix_0.json,gpqa_chem_031,24,0,yes,gpqa_chem,4659,7080
train,gpqa_chem_031_rollout_025_prefix_1.json,gpqa_chem_031,25,1,no,gpqa_chem,1724,2726
train,gpqa_chem_032_rollout_014_prefix_0.json,gpqa_chem_032,14,0,no,gpqa_chem,175,379
train,gpqa_chem_032_rollout_024_prefix_0.json,gpqa_chem_032,24,0,yes,gpqa_chem,1231,2107
train,gpqa_chem_033_rollout_001_prefix_0.json,gpqa_chem_033,1,0,yes,gpqa_chem,1956,2820
train,gpqa_chem_033_rollout_004_prefix_0.json,gpqa_chem_033,4,0,yes,gpqa_chem,3182,4536
train,gpqa_chem_033_rollout_011_prefix_0.json,gpqa_chem_033,11,0,no,gpqa_chem,855,1309
train,gpqa_chem_033_rollout_022_prefix_1.json,gpqa_chem_033,22,1,yes,gpqa_chem,1713,2485
train,gpqa_chem_033_rollout_023_prefix_0.json,gpqa_chem_033,23,0,yes,gpqa_chem,2332,3334
train,gpqa_chem_033_rollout_026_prefix_1.json,gpqa_chem_033,26,1,no,gpqa_chem,825,1257
train,gpqa_chem_034_rollout_002_prefix_1.json,gpqa_chem_034,2,1,yes,gpqa_chem,3203,5256
train,gpqa_chem_034_rollout_021_prefix_3.json,gpqa_chem_034,21,3,no,gpqa_chem,3879,6359
train,gpqa_chem_035_rollout_005_prefix_1.json,gpqa_chem_035,5,1,no,gpqa_chem,2444,6182
train,gpqa_chem_035_rollout_006_prefix_2.json,gpqa_chem_035,6,2,no,gpqa_chem,1395,3655
train,gpqa_chem_035_rollout_017_prefix_0.json,gpqa_chem_035,17,0,yes,gpqa_chem,5088,12892
train,gpqa_chem_036_rollout_011_prefix_0.json,gpqa_chem_036,11,0,no,gpqa_chem,6016,11016
train,gpqa_chem_036_rollout_017_prefix_0.json,gpqa_chem_036,17,0,no,gpqa_chem,5757,10267
train,gpqa_chem_036_rollout_018_prefix_0.json,gpqa_chem_036,18,0,yes,gpqa_chem,3595,7008
train,gpqa_chem_036_rollout_025_prefix_2.json,gpqa_chem_036,25,2,no,gpqa_chem,3184,6144
train,gpqa_chem_037_rollout_002_prefix_1.json,gpqa_chem_037,2,1,no,gpqa_chem,3502,5342
train,gpqa_chem_037_rollout_002_prefix_3.json,gpqa_chem_037,2,3,no,gpqa_chem,502,1010
train,gpqa_chem_037_rollout_003_prefix_1.json,gpqa_chem_037,3,1,yes,gpqa_chem,2251,3539
train,gpqa_chem_037_rollout_013_prefix_0.json,gpqa_chem_037,13,0,yes,gpqa_chem,6937,10689
train,gpqa_chem_037_rollout_017_prefix_1.json,gpqa_chem_037,17,1,yes,gpqa_chem,8259,12495
train,gpqa_chem_037_rollout_025_prefix_1.json,gpqa_chem_037,25,1,no,gpqa_chem,7008,10738
train,gpqa_chem_037_rollout_025_prefix_2.json,gpqa_chem_037,25,2,no,gpqa_chem,2008,3281
train,gpqa_chem_038_rollout_006_prefix_1.json,gpqa_chem_038,6,1,yes,gpqa_chem,6142,9802
train,gpqa_chem_038_rollout_006_prefix_4.json,gpqa_chem_038,6,4,no,gpqa_chem,1287,2067
train,gpqa_chem_038_rollout_009_prefix_0.json,gpqa_chem_038,9,0,yes,gpqa_chem,6114,8926
train,gpqa_chem_038_rollout_011_prefix_3.json,gpqa_chem_038,11,3,no,gpqa_chem,3771,5881
train,gpqa_chem_038_rollout_021_prefix_0.json,gpqa_chem_038,21,0,yes,gpqa_chem,8541,13189
train,gpqa_chem_038_rollout_026_prefix_2.json,gpqa_chem_038,26,2,no,gpqa_chem,1493,2491
train,gpqa_chem_039_rollout_010_prefix_0.json,gpqa_chem_039,10,0,yes,gpqa_chem,4473,8075
train,gpqa_chem_039_rollout_017_prefix_2.json,gpqa_chem_039,17,2,no,gpqa_chem,4526,8413
train,gpqa_chem_039_rollout_018_prefix_0.json,gpqa_chem_039,18,0,yes,gpqa_chem,7663,13281
train,gpqa_chem_039_rollout_025_prefix_3.json,gpqa_chem_039,25,3,no,gpqa_chem,2668,4877
train,gpqa_chem_040_rollout_008_prefix_0.json,gpqa_chem_040,8,0,yes,gpqa_chem,5764,9212
train,gpqa_chem_041_rollout_000_prefix_2.json,gpqa_chem_041,0,2,no,gpqa_chem,2734,5743
train,gpqa_chem_041_rollout_002_prefix_5.json,gpqa_chem_041,2,5,no,gpqa_chem,1829,3694
train,gpqa_chem_041_rollout_006_prefix_3.json,gpqa_chem_041,6,3,no,gpqa_chem,3119,6414
train,gpqa_chem_041_rollout_010_prefix_0.json,gpqa_chem_041,10,0,yes,gpqa_chem,3667,7007
train,gpqa_chem_041_rollout_010_prefix_1.json,gpqa_chem_041,10,1,yes,gpqa_chem,3647,6959
train,gpqa_chem_041_rollout_019_prefix_2.json,gpqa_chem_041,19,2,no,gpqa_chem,714,1686
train,gpqa_chem_041_rollout_020_prefix_0.json,gpqa_chem_041,20,0,yes,gpqa_chem,2605,5068
train,gpqa_chem_042_rollout_004_prefix_0.json,gpqa_chem_042,4,0,yes,gpqa_chem,2228,3561
train,gpqa_chem_042_rollout_005_prefix_1.json,gpqa_chem_042,5,1,yes,gpqa_chem,4282,6265
train,gpqa_chem_042_rollout_006_prefix_0.json,gpqa_chem_042,6,0,yes,gpqa_chem,3756,5602
train,gpqa_chem_042_rollout_009_prefix_1.json,gpqa_chem_042,9,1,yes,gpqa_chem,4702,6919
train,gpqa_chem_042_rollout_014_prefix_0.json,gpqa_chem_042,14,0,yes,gpqa_chem,4504,6650
train,gpqa_chem_043_rollout_007_prefix_1.json,gpqa_chem_043,7,1,yes,gpqa_chem,902,1375
train,gpqa_chem_044_rollout_008_prefix_0.json,gpqa_chem_044,8,0,yes,gpqa_chem,766,1257
train,gpqa_chem_044_rollout_015_prefix_0.json,gpqa_chem_044,15,0,yes,gpqa_chem,627,1106
train,gpqa_chem_044_rollout_027_prefix_0.json,gpqa_chem_044,27,0,yes,gpqa_chem,493,873
train,gpqa_chem_045_rollout_006_prefix_1.json,gpqa_chem_045,6,1,yes,gpqa_chem,1488,3095
train,gpqa_chem_045_rollout_009_prefix_1.json,gpqa_chem_045,9,1,no,gpqa_chem,1298,2692
train,gpqa_chem_045_rollout_009_prefix_3.json,gpqa_chem_045,9,3,no,gpqa_chem,698,1525
train,gpqa_chem_045_rollout_025_prefix_0.json,gpqa_chem_045,25,0,yes,gpqa_chem,2378,4977
train,gpqa_chem_046_rollout_009_prefix_0.json,gpqa_chem_046,9,0,yes,gpqa_chem,1189,2522
train,gpqa_chem_046_rollout_009_prefix_1.json,gpqa_chem_046,9,1,yes,gpqa_chem,1169,2493
train,gpqa_chem_046_rollout_010_prefix_0.json,gpqa_chem_046,10,0,yes,gpqa_chem,2180,4090
train,gpqa_chem_046_rollout_014_prefix_2.json,gpqa_chem_046,14,2,yes,gpqa_chem,2118,4264
train,gpqa_chem_046_rollout_025_prefix_1.json,gpqa_chem_046,25,1,no,gpqa_chem,110,655
train,gpqa_chem_046_rollout_026_prefix_0.json,gpqa_chem_046,26,0,no,gpqa_chem,1190,2429
train,gpqa_chem_047_rollout_010_prefix_1.json,gpqa_chem_047,10,1,yes,gpqa_chem,518,835
train,gpqa_chem_048_rollout_005_prefix_1.json,gpqa_chem_048,5,1,yes,gpqa_chem,6744,11223
train,gpqa_chem_048_rollout_011_prefix_1.json,gpqa_chem_048,11,1,yes,gpqa_chem,7539,11888
train,gpqa_chem_048_rollout_015_prefix_0.json,gpqa_chem_048,15,0,no,gpqa_chem,3328,5545
train,gpqa_chem_048_rollout_027_prefix_1.json,gpqa_chem_048,27,1,no,gpqa_chem,5571,9438
train,gpqa_chem_048_rollout_029_prefix_1.json,gpqa_chem_048,29,1,no,gpqa_chem,2781,4712
train,gpqa_chem_049_rollout_005_prefix_0.json,gpqa_chem_049,5,0,yes,gpqa_chem,3962,7031
train,gpqa_chem_049_rollout_006_prefix_1.json,gpqa_chem_049,6,1,yes,gpqa_chem,757,1527
train,gpqa_chem_049_rollout_010_prefix_2.json,gpqa_chem_049,10,2,no,gpqa_chem,124,429
train,gpqa_chem_049_rollout_020_prefix_1.json,gpqa_chem_049,20,1,yes,gpqa_chem,2829,5254
train,gpqa_chem_049_rollout_023_prefix_1.json,gpqa_chem_049,23,1,no,gpqa_chem,4028,7272
train,gpqa_chem_049_rollout_025_prefix_1.json,gpqa_chem_049,25,1,no,gpqa_chem,4112,6524
train,gpqa_chem_049_rollout_029_prefix_0.json,gpqa_chem_049,29,0,no,gpqa_chem,1485,3026
train,gpqa_chem_050_rollout_000_prefix_2.json,gpqa_chem_050,0,2,no,gpqa_chem,1397,2396
train,gpqa_chem_050_rollout_001_prefix_0.json,gpqa_chem_050,1,0,yes,gpqa_chem,7745,13171
train,gpqa_chem_050_rollout_001_prefix_1.json,gpqa_chem_050,1,1,yes,gpqa_chem,7725,13139
train,gpqa_chem_050_rollout_002_prefix_5.json,gpqa_chem_050,2,5,no,gpqa_chem,2589,4523
train,gpqa_chem_050_rollout_003_prefix_4.json,gpqa_chem_050,3,4,no,gpqa_chem,3783,6467
train,gpqa_chem_050_rollout_008_prefix_0.json,gpqa_chem_050,8,0,no,gpqa_chem,4527,7747
train,gpqa_chem_050_rollout_015_prefix_0.json,gpqa_chem_050,15,0,yes,gpqa_chem,8901,14440
train,gpqa_chem_050_rollout_015_prefix_2.json,gpqa_chem_050,15,2,no,gpqa_chem,5836,9909
train,gpqa_chem_050_rollout_019_prefix_1.json,gpqa_chem_050,19,1,yes,gpqa_chem,7139,12269
train,gpqa_chem_050_rollout_021_prefix_0.json,gpqa_chem_050,21,0,yes,gpqa_chem,9421,15767
train,gpqa_chem_050_rollout_023_prefix_1.json,gpqa_chem_050,23,1,no,gpqa_chem,5169,8976
train,gpqa_chem_050_rollout_024_prefix_3.json,gpqa_chem_050,24,3,no,gpqa_chem,2404,4226
train,gpqa_chem_050_rollout_026_prefix_0.json,gpqa_chem_050,26,0,yes,gpqa_chem,6265,10626
train,gpqa_chem_050_rollout_028_prefix_5.json,gpqa_chem_050,28,5,no,gpqa_chem,2832,4718
train,gpqa_chem_051_rollout_001_prefix_0.json,gpqa_chem_051,1,0,yes,gpqa_chem,3956,6152
train,gpqa_chem_051_rollout_001_prefix_2.json,gpqa_chem_051,1,2,no,gpqa_chem,281,755
train,gpqa_chem_051_rollout_002_prefix_1.json,gpqa_chem_051,2,1,no,gpqa_chem,1327,2290
train,gpqa_chem_051_rollout_007_prefix_1.json,gpqa_chem_051,7,1,yes,gpqa_chem,1401,2525
train,gpqa_chem_051_rollout_016_prefix_0.json,gpqa_chem_051,16,0,yes,gpqa_chem,3371,5238
train,gpqa_chem_051_rollout_018_prefix_0.json,gpqa_chem_051,18,0,yes,gpqa_chem,4113,6540
train,gpqa_chem_052_rollout_001_prefix_0.json,gpqa_chem_052,1,0,yes,gpqa_chem,1894,3683
train,gpqa_chem_052_rollout_002_prefix_1.json,gpqa_chem_052,2,1,yes,gpqa_chem,2142,3994
train,gpqa_chem_052_rollout_007_prefix_2.json,gpqa_chem_052,7,2,yes,gpqa_chem,3716,6491
train,gpqa_chem_052_rollout_013_prefix_1.json,gpqa_chem_052,13,1,no,gpqa_chem,2292,4140
train,gpqa_chem_052_rollout_015_prefix_1.json,gpqa_chem_052,15,1,yes,gpqa_chem,3485,6047
train,gpqa_chem_053_rollout_002_prefix_2.json,gpqa_chem_053,2,2,no,gpqa_chem,2667,4131
train,gpqa_chem_053_rollout_004_prefix_0.json,gpqa_chem_053,4,0,no,gpqa_chem,4509,6982
train,gpqa_chem_053_rollout_011_prefix_4.json,gpqa_chem_053,11,4,no,gpqa_chem,4718,7391
train,gpqa_chem_053_rollout_013_prefix_1.json,gpqa_chem_053,13,1,yes,gpqa_chem,4324,6778
train,gpqa_chem_053_rollout_020_prefix_1.json,gpqa_chem_053,20,1,yes,gpqa_chem,3753,5930
train,gpqa_chem_054_rollout_000_prefix_2.json,gpqa_chem_054,0,2,no,gpqa_chem,269,765
train,gpqa_chem_054_rollout_002_prefix_2.json,gpqa_chem_054,2,2,no,gpqa_chem,853,1471
train,gpqa_chem_054_rollout_013_prefix_0.json,gpqa_chem_054,13,0,yes,gpqa_chem,1287,2082
train,gpqa_chem_055_rollout_005_prefix_0.json,gpqa_chem_055,5,0,yes,gpqa_chem,3135,5250
train,gpqa_chem_055_rollout_006_prefix_2.json,gpqa_chem_055,6,2,no,gpqa_chem,467,953
train,gpqa_chem_055_rollout_010_prefix_1.json,gpqa_chem_055,10,1,yes,gpqa_chem,3207,5456
train,gpqa_chem_055_rollout_014_prefix_0.json,gpqa_chem_055,14,0,yes,gpqa_chem,1530,2944
train,gpqa_chem_055_rollout_014_prefix_1.json,gpqa_chem_055,14,1,yes,gpqa_chem,1510,2881
train,gpqa_chem_055_rollout_020_prefix_1.json,gpqa_chem_055,20,1,no,gpqa_chem,1552,2856
train,gpqa_chem_055_rollout_021_prefix_1.json,gpqa_chem_055,21,1,yes,gpqa_chem,2062,3777
train,gpqa_chem_055_rollout_028_prefix_3.json,gpqa_chem_055,28,3,no,gpqa_chem,1225,2111
train,gpqa_chem_056_rollout_000_prefix_0.json,gpqa_chem_056,0,0,no,gpqa_chem,3113,6200
train,gpqa_chem_056_rollout_000_prefix_2.json,gpqa_chem_056,0,2,no,gpqa_chem,1513,3032
train,gpqa_chem_056_rollout_004_prefix_2.json,gpqa_chem_056,4,2,no,gpqa_chem,3269,6757
train,gpqa_chem_056_rollout_007_prefix_2.json,gpqa_chem_056,7,2,no,gpqa_chem,2116,4727
train,gpqa_chem_056_rollout_017_prefix_2.json,gpqa_chem_056,17,2,no,gpqa_chem,3292,6575
train,gpqa_chem_056_rollout_024_prefix_0.json,gpqa_chem_056,24,0,yes,gpqa_chem,3380,6874
train,gpqa_chem_057_rollout_009_prefix_2.json,gpqa_chem_057,9,2,yes,gpqa_chem,3813,6121
train,gpqa_chem_057_rollout_010_prefix_1.json,gpqa_chem_057,10,1,no,gpqa_chem,1527,2543
train,gpqa_chem_057_rollout_019_prefix_3.json,gpqa_chem_057,19,3,no,gpqa_chem,549,1018
train,gpqa_chem_057_rollout_023_prefix_1.json,gpqa_chem_057,23,1,yes,gpqa_chem,2888,4693
train,gpqa_chem_058_rollout_001_prefix_1.json,gpqa_chem_058,1,1,yes,gpqa_chem,1601,2602
train,gpqa_chem_058_rollout_005_prefix_2.json,gpqa_chem_058,5,2,no,gpqa_chem,1890,3045
train,gpqa_chem_058_rollout_015_prefix_3.json,gpqa_chem_058,15,3,no,gpqa_chem,84,338
train,gpqa_chem_058_rollout_025_prefix_0.json,gpqa_chem_058,25,0,yes,gpqa_chem,7463,11937
train,gpqa_chem_058_rollout_025_prefix_1.json,gpqa_chem_058,25,1,no,gpqa_chem,3598,5684
train,gpqa_chem_059_rollout_000_prefix_2.json,gpqa_chem_059,0,2,no,gpqa_chem,930,2163
train,gpqa_chem_059_rollout_003_prefix_0.json,gpqa_chem_059,3,0,yes,gpqa_chem,6613,9801
train,gpqa_chem_059_rollout_017_prefix_0.json,gpqa_chem_059,17,0,yes,gpqa_chem,6300,9600
train,gpqa_chem_060_rollout_001_prefix_0.json,gpqa_chem_060,1,0,yes,gpqa_chem,3332,5610
train,gpqa_chem_060_rollout_005_prefix_1.json,gpqa_chem_060,5,1,no,gpqa_chem,556,1064
train,gpqa_chem_060_rollout_010_prefix_0.json,gpqa_chem_060,10,0,yes,gpqa_chem,4901,7816
train,gpqa_chem_060_rollout_013_prefix_0.json,gpqa_chem_060,13,0,yes,gpqa_chem,4329,7437
train,gpqa_chem_060_rollout_015_prefix_0.json,gpqa_chem_060,15,0,yes,gpqa_chem,2900,4857
train,gpqa_chem_060_rollout_020_prefix_1.json,gpqa_chem_060,20,1,yes,gpqa_chem,2090,3919
train,gpqa_chem_060_rollout_028_prefix_2.json,gpqa_chem_060,28,2,no,gpqa_chem,478,936
train,gpqa_chem_061_rollout_006_prefix_0.json,gpqa_chem_061,6,0,no,gpqa_chem,1154,2025
train,gpqa_chem_061_rollout_026_prefix_2.json,gpqa_chem_061,26,2,no,gpqa_chem,3647,5995
train,gpqa_chem_061_rollout_027_prefix_2.json,gpqa_chem_061,27,2,yes,gpqa_chem,2121,3551
train,gpqa_chem_061_rollout_029_prefix_2.json,gpqa_chem_061,29,2,yes,gpqa_chem,5335,8259
train,gpqa_chem_062_rollout_006_prefix_1.json,gpqa_chem_062,6,1,yes,gpqa_chem,2407,3960
train,gpqa_chem_062_rollout_013_prefix_0.json,gpqa_chem_062,13,0,no,gpqa_chem,1534,2773
train,gpqa_chem_062_rollout_025_prefix_1.json,gpqa_chem_062,25,1,yes,gpqa_chem,984,1905
train,gpqa_chem_063_rollout_002_prefix_1.json,gpqa_chem_063,2,1,yes,gpqa_chem,901,1797
train,gpqa_chem_063_rollout_017_prefix_1.json,gpqa_chem_063,17,1,yes,gpqa_chem,1569,3159
train,gpqa_chem_063_rollout_017_prefix_2.json,gpqa_chem_063,17,2,yes,gpqa_chem,1559,3140
train,gpqa_chem_063_rollout_020_prefix_1.json,gpqa_chem_063,20,1,yes,gpqa_chem,894,1774
train,gpqa_chem_064_rollout_000_prefix_1.json,gpqa_chem_064,0,1,no,gpqa_chem,593,1151
train,gpqa_chem_064_rollout_006_prefix_0.json,gpqa_chem_064,6,0,yes,gpqa_chem,1017,1703
train,gpqa_chem_064_rollout_018_prefix_0.json,gpqa_chem_064,18,0,yes,gpqa_chem,751,1345
train,gpqa_chem_064_rollout_019_prefix_0.json,gpqa_chem_064,19,0,yes,gpqa_chem,810,1420
train,gpqa_chem_065_rollout_006_prefix_0.json,gpqa_chem_065,6,0,yes,gpqa_chem,2151,3337
train,gpqa_chem_065_rollout_016_prefix_0.json,gpqa_chem_065,16,0,yes,gpqa_chem,780,1389
train,gpqa_chem_065_rollout_023_prefix_0.json,gpqa_chem_065,23,0,yes,gpqa_chem,451,866
train,gpqa_chem_065_rollout_028_prefix_0.json,gpqa_chem_065,28,0,yes,gpqa_chem,271,607
train,gpqa_chem_065_rollout_028_prefix_1.json,gpqa_chem_065,28,1,yes,gpqa_chem,251,577
train,gpqa_chem_066_rollout_002_prefix_0.json,gpqa_chem_066,2,0,yes,gpqa_chem,812,1664
train,gpqa_chem_066_rollout_004_prefix_3.json,gpqa_chem_066,4,3,no,gpqa_chem,119,379
train,gpqa_chem_066_rollout_007_prefix_1.json,gpqa_chem_066,7,1,yes,gpqa_chem,970,1927
train,gpqa_chem_066_rollout_018_prefix_0.json,gpqa_chem_066,18,0,yes,gpqa_chem,2346,4454
train,gpqa_chem_066_rollout_022_prefix_1.json,gpqa_chem_066,22,1,yes,gpqa_chem,1814,3286
train,gpqa_chem_066_rollout_028_prefix_0.json,gpqa_chem_066,28,0,no,gpqa_chem,1274,2274
train,gpqa_chem_067_rollout_019_prefix_0.json,gpqa_chem_067,19,0,yes,gpqa_chem,1006,1770
train,gpqa_chem_067_rollout_022_prefix_1.json,gpqa_chem_067,22,1,yes,gpqa_chem,1072,1934
train,gpqa_chem_067_rollout_023_prefix_0.json,gpqa_chem_067,23,0,yes,gpqa_chem,1546,2698
train,gpqa_chem_067_rollout_024_prefix_0.json,gpqa_chem_067,24,0,yes,gpqa_chem,1787,3125
train,gpqa_chem_067_rollout_026_prefix_2.json,gpqa_chem_067,26,2,no,gpqa_chem,3354,5883
train,gpqa_chem_068_rollout_001_prefix_5.json,gpqa_chem_068,1,5,no,gpqa_chem,875,1884
train,gpqa_chem_068_rollout_004_prefix_0.json,gpqa_chem_068,4,0,no,gpqa_chem,1674,3429
train,gpqa_chem_068_rollout_009_prefix_2.json,gpqa_chem_068,9,2,no,gpqa_chem,3589,6971
train,gpqa_chem_068_rollout_012_prefix_0.json,gpqa_chem_068,12,0,no,gpqa_chem,2137,4380
train,gpqa_chem_068_rollout_013_prefix_0.json,gpqa_chem_068,13,0,no,gpqa_chem,5177,9835
train,gpqa_chem_068_rollout_013_prefix_1.json,gpqa_chem_068,13,1,no,gpqa_chem,3377,6559
train,gpqa_chem_068_rollout_014_prefix_1.json,gpqa_chem_068,14,1,yes,gpqa_chem,5781,10398
train,gpqa_chem_068_rollout_014_prefix_3.json,gpqa_chem_068,14,3,no,gpqa_chem,2336,4544
train,gpqa_chem_068_rollout_014_prefix_4.json,gpqa_chem_068,14,4,no,gpqa_chem,2136,4203
train,gpqa_chem_068_rollout_018_prefix_1.json,gpqa_chem_068,18,1,yes,gpqa_chem,6451,11580
train,gpqa_chem_068_rollout_019_prefix_0.json,gpqa_chem_068,19,0,no,gpqa_chem,3837,7245
train,gpqa_chem_068_rollout_022_prefix_1.json,gpqa_chem_068,22,1,no,gpqa_chem,166,536
train,gpqa_chem_068_rollout_023_prefix_0.json,gpqa_chem_068,23,0,yes,gpqa_chem,5690,10120
train,gpqa_chem_068_rollout_028_prefix_1.json,gpqa_chem_068,28,1,yes,gpqa_chem,3999,7133
train,gpqa_chem_069_rollout_007_prefix_0.json,gpqa_chem_069,7,0,yes,gpqa_chem,8572,13530
train,gpqa_chem_069_rollout_012_prefix_1.json,gpqa_chem_069,12,1,yes,gpqa_chem,10149,16534
train,gpqa_chem_069_rollout_013_prefix_0.json,gpqa_chem_069,13,0,yes,gpqa_chem,6770,11176
train,gpqa_chem_069_rollout_017_prefix_0.json,gpqa_chem_069,17,0,no,gpqa_chem,6164,9777
train,gpqa_chem_069_rollout_023_prefix_0.json,gpqa_chem_069,23,0,yes,gpqa_chem,6179,9936
train,gpqa_chem_069_rollout_026_prefix_0.json,gpqa_chem_069,26,0,yes,gpqa_chem,10303,15827
train,gpqa_chem_070_rollout_003_prefix_1.json,gpqa_chem_070,3,1,no,gpqa_chem,8425,14885
train,gpqa_chem_070_rollout_003_prefix_3.json,gpqa_chem_070,3,3,no,gpqa_chem,7625,13464
train,gpqa_chem_070_rollout_003_prefix_4.json,gpqa_chem_070,3,4,no,gpqa_chem,7025,12304
train,gpqa_chem_070_rollout_007_prefix_0.json,gpqa_chem_070,7,0,yes,gpqa_chem,7403,12610
train,gpqa_chem_070_rollout_008_prefix_2.json,gpqa_chem_070,8,2,no,gpqa_chem,5212,8954
train,gpqa_chem_070_rollout_009_prefix_0.json,gpqa_chem_070,9,0,no,gpqa_chem,2051,3401
train,gpqa_chem_070_rollout_011_prefix_2.json,gpqa_chem_070,11,2,no,gpqa_chem,8578,14884
train,gpqa_chem_070_rollout_014_prefix_0.json,gpqa_chem_070,14,0,no,gpqa_chem,6079,10401
train,gpqa_chem_070_rollout_015_prefix_0.json,gpqa_chem_070,15,0,yes,gpqa_chem,8225,14408
train,gpqa_chem_070_rollout_016_prefix_0.json,gpqa_chem_070,16,0,no,gpqa_chem,4029,6464
train,gpqa_chem_070_rollout_018_prefix_6.json,gpqa_chem_070,18,6,no,gpqa_chem,691,1264
train,gpqa_chem_070_rollout_020_prefix_3.json,gpqa_chem_070,20,3,no,gpqa_chem,3446,5725
train,gpqa_chem_070_rollout_021_prefix_2.json,gpqa_chem_070,21,2,no,gpqa_chem,6511,10904
train,gpqa_chem_070_rollout_023_prefix_0.json,gpqa_chem_070,23,0,yes,gpqa_chem,9621,16480
train,gpqa_chem_070_rollout_024_prefix_1.json,gpqa_chem_070,24,1,no,gpqa_chem,3789,6431
train,gpqa_chem_070_rollout_025_prefix_0.json,gpqa_chem_070,25,0,yes,gpqa_chem,6261,10245
train,gpqa_chem_070_rollout_028_prefix_2.json,gpqa_chem_070,28,2,no,gpqa_chem,6964,11961
train,gpqa_chem_071_rollout_011_prefix_1.json,gpqa_chem_071,11,1,no,gpqa_chem,3127,5539
train,gpqa_chem_071_rollout_013_prefix_0.json,gpqa_chem_071,13,0,yes,gpqa_chem,5236,8637
train,gpqa_chem_071_rollout_016_prefix_0.json,gpqa_chem_071,16,0,yes,gpqa_chem,5261,8902
train,gpqa_chem_071_rollout_016_prefix_1.json,gpqa_chem_071,16,1,no,gpqa_chem,2616,4560
train,gpqa_chem_071_rollout_023_prefix_1.json,gpqa_chem_071,23,1,yes,gpqa_chem,632,1361
train,gpqa_chem_071_rollout_023_prefix_2.json,gpqa_chem_071,23,2,no,gpqa_chem,377,975
train,gpqa_chem_072_rollout_017_prefix_1.json,gpqa_chem_072,17,1,yes,gpqa_chem,1913,3471
train,gpqa_chem_072_rollout_018_prefix_1.json,gpqa_chem_072,18,1,yes,gpqa_chem,1552,2880
train,gpqa_chem_073_rollout_000_prefix_1.json,gpqa_chem_073,0,1,yes,gpqa_chem,2286,4904
train,gpqa_chem_073_rollout_001_prefix_1.json,gpqa_chem_073,1,1,no,gpqa_chem,1015,2358
train,gpqa_chem_073_rollout_002_prefix_0.json,gpqa_chem_073,2,0,yes,gpqa_chem,1892,4361
train,gpqa_chem_073_rollout_004_prefix_1.json,gpqa_chem_073,4,1,yes,gpqa_chem,4074,9566
train,gpqa_chem_073_rollout_021_prefix_0.json,gpqa_chem_073,21,0,no,gpqa_chem,6275,13690
train,gpqa_chem_073_rollout_023_prefix_0.json,gpqa_chem_073,23,0,yes,gpqa_chem,1985,4369
train,gpqa_chem_073_rollout_029_prefix_0.json,gpqa_chem_073,29,0,yes,gpqa_chem,4663,10805
train,gpqa_chem_074_rollout_013_prefix_3.json,gpqa_chem_074,13,3,no,gpqa_chem,6663,11061
train,gpqa_chem_074_rollout_017_prefix_0.json,gpqa_chem_074,17,0,yes,gpqa_chem,5075,9240
train,gpqa_chem_074_rollout_021_prefix_2.json,gpqa_chem_074,21,2,no,gpqa_chem,223,597
train,gpqa_chem_074_rollout_026_prefix_1.json,gpqa_chem_074,26,1,yes,gpqa_chem,3834,6630
train,gpqa_chem_075_rollout_004_prefix_1.json,gpqa_chem_075,4,1,no,gpqa_chem,2941,4633
train,gpqa_chem_075_rollout_015_prefix_0.json,gpqa_chem_075,15,0,yes,gpqa_chem,3328,5216
train,gpqa_chem_075_rollout_019_prefix_3.json,gpqa_chem_075,19,3,no,gpqa_chem,6644,10797
train,gpqa_chem_075_rollout_024_prefix_2.json,gpqa_chem_075,24,2,no,gpqa_chem,2663,4054
train,gpqa_chem_075_rollout_026_prefix_0.json,gpqa_chem_075,26,0,yes,gpqa_chem,7348,11404
train,gpqa_chem_075_rollout_029_prefix_1.json,gpqa_chem_075,29,1,no,gpqa_chem,5125,8622
train,gpqa_chem_076_rollout_009_prefix_0.json,gpqa_chem_076,9,0,no,gpqa_chem,1739,2422
train,gpqa_chem_076_rollout_014_prefix_0.json,gpqa_chem_076,14,0,yes,gpqa_chem,5498,7989
train,gpqa_chem_076_rollout_018_prefix_1.json,gpqa_chem_076,18,1,yes,gpqa_chem,6275,8852
train,gpqa_chem_077_rollout_001_prefix_2.json,gpqa_chem_077,1,2,no,gpqa_chem,1597,2993
train,gpqa_chem_077_rollout_006_prefix_0.json,gpqa_chem_077,6,0,no,gpqa_chem,1186,2221
train,gpqa_chem_077_rollout_007_prefix_2.json,gpqa_chem_077,7,2,yes,gpqa_chem,3808,6252
train,gpqa_chem_077_rollout_018_prefix_1.json,gpqa_chem_077,18,1,yes,gpqa_chem,4968,7781
train,gpqa_chem_077_rollout_019_prefix_3.json,gpqa_chem_077,19,3,no,gpqa_chem,3739,6016
train,gpqa_chem_077_rollout_027_prefix_0.json,gpqa_chem_077,27,0,no,gpqa_chem,1078,2061
train,gpqa_chem_078_rollout_000_prefix_0.json,gpqa_chem_078,0,0,yes,gpqa_chem,5707,8862
train,gpqa_chem_078_rollout_003_prefix_0.json,gpqa_chem_078,3,0,yes,gpqa_chem,4470,6946
train,gpqa_chem_078_rollout_003_prefix_1.json,gpqa_chem_078,3,1,yes,gpqa_chem,4450,6913
train,gpqa_chem_078_rollout_004_prefix_0.json,gpqa_chem_078,4,0,no,gpqa_chem,4538,6865
train,gpqa_chem_078_rollout_005_prefix_0.json,gpqa_chem_078,5,0,yes,gpqa_chem,5096,7651
train,gpqa_chem_078_rollout_009_prefix_2.json,gpqa_chem_078,9,2,no,gpqa_chem,2035,3263
train,gpqa_chem_078_rollout_017_prefix_3.json,gpqa_chem_078,17,3,no,gpqa_chem,2988,5029
train,gpqa_chem_078_rollout_018_prefix_0.json,gpqa_chem_078,18,0,yes,gpqa_chem,5351,7966
train,gpqa_chem_078_rollout_025_prefix_0.json,gpqa_chem_078,25,0,yes,gpqa_chem,6413,9917
train,gpqa_chem_079_rollout_005_prefix_0.json,gpqa_chem_079,5,0,yes,gpqa_chem,9759,16430
train,gpqa_chem_079_rollout_006_prefix_3.json,gpqa_chem_079,6,3,no,gpqa_chem,850,1458
train,gpqa_chem_079_rollout_007_prefix_7.json,gpqa_chem_079,7,7,no,gpqa_chem,4120,6826
train,gpqa_chem_079_rollout_008_prefix_3.json,gpqa_chem_079,8,3,no,gpqa_chem,1909,3061
train,gpqa_chem_079_rollout_009_prefix_5.json,gpqa_chem_079,9,5,no,gpqa_chem,557,976
train,gpqa_chem_079_rollout_010_prefix_1.json,gpqa_chem_079,10,1,yes,gpqa_chem,9356,16468
train,gpqa_chem_079_rollout_012_prefix_0.json,gpqa_chem_079,12,0,yes,gpqa_chem,9159,15373
train,gpqa_chem_079_rollout_012_prefix_6.json,gpqa_chem_079,12,6,no,gpqa_chem,1104,1864
train,gpqa_chem_079_rollout_022_prefix_2.json,gpqa_chem_079,22,2,no,gpqa_chem,3720,6354
train,gpqa_chem_079_rollout_023_prefix_2.json,gpqa_chem_079,23,2,no,gpqa_chem,8955,15512
train,gpqa_chem_079_rollout_027_prefix_0.json,gpqa_chem_079,27,0,yes,gpqa_chem,9482,16390
train,gpqa_chem_079_rollout_028_prefix_0.json,gpqa_chem_079,28,0,yes,gpqa_chem,9746,16440
train,gpqa_chem_080_rollout_019_prefix_2.json,gpqa_chem_080,19,2,no,gpqa_chem,2173,3354
train,gpqa_chem_080_rollout_023_prefix_2.json,gpqa_chem_080,23,2,no,gpqa_chem,167,345
train,gpqa_chem_080_rollout_025_prefix_2.json,gpqa_chem_080,25,2,no,gpqa_chem,2395,3830
train,gpqa_chem_080_rollout_026_prefix_3.json,gpqa_chem_080,26,3,no,gpqa_chem,2251,3440
train,gpqa_chem_081_rollout_013_prefix_1.json,gpqa_chem_081,13,1,no,gpqa_chem,1961,4027
train,gpqa_chem_081_rollout_022_prefix_0.json,gpqa_chem_081,22,0,yes,gpqa_chem,4503,9611
train,gpqa_chem_081_rollout_027_prefix_1.json,gpqa_chem_081,27,1,yes,gpqa_chem,2530,5224
train,gpqa_chem_082_rollout_015_prefix_1.json,gpqa_chem_082,15,1,no,gpqa_chem,2500,4058
train,gpqa_chem_082_rollout_021_prefix_0.json,gpqa_chem_082,21,0,yes,gpqa_chem,4065,6496
train,gpqa_chem_082_rollout_021_prefix_2.json,gpqa_chem_082,21,2,no,gpqa_chem,1990,3364
train,gpqa_chem_082_rollout_027_prefix_1.json,gpqa_chem_082,27,1,no,gpqa_chem,1380,2364
train,gpqa_chem_083_rollout_002_prefix_1.json,gpqa_chem_083,2,1,yes,gpqa_chem,7065,12015
train,gpqa_chem_083_rollout_003_prefix_1.json,gpqa_chem_083,3,1,no,gpqa_chem,4034,6958
train,gpqa_chem_083_rollout_011_prefix_3.json,gpqa_chem_083,11,3,no,gpqa_chem,956,1913
train,gpqa_chem_083_rollout_013_prefix_1.json,gpqa_chem_083,13,1,no,gpqa_chem,423,1159
train,gpqa_chem_083_rollout_014_prefix_3.json,gpqa_chem_083,14,3,yes,gpqa_chem,8774,15410
train,gpqa_chem_083_rollout_015_prefix_3.json,gpqa_chem_083,15,3,no,gpqa_chem,1374,2709
train,gpqa_chem_083_rollout_016_prefix_2.json,gpqa_chem_083,16,2,no,gpqa_chem,1662,3242
train,gpqa_chem_083_rollout_020_prefix_2.json,gpqa_chem_083,20,2,no,gpqa_chem,5460,9595
train,gpqa_chem_083_rollout_022_prefix_1.json,gpqa_chem_083,22,1,yes,gpqa_chem,5616,10063
train,gpqa_chem_083_rollout_023_prefix_0.json,gpqa_chem_083,23,0,yes,gpqa_chem,8616,14368
train,gpqa_chem_083_rollout_024_prefix_1.json,gpqa_chem_083,24,1,yes,gpqa_chem,6566,10914
train,gpqa_chem_083_rollout_024_prefix_3.json,gpqa_chem_083,24,3,no,gpqa_chem,3121,5446
train,gpqa_chem_083_rollout_026_prefix_0.json,gpqa_chem_083,26,0,yes,gpqa_chem,9503,16652
train,gpqa_chem_083_rollout_026_prefix_1.json,gpqa_chem_083,26,1,yes,gpqa_chem,9493,16637
train,gpqa_chem_083_rollout_026_prefix_3.json,gpqa_chem_083,26,3,no,gpqa_chem,1248,2479
train,gpqa_chem_083_rollout_027_prefix_0.json,gpqa_chem_083,27,0,no,gpqa_chem,4298,7707
train,gpqa_chem_083_rollout_029_prefix_1.json,gpqa_chem_083,29,1,yes,gpqa_chem,7301,12868
train,gpqa_chem_084_rollout_000_prefix_1.json,gpqa_chem_084,0,1,yes,gpqa_chem,5807,10087
train,gpqa_chem_084_rollout_001_prefix_3.json,gpqa_chem_084,1,3,no,gpqa_chem,1628,2882
train,gpqa_chem_084_rollout_005_prefix_0.json,gpqa_chem_084,5,0,no,gpqa_chem,3302,5821
train,gpqa_chem_084_rollout_012_prefix_1.json,gpqa_chem_084,12,1,yes,gpqa_chem,4379,7627
train,gpqa_chem_084_rollout_015_prefix_4.json,gpqa_chem_084,15,4,no,gpqa_chem,512,1051
train,gpqa_chem_084_rollout_020_prefix_1.json,gpqa_chem_084,20,1,no,gpqa_chem,1719,2910
train,gpqa_chem_084_rollout_023_prefix_3.json,gpqa_chem_084,23,3,no,gpqa_chem,2399,4220
train,gpqa_chem_084_rollout_023_prefix_4.json,gpqa_chem_084,23,4,no,gpqa_chem,1399,2546
train,gpqa_chem_084_rollout_024_prefix_1.json,gpqa_chem_084,24,1,no,gpqa_chem,3650,7136
train,gpqa_chem_084_rollout_029_prefix_1.json,gpqa_chem_084,29,1,no,gpqa_chem,773,1554
train,gpqa_chem_085_rollout_002_prefix_2.json,gpqa_chem_085,2,2,no,gpqa_chem,5042,9214
train,gpqa_chem_085_rollout_005_prefix_3.json,gpqa_chem_085,5,3,no,gpqa_chem,3252,5785
train,gpqa_chem_085_rollout_008_prefix_2.json,gpqa_chem_085,8,2,no,gpqa_chem,6024,10543
train,gpqa_chem_085_rollout_011_prefix_0.json,gpqa_chem_085,11,0,no,gpqa_chem,680,1333
train,gpqa_chem_085_rollout_024_prefix_2.json,gpqa_chem_085,24,2,yes,gpqa_chem,5436,9600
train,gpqa_chem_086_rollout_004_prefix_1.json,gpqa_chem_086,4,1,no,gpqa_chem,5245,8874
train,gpqa_chem_086_rollout_004_prefix_2.json,gpqa_chem_086,4,2,no,gpqa_chem,2645,4871
train,gpqa_chem_086_rollout_008_prefix_1.json,gpqa_chem_086,8,1,no,gpqa_chem,2289,3957
train,gpqa_chem_086_rollout_009_prefix_3.json,gpqa_chem_086,9,3,no,gpqa_chem,1067,2076
train,gpqa_chem_086_rollout_011_prefix_2.json,gpqa_chem_086,11,2,no,gpqa_chem,3829,7162
train,gpqa_chem_086_rollout_012_prefix_2.json,gpqa_chem_086,12,2,no,gpqa_chem,420,930
train,gpqa_chem_086_rollout_016_prefix_1.json,gpqa_chem_086,16,1,yes,gpqa_chem,5222,8970
train,gpqa_chem_086_rollout_017_prefix_1.json,gpqa_chem_086,17,1,yes,gpqa_chem,5386,9488
train,gpqa_chem_086_rollout_018_prefix_0.json,gpqa_chem_086,18,0,yes,gpqa_chem,4625,7923
train,gpqa_chem_086_rollout_020_prefix_1.json,gpqa_chem_086,20,1,no,gpqa_chem,1938,3494
train,gpqa_chem_086_rollout_021_prefix_1.json,gpqa_chem_086,21,1,yes,gpqa_chem,6279,10916
train,gpqa_chem_086_rollout_025_prefix_1.json,gpqa_chem_086,25,1,no,gpqa_chem,6173,10084
train,gpqa_chem_086_rollout_028_prefix_0.json,gpqa_chem_086,28,0,yes,gpqa_chem,4798,8283
train,gpqa_chem_087_rollout_003_prefix_1.json,gpqa_chem_087,3,1,no,gpqa_chem,144,1031
train,gpqa_chem_087_rollout_015_prefix_0.json,gpqa_chem_087,15,0,yes,gpqa_chem,2106,4175
train,gpqa_chem_087_rollout_016_prefix_1.json,gpqa_chem_087,16,1,yes,gpqa_chem,2196,4408
train,gpqa_chem_087_rollout_023_prefix_0.json,gpqa_chem_087,23,0,no,gpqa_chem,1229,2825
train,gpqa_chem_088_rollout_007_prefix_0.json,gpqa_chem_088,7,0,yes,gpqa_chem,1735,3788
train,gpqa_chem_088_rollout_015_prefix_0.json,gpqa_chem_088,15,0,yes,gpqa_chem,1482,3811
train,gpqa_chem_088_rollout_018_prefix_1.json,gpqa_chem_088,18,1,yes,gpqa_chem,2861,6419
train,gpqa_chem_088_rollout_021_prefix_1.json,gpqa_chem_088,21,1,no,gpqa_chem,1348,3004
train,gpqa_chem_088_rollout_023_prefix_2.json,gpqa_chem_088,23,2,no,gpqa_chem,1735,3736
train,gpqa_chem_088_rollout_027_prefix_1.json,gpqa_chem_088,27,1,yes,gpqa_chem,2082,4844
train,gpqa_chem_089_rollout_006_prefix_1.json,gpqa_chem_089,6,1,no,gpqa_chem,1028,1813
train,gpqa_chem_089_rollout_012_prefix_1.json,gpqa_chem_089,12,1,no,gpqa_chem,1068,1988
train,gpqa_chem_089_rollout_026_prefix_1.json,gpqa_chem_089,26,1,no,gpqa_chem,63,416
train,gpqa_chem_090_rollout_003_prefix_2.json,gpqa_chem_090,3,2,no,gpqa_chem,2185,3747
train,gpqa_chem_090_rollout_006_prefix_2.json,gpqa_chem_090,6,2,no,gpqa_chem,1174,1896
train,gpqa_chem_090_rollout_016_prefix_1.json,gpqa_chem_090,16,1,no,gpqa_chem,4567,7448
train,gpqa_chem_090_rollout_026_prefix_0.json,gpqa_chem_090,26,0,no,gpqa_chem,7343,11784
train,gpqa_chem_091_rollout_003_prefix_2.json,gpqa_chem_091,3,2,yes,gpqa_chem,4057,6146
train,gpqa_chem_091_rollout_009_prefix_0.json,gpqa_chem_091,9,0,yes,gpqa_chem,1873,3060
train,gpqa_chem_091_rollout_017_prefix_0.json,gpqa_chem_091,17,0,yes,gpqa_chem,4056,6717
train,gpqa_chem_091_rollout_019_prefix_0.json,gpqa_chem_091,19,0,yes,gpqa_chem,2911,4620
train,gpqa_chem_091_rollout_020_prefix_0.json,gpqa_chem_091,20,0,yes,gpqa_chem,4029,6300
train,gpqa_chem_091_rollout_029_prefix_0.json,gpqa_chem_091,29,0,yes,gpqa_chem,5744,8929
train,gpqa_chem_092_rollout_001_prefix_0.json,gpqa_chem_092,1,0,yes,gpqa_chem,3724,6165
train,gpqa_chem_092_rollout_011_prefix_2.json,gpqa_chem_092,11,2,no,gpqa_chem,6644,12226
train,gpqa_chem_092_rollout_013_prefix_1.json,gpqa_chem_092,13,1,yes,gpqa_chem,3121,5859
train,gpqa_chem_092_rollout_014_prefix_1.json,gpqa_chem_092,14,1,no,gpqa_chem,336,979
train,gpqa_chem_092_rollout_018_prefix_0.json,gpqa_chem_092,18,0,yes,gpqa_chem,7691,13247
train,gpqa_chem_092_rollout_023_prefix_0.json,gpqa_chem_092,23,0,yes,gpqa_chem,6524,11375
train,gpqa_chem_093_rollout_002_prefix_0.json,gpqa_chem_093,2,0,yes,gpqa_chem,1830,3193
train,gpqa_chem_093_rollout_004_prefix_1.json,gpqa_chem_093,4,1,yes,gpqa_chem,2177,3669
train,gpqa_chem_093_rollout_010_prefix_1.json,gpqa_chem_093,10,1,no,gpqa_chem,1460,2613
train,gpqa_chem_093_rollout_014_prefix_0.json,gpqa_chem_093,14,0,yes,gpqa_chem,2460,4139
train,gpqa_chem_093_rollout_022_prefix_2.json,gpqa_chem_093,22,2,yes,gpqa_chem,3390,5776
train,gpqa_chem_093_rollout_027_prefix_0.json,gpqa_chem_093,27,0,yes,gpqa_chem,2969,4972
train,gpqa_chem_094_rollout_001_prefix_1.json,gpqa_chem_094,1,1,no,gpqa_chem,2743,4376
train,gpqa_chem_094_rollout_005_prefix_1.json,gpqa_chem_094,5,1,no,gpqa_chem,4199,6771
train,gpqa_chem_094_rollout_011_prefix_0.json,gpqa_chem_094,11,0,no,gpqa_chem,4076,6553
train,gpqa_chem_094_rollout_012_prefix_1.json,gpqa_chem_094,12,1,no,gpqa_chem,2230,3648
train,gpqa_chem_094_rollout_016_prefix_4.json,gpqa_chem_094,16,4,no,gpqa_chem,272,731
train,gpqa_chem_094_rollout_021_prefix_2.json,gpqa_chem_094,21,2,no,gpqa_chem,4348,6801
train,gpqa_chem_094_rollout_022_prefix_2.json,gpqa_chem_094,22,2,no,gpqa_chem,1893,3227
train,gpqa_chem_094_rollout_025_prefix_0.json,gpqa_chem_094,25,0,yes,gpqa_chem,4595,7096
train,gpqa_chem_094_rollout_025_prefix_1.json,gpqa_chem_094,25,1,yes,gpqa_chem,4585,7082
train,gpqa_chem_095_rollout_010_prefix_0.json,gpqa_chem_095,10,0,yes,gpqa_chem,1683,3063
train,gpqa_chem_095_rollout_010_prefix_1.json,gpqa_chem_095,10,1,yes,gpqa_chem,1673,3049
train,gpqa_chem_095_rollout_011_prefix_1.json,gpqa_chem_095,11,1,no,gpqa_chem,4683,8523
train,gpqa_chem_095_rollout_012_prefix_0.json,gpqa_chem_095,12,0,yes,gpqa_chem,1661,2971
train,gpqa_chem_095_rollout_013_prefix_1.json,gpqa_chem_095,13,1,no,gpqa_chem,328,916
train,gpqa_chem_095_rollout_024_prefix_2.json,gpqa_chem_095,24,2,no,gpqa_chem,2473,4342
train,gpqa_chem_095_rollout_028_prefix_0.json,gpqa_chem_095,28,0,no,gpqa_chem,2766,4900
train,gpqa_chem_096_rollout_002_prefix_0.json,gpqa_chem_096,2,0,yes,gpqa_chem,7217,11254
train,gpqa_chem_096_rollout_004_prefix_2.json,gpqa_chem_096,4,2,no,gpqa_chem,3648,6098
train,gpqa_chem_096_rollout_006_prefix_3.json,gpqa_chem_096,6,3,yes,gpqa_chem,5245,8495
train,gpqa_chem_096_rollout_015_prefix_1.json,gpqa_chem_096,15,1,no,gpqa_chem,821,1538
train,gpqa_chem_096_rollout_021_prefix_2.json,gpqa_chem_096,21,2,no,gpqa_chem,1871,3204
train,gpqa_chem_096_rollout_025_prefix_3.json,gpqa_chem_096,25,3,no,gpqa_chem,1492,2574
train,gpqa_chem_097_rollout_002_prefix_2.json,gpqa_chem_097,2,2,no,gpqa_chem,2377,4355
train,gpqa_chem_097_rollout_022_prefix_1.json,gpqa_chem_097,22,1,no,gpqa_chem,815,1561
train,gpqa_chem_098_rollout_001_prefix_2.json,gpqa_chem_098,1,2,no,gpqa_chem,1669,2705
train,gpqa_chem_098_rollout_002_prefix_1.json,gpqa_chem_098,2,1,no,gpqa_chem,1012,1635
train,gpqa_chem_098_rollout_017_prefix_2.json,gpqa_chem_098,17,2,no,gpqa_chem,2377,3717
train,gpqa_chem_098_rollout_018_prefix_0.json,gpqa_chem_098,18,0,yes,gpqa_chem,3533,5484
train,gpqa_chem_099_rollout_006_prefix_0.json,gpqa_chem_099,6,0,yes,gpqa_chem,9725,16492
train,gpqa_chem_099_rollout_006_prefix_1.json,gpqa_chem_099,6,1,yes,gpqa_chem,9715,16479
train,gpqa_chem_099_rollout_006_prefix_2.json,gpqa_chem_099,6,2,no,gpqa_chem,7260,12101
train,gpqa_chem_099_rollout_008_prefix_1.json,gpqa_chem_099,8,1,no,gpqa_chem,6198,10172
train,gpqa_chem_099_rollout_009_prefix_0.json,gpqa_chem_099,9,0,yes,gpqa_chem,9872,16390
train,gpqa_chem_099_rollout_012_prefix_1.json,gpqa_chem_099,12,1,yes,gpqa_chem,9837,16412
train,gpqa_chem_099_rollout_012_prefix_3.json,gpqa_chem_099,12,3,no,gpqa_chem,8182,13553
train,gpqa_chem_099_rollout_012_prefix_6.json,gpqa_chem_099,12,6,no,gpqa_chem,2182,3810
train,gpqa_chem_099_rollout_013_prefix_2.json,gpqa_chem_099,13,2,no,gpqa_chem,4123,7107
train,gpqa_chem_099_rollout_020_prefix_2.json,gpqa_chem_099,20,2,no,gpqa_chem,9569,15944
train,gpqa_chem_099_rollout_020_prefix_3.json,gpqa_chem_099,20,3,no,gpqa_chem,8769,14413
train,gpqa_chem_099_rollout_025_prefix_3.json,gpqa_chem_099,25,3,no,gpqa_chem,7891,12498
train,gpqa_chem_099_rollout_025_prefix_4.json,gpqa_chem_099,25,4,no,gpqa_chem,6491,10320
train,gpqa_chem_099_rollout_025_prefix_7.json,gpqa_chem_099,25,7,no,gpqa_chem,291,609
train,gpqa_chem_099_rollout_028_prefix_0.json,gpqa_chem_099,28,0,no,gpqa_chem,4539,7994
train,gpqa_chem_099_rollout_029_prefix_3.json,gpqa_chem_099,29,3,no,gpqa_chem,2410,4142
train,gpqa_chem_100_rollout_004_prefix_0.json,gpqa_chem_100,4,0,yes,gpqa_chem,1270,2194
train,gpqa_chem_100_rollout_006_prefix_0.json,gpqa_chem_100,6,0,yes,gpqa_chem,2864,4211
train,gpqa_chem_100_rollout_007_prefix_1.json,gpqa_chem_100,7,1,yes,gpqa_chem,1425,2313
train,gpqa_chem_100_rollout_028_prefix_0.json,gpqa_chem_100,28,0,yes,gpqa_chem,2021,3380
train,gpqa_chem_101_rollout_004_prefix_0.json,gpqa_chem_101,4,0,yes,gpqa_chem,1667,3068
train,gpqa_chem_101_rollout_026_prefix_1.json,gpqa_chem_101,26,1,yes,gpqa_chem,3613,6181
train,gpqa_chem_101_rollout_028_prefix_0.json,gpqa_chem_101,28,0,yes,gpqa_chem,1512,2767
train,gpqa_chem_102_rollout_000_prefix_0.json,gpqa_chem_102,0,0,yes,gpqa_chem,5190,8617
train,gpqa_chem_102_rollout_003_prefix_0.json,gpqa_chem_102,3,0,no,gpqa_chem,4145,7092
train,gpqa_chem_102_rollout_004_prefix_2.json,gpqa_chem_102,4,2,no,gpqa_chem,2549,4397
train,gpqa_chem_102_rollout_011_prefix_0.json,gpqa_chem_102,11,0,no,gpqa_chem,732,1597
train,gpqa_chem_102_rollout_013_prefix_1.json,gpqa_chem_102,13,1,no,gpqa_chem,2366,4166
train,gpqa_chem_103_rollout_001_prefix_4.json,gpqa_chem_103,1,4,no,gpqa_chem,4054,7224
train,gpqa_chem_103_rollout_002_prefix_0.json,gpqa_chem_103,2,0,yes,gpqa_chem,7999,14926
train,gpqa_chem_103_rollout_002_prefix_1.json,gpqa_chem_103,2,1,no,gpqa_chem,6324,11650
train,gpqa_chem_103_rollout_004_prefix_8.json,gpqa_chem_103,4,8,no,gpqa_chem,553,1061
train,gpqa_chem_103_rollout_010_prefix_2.json,gpqa_chem_103,10,2,no,gpqa_chem,635,1237
train,gpqa_chem_103_rollout_012_prefix_4.json,gpqa_chem_103,12,4,no,gpqa_chem,5689,9289
train,gpqa_chem_103_rollout_018_prefix_2.json,gpqa_chem_103,18,2,no,gpqa_chem,631,1236
train,gpqa_chem_103_rollout_022_prefix_3.json,gpqa_chem_103,22,3,no,gpqa_chem,3554,6373
train,gpqa_chem_104_rollout_005_prefix_0.json,gpqa_chem_104,5,0,yes,gpqa_chem,3948,6797
train,gpqa_chem_104_rollout_005_prefix_1.json,gpqa_chem_104,5,1,yes,gpqa_chem,3928,6771
train,gpqa_chem_104_rollout_005_prefix_2.json,gpqa_chem_104,5,2,no,gpqa_chem,1273,2325
train,gpqa_chem_104_rollout_010_prefix_1.json,gpqa_chem_104,10,1,yes,gpqa_chem,4271,7267
train,gpqa_chem_104_rollout_012_prefix_3.json,gpqa_chem_104,12,3,no,gpqa_chem,52,273
train,gpqa_chem_104_rollout_027_prefix_4.json,gpqa_chem_104,27,4,no,gpqa_chem,2573,4550
train,gpqa_chem_105_rollout_005_prefix_1.json,gpqa_chem_105,5,1,no,gpqa_chem,8736,12229
train,gpqa_chem_105_rollout_017_prefix_1.json,gpqa_chem_105,17,1,yes,gpqa_chem,2255,3857
train,gpqa_chem_105_rollout_018_prefix_0.json,gpqa_chem_105,18,0,yes,gpqa_chem,823,1673
train,gpqa_chem_106_rollout_005_prefix_0.json,gpqa_chem_106,5,0,yes,gpqa_chem,5806,9362
train,gpqa_chem_106_rollout_005_prefix_4.json,gpqa_chem_106,5,4,no,gpqa_chem,731,1307
train,gpqa_chem_106_rollout_006_prefix_3.json,gpqa_chem_106,6,3,no,gpqa_chem,3577,5830
train,gpqa_chem_106_rollout_007_prefix_0.json,gpqa_chem_106,7,0,yes,gpqa_chem,8974,13615
train,gpqa_chem_106_rollout_010_prefix_1.json,gpqa_chem_106,10,1,no,gpqa_chem,3465,5478
train,gpqa_chem_106_rollout_014_prefix_3.json,gpqa_chem_106,14,3,no,gpqa_chem,581,1109
train,gpqa_chem_106_rollout_019_prefix_3.json,gpqa_chem_106,19,3,no,gpqa_chem,901,1631
train,gpqa_chem_106_rollout_020_prefix_0.json,gpqa_chem_106,20,0,yes,gpqa_chem,6197,9932
train,gpqa_chem_107_rollout_001_prefix_1.json,gpqa_chem_107,1,1,yes,gpqa_chem,1789,2947
train,gpqa_chem_107_rollout_010_prefix_0.json,gpqa_chem_107,10,0,yes,gpqa_chem,3036,4934
train,gpqa_chem_107_rollout_013_prefix_0.json,gpqa_chem_107,13,0,yes,gpqa_chem,4820,7988
train,gpqa_chem_108_rollout_000_prefix_0.json,gpqa_chem_108,0,0,no,gpqa_chem,2065,3736
train,gpqa_chem_108_rollout_007_prefix_0.json,gpqa_chem_108,7,0,no,gpqa_chem,1556,2729
train,gpqa_chem_108_rollout_009_prefix_1.json,gpqa_chem_108,9,1,no,gpqa_chem,620,1256
train,gpqa_chem_108_rollout_010_prefix_0.json,gpqa_chem_108,10,0,yes,gpqa_chem,2585,4922
train,gpqa_chem_108_rollout_010_prefix_1.json,gpqa_chem_108,10,1,yes,gpqa_chem,2575,4909
train,gpqa_chem_108_rollout_013_prefix_0.json,gpqa_chem_108,13,0,no,gpqa_chem,1239,2265
train,gpqa_chem_108_rollout_017_prefix_1.json,gpqa_chem_108,17,1,yes,gpqa_chem,1875,3211
train,gpqa_chem_108_rollout_018_prefix_0.json,gpqa_chem_108,18,0,no,gpqa_chem,1167,2001
train,gpqa_chem_108_rollout_019_prefix_3.json,gpqa_chem_108,19,3,no,gpqa_chem,45,147
train,gpqa_chem_108_rollout_026_prefix_0.json,gpqa_chem_108,26,0,no,gpqa_chem,1834,3470
train,gpqa_chem_108_rollout_028_prefix_1.json,gpqa_chem_108,28,1,no,gpqa_chem,1117,2085
train,gpqa_chem_108_rollout_029_prefix_1.json,gpqa_chem_108,29,1,yes,gpqa_chem,2055,4036
train,gpqa_chem_109_rollout_016_prefix_2.json,gpqa_chem_109,16,2,no,gpqa_chem,366,1106
train,gpqa_chem_109_rollout_017_prefix_1.json,gpqa_chem_109,17,1,yes,gpqa_chem,4910,8861
train,gpqa_chem_109_rollout_017_prefix_2.json,gpqa_chem_109,17,2,yes,gpqa_chem,4890,8821
train,gpqa_chem_109_rollout_020_prefix_1.json,gpqa_chem_109,20,1,yes,gpqa_chem,5075,9102
train,gpqa_chem_109_rollout_024_prefix_0.json,gpqa_chem_109,24,0,yes,gpqa_chem,5725,10350
train,gpqa_chem_109_rollout_024_prefix_2.json,gpqa_chem_109,24,2,no,gpqa_chem,4460,7963
train,gpqa_chem_110_rollout_003_prefix_0.json,gpqa_chem_110,3,0,yes,gpqa_chem,8413,13962
train,gpqa_chem_110_rollout_003_prefix_1.json,gpqa_chem_110,3,1,no,gpqa_chem,5948,9906
train,gpqa_chem_110_rollout_003_prefix_3.json,gpqa_chem_110,3,3,no,gpqa_chem,1548,2928
train,gpqa_chem_110_rollout_003_prefix_4.json,gpqa_chem_110,3,4,no,gpqa_chem,1148,2238
train,gpqa_chem_110_rollout_007_prefix_1.json,gpqa_chem_110,7,1,no,gpqa_chem,3375,6226
train,gpqa_chem_110_rollout_010_prefix_0.json,gpqa_chem_110,10,0,yes,gpqa_chem,8463,15061
train,gpqa_chem_110_rollout_011_prefix_1.json,gpqa_chem_110,11,1,no,gpqa_chem,6103,11039
train,gpqa_chem_110_rollout_014_prefix_4.json,gpqa_chem_110,14,4,no,gpqa_chem,6268,11208
train,gpqa_chem_110_rollout_016_prefix_1.json,gpqa_chem_110,16,1,no,gpqa_chem,3910,7347
train,gpqa_chem_110_rollout_019_prefix_2.json,gpqa_chem_110,19,2,no,gpqa_chem,4639,8872
train,gpqa_chem_110_rollout_020_prefix_0.json,gpqa_chem_110,20,0,yes,gpqa_chem,6407,11520
train,gpqa_chem_110_rollout_021_prefix_3.json,gpqa_chem_110,21,3,no,gpqa_chem,7130,12391
train,gpqa_chem_110_rollout_022_prefix_0.json,gpqa_chem_110,22,0,yes,gpqa_chem,6116,11231
train,gpqa_chem_110_rollout_025_prefix_1.json,gpqa_chem_110,25,1,no,gpqa_chem,1656,3099
train,gpqa_chem_110_rollout_027_prefix_1.json,gpqa_chem_110,27,1,no,gpqa_chem,244,737
train,gpqa_chem_110_rollout_028_prefix_2.json,gpqa_chem_110,28,2,no,gpqa_chem,1932,3518
train,gpqa_chem_111_rollout_011_prefix_3.json,gpqa_chem_111,11,3,no,gpqa_chem,927,1907
train,gpqa_chem_111_rollout_013_prefix_0.json,gpqa_chem_111,13,0,no,gpqa_chem,1985,3499
train,gpqa_chem_111_rollout_014_prefix_1.json,gpqa_chem_111,14,1,yes,gpqa_chem,2747,4657
train,gpqa_chem_112_rollout_013_prefix_0.json,gpqa_chem_112,13,0,yes,gpqa_chem,4528,7573
train,gpqa_chem_112_rollout_013_prefix_2.json,gpqa_chem_112,13,2,no,gpqa_chem,3863,6435
train,gpqa_chem_112_rollout_014_prefix_0.json,gpqa_chem_112,14,0,yes,gpqa_chem,5492,8931
train,gpqa_chem_112_rollout_016_prefix_1.json,gpqa_chem_112,16,1,no,gpqa_chem,1200,2083
train,gpqa_chem_112_rollout_022_prefix_0.json,gpqa_chem_112,22,0,yes,gpqa_chem,5027,9022
train,gpqa_chem_113_rollout_002_prefix_0.json,gpqa_chem_113,2,0,yes,gpqa_chem,6752,11331
train,gpqa_chem_113_rollout_002_prefix_1.json,gpqa_chem_113,2,1,no,gpqa_chem,6477,10897
train,gpqa_chem_113_rollout_002_prefix_3.json,gpqa_chem_113,2,3,no,gpqa_chem,277,760
train,gpqa_chem_113_rollout_014_prefix_6.json,gpqa_chem_113,14,6,no,gpqa_chem,2059,3613
train,gpqa_chem_113_rollout_020_prefix_1.json,gpqa_chem_113,20,1,no,gpqa_chem,2932,5219
train,gpqa_chem_113_rollout_022_prefix_0.json,gpqa_chem_113,22,0,yes,gpqa_chem,3178,5404
train,gpqa_chem_114_rollout_002_prefix_0.json,gpqa_chem_114,2,0,yes,gpqa_chem,1239,2573
train,gpqa_chem_115_rollout_001_prefix_0.json,gpqa_chem_115,1,0,yes,gpqa_chem,1299,2119
train,gpqa_chem_115_rollout_008_prefix_2.json,gpqa_chem_115,8,2,no,gpqa_chem,2424,3934
train,gpqa_chem_115_rollout_017_prefix_0.json,gpqa_chem_115,17,0,yes,gpqa_chem,2060,3267
train,gpqa_chem_115_rollout_018_prefix_0.json,gpqa_chem_115,18,0,no,gpqa_chem,1427,2429
train,gpqa_chem_115_rollout_019_prefix_0.json,gpqa_chem_115,19,0,yes,gpqa_chem,2573,3972
train,gpqa_chem_115_rollout_025_prefix_2.json,gpqa_chem_115,25,2,no,gpqa_chem,376,801
train,gpqa_chem_116_rollout_009_prefix_1.json,gpqa_chem_116,9,1,yes,gpqa_chem,6238,12066
train,gpqa_chem_116_rollout_012_prefix_2.json,gpqa_chem_116,12,2,no,gpqa_chem,145,587
train,gpqa_chem_117_rollout_001_prefix_1.json,gpqa_chem_117,1,1,no,gpqa_chem,3790,7033
train,gpqa_chem_117_rollout_003_prefix_2.json,gpqa_chem_117,3,2,no,gpqa_chem,3582,6013
train,gpqa_chem_117_rollout_007_prefix_0.json,gpqa_chem_117,7,0,yes,gpqa_chem,3047,5355
train,gpqa_chem_117_rollout_025_prefix_1.json,gpqa_chem_117,25,1,yes,gpqa_chem,2422,4257
train,gpqa_chem_117_rollout_025_prefix_2.json,gpqa_chem_117,25,2,no,gpqa_chem,1977,3566
train,gpqa_chem_118_rollout_003_prefix_0.json,gpqa_chem_118,3,0,yes,gpqa_chem,3838,5822
train,gpqa_chem_118_rollout_009_prefix_1.json,gpqa_chem_118,9,1,yes,gpqa_chem,5732,8597
train,gpqa_chem_118_rollout_013_prefix_0.json,gpqa_chem_118,13,0,no,gpqa_chem,3760,6263
train,gpqa_chem_118_rollout_022_prefix_0.json,gpqa_chem_118,22,0,yes,gpqa_chem,4002,6518
train,gpqa_chem_118_rollout_024_prefix_0.json,gpqa_chem_118,24,0,yes,gpqa_chem,5697,9003
train,gpqa_chem_118_rollout_028_prefix_1.json,gpqa_chem_118,28,1,no,gpqa_chem,4885,7731
train,gpqa_chem_118_rollout_028_prefix_3.json,gpqa_chem_118,28,3,no,gpqa_chem,3485,5558
train,gpqa_chem_119_rollout_008_prefix_1.json,gpqa_chem_119,8,1,no,gpqa_chem,1486,2801
train,gpqa_chem_119_rollout_009_prefix_3.json,gpqa_chem_119,9,3,no,gpqa_chem,4668,8067
train,gpqa_chem_119_rollout_010_prefix_0.json,gpqa_chem_119,10,0,yes,gpqa_chem,7434,13509
train,gpqa_chem_119_rollout_013_prefix_4.json,gpqa_chem_119,13,4,no,gpqa_chem,2540,4365
train,gpqa_chem_119_rollout_014_prefix_0.json,gpqa_chem_119,14,0,yes,gpqa_chem,7434,12511
train,gpqa_chem_119_rollout_014_prefix_2.json,gpqa_chem_119,14,2,no,gpqa_chem,5359,8847
train,gpqa_chem_119_rollout_021_prefix_1.json,gpqa_chem_119,21,1,no,gpqa_chem,4778,8380
train,gpqa_chem_119_rollout_024_prefix_2.json,gpqa_chem_119,24,2,no,gpqa_chem,2446,4618
train,gpqa_chem_120_rollout_006_prefix_2.json,gpqa_chem_120,6,2,no,gpqa_chem,868,1722
train,gpqa_chem_120_rollout_017_prefix_1.json,gpqa_chem_120,17,1,no,gpqa_chem,627,1366
train,gpqa_chem_121_rollout_003_prefix_0.json,gpqa_chem_121,3,0,yes,gpqa_chem,3004,4289
train,gpqa_chem_121_rollout_012_prefix_1.json,gpqa_chem_121,12,1,no,gpqa_chem,354,786
train,gpqa_chem_121_rollout_018_prefix_0.json,gpqa_chem_121,18,0,yes,gpqa_chem,575,1196
train,gpqa_chem_121_rollout_019_prefix_1.json,gpqa_chem_121,19,1,no,gpqa_chem,557,1045
train,gpqa_chem_121_rollout_024_prefix_1.json,gpqa_chem_121,24,1,no,gpqa_chem,123,456
train,gpqa_chem_122_rollout_014_prefix_0.json,gpqa_chem_122,14,0,yes,gpqa_chem,1173,2253
train,gpqa_chem_122_rollout_018_prefix_1.json,gpqa_chem_122,18,1,yes,gpqa_chem,2157,4342
train,gpqa_chem_123_rollout_017_prefix_0.json,gpqa_chem_123,17,0,yes,gpqa_chem,611,1355
train,gpqa_chem_124_rollout_010_prefix_0.json,gpqa_chem_124,10,0,yes,gpqa_chem,2453,5033
train,gpqa_chem_124_rollout_013_prefix_2.json,gpqa_chem_124,13,2,yes,gpqa_chem,7371,16255
train,gpqa_chem_124_rollout_014_prefix_0.json,gpqa_chem_124,14,0,yes,gpqa_chem,1394,2985
train,gpqa_chem_124_rollout_021_prefix_0.json,gpqa_chem_124,21,0,yes,gpqa_chem,5616,14193
train,gpqa_chem_124_rollout_027_prefix_4.json,gpqa_chem_124,27,4,no,gpqa_chem,1348,2913
train,gpqa_chem_125_rollout_004_prefix_0.json,gpqa_chem_125,4,0,no,gpqa_chem,5790,10486
train,gpqa_chem_125_rollout_006_prefix_2.json,gpqa_chem_125,6,2,no,gpqa_chem,3050,5434
train,gpqa_chem_125_rollout_007_prefix_0.json,gpqa_chem_125,7,0,yes,gpqa_chem,4988,8919
train,gpqa_chem_125_rollout_011_prefix_3.json,gpqa_chem_125,11,3,no,gpqa_chem,3127,5686
train,gpqa_chem_125_rollout_017_prefix_2.json,gpqa_chem_125,17,2,no,gpqa_chem,1081,2129
train,gpqa_chem_125_rollout_018_prefix_1.json,gpqa_chem_125,18,1,no,gpqa_chem,3627,6623
train,gpqa_chem_125_rollout_024_prefix_3.json,gpqa_chem_125,24,3,no,gpqa_chem,4244,7219
train,gpqa_chem_125_rollout_028_prefix_1.json,gpqa_chem_125,28,1,no,gpqa_chem,5643,9187
train,gpqa_chem_126_rollout_004_prefix_4.json,gpqa_chem_126,4,4,no,gpqa_chem,298,703
train,gpqa_chem_126_rollout_005_prefix_2.json,gpqa_chem_126,5,2,no,gpqa_chem,210,535
train,gpqa_chem_126_rollout_009_prefix_0.json,gpqa_chem_126,9,0,yes,gpqa_chem,5348,8632
train,gpqa_chem_126_rollout_019_prefix_0.json,gpqa_chem_126,19,0,yes,gpqa_chem,4799,7836
train,gpqa_chem_126_rollout_021_prefix_0.json,gpqa_chem_126,21,0,yes,gpqa_chem,4685,7524
train,gpqa_chem_126_rollout_027_prefix_0.json,gpqa_chem_126,27,0,yes,gpqa_chem,5018,8365
train,gpqa_chem_126_rollout_028_prefix_0.json,gpqa_chem_126,28,0,no,gpqa_chem,2810,4848
train,gpqa_chem_127_rollout_002_prefix_0.json,gpqa_chem_127,2,0,yes,gpqa_chem,3224,4867
train,gpqa_chem_127_rollout_006_prefix_1.json,gpqa_chem_127,6,1,yes,gpqa_chem,4241,6517
train,gpqa_chem_127_rollout_008_prefix_2.json,gpqa_chem_127,8,2,no,gpqa_chem,2008,3284
train,gpqa_chem_127_rollout_013_prefix_2.json,gpqa_chem_127,13,2,no,gpqa_chem,479,898
train,gpqa_chem_127_rollout_020_prefix_1.json,gpqa_chem_127,20,1,no,gpqa_chem,267,569
train,gpqa_chem_127_rollout_024_prefix_1.json,gpqa_chem_127,24,1,no,gpqa_chem,3738,5709
train,gpqa_chem_127_rollout_025_prefix_0.json,gpqa_chem_127,25,0,yes,gpqa_chem,3928,6050
train,gpqa_chem_128_rollout_001_prefix_1.json,gpqa_chem_128,1,1,yes,gpqa_chem,1569,2749
train,gpqa_chem_128_rollout_013_prefix_0.json,gpqa_chem_128,13,0,yes,gpqa_chem,3959,6426
train,gpqa_chem_128_rollout_020_prefix_0.json,gpqa_chem_128,20,0,yes,gpqa_chem,1962,3566
train,gpqa_chem_128_rollout_028_prefix_0.json,gpqa_chem_128,28,0,no,gpqa_chem,852,1901
train,gpqa_chem_129_rollout_002_prefix_0.json,gpqa_chem_129,2,0,yes,gpqa_chem,1702,3699
train,gpqa_chem_129_rollout_003_prefix_1.json,gpqa_chem_129,3,1,yes,gpqa_chem,6075,10881
train,gpqa_chem_129_rollout_003_prefix_7.json,gpqa_chem_129,3,7,no,gpqa_chem,3220,5947
train,gpqa_chem_129_rollout_009_prefix_1.json,gpqa_chem_129,9,1,no,gpqa_chem,1085,2164
train,gpqa_chem_129_rollout_011_prefix_0.json,gpqa_chem_129,11,0,yes,gpqa_chem,5130,9499
train,gpqa_chem_129_rollout_015_prefix_0.json,gpqa_chem_129,15,0,yes,gpqa_chem,2294,4713
train,gpqa_chem_129_rollout_015_prefix_1.json,gpqa_chem_129,15,1,no,gpqa_chem,1649,3320
train,gpqa_chem_129_rollout_022_prefix_1.json,gpqa_chem_129,22,1,yes,gpqa_chem,2855,5593
train,gpqa_chem_129_rollout_026_prefix_1.json,gpqa_chem_129,26,1,yes,gpqa_chem,4517,8597
train,gpqa_chem_130_rollout_000_prefix_1.json,gpqa_chem_130,0,1,no,gpqa_chem,728,1459
train,gpqa_chem_130_rollout_007_prefix_0.json,gpqa_chem_130,7,0,yes,gpqa_chem,4536,7682
train,gpqa_chem_130_rollout_009_prefix_2.json,gpqa_chem_130,9,2,no,gpqa_chem,1965,3345
train,gpqa_chem_130_rollout_012_prefix_3.json,gpqa_chem_130,12,3,no,gpqa_chem,227,698
train,gpqa_chem_130_rollout_015_prefix_0.json,gpqa_chem_130,15,0,yes,gpqa_chem,4553,7110
train,gpqa_chem_130_rollout_018_prefix_0.json,gpqa_chem_130,18,0,yes,gpqa_chem,4138,6735
train,gpqa_chem_130_rollout_024_prefix_1.json,gpqa_chem_130,24,1,no,gpqa_chem,2701,4375
train,gpqa_chem_130_rollout_027_prefix_1.json,gpqa_chem_130,27,1,yes,gpqa_chem,4224,7038
train,gpqa_chem_130_rollout_028_prefix_1.json,gpqa_chem_130,28,1,no,gpqa_chem,3821,6214
train,gpqa_chem_131_rollout_005_prefix_0.json,gpqa_chem_131,5,0,yes,gpqa_chem,1114,2159
train,gpqa_chem_131_rollout_006_prefix_1.json,gpqa_chem_131,6,1,no,gpqa_chem,1073,1877
train,gpqa_chem_132_rollout_003_prefix_1.json,gpqa_chem_132,3,1,no,gpqa_chem,672,1360
train,gpqa_chem_132_rollout_009_prefix_0.json,gpqa_chem_132,9,0,yes,gpqa_chem,5870,10179
train,gpqa_chem_132_rollout_018_prefix_1.json,gpqa_chem_132,18,1,no,gpqa_chem,7890,13334
train,gpqa_chem_132_rollout_019_prefix_3.json,gpqa_chem_132,19,3,no,gpqa_chem,428,913
train,gpqa_chem_132_rollout_021_prefix_4.json,gpqa_chem_132,21,4,no,gpqa_chem,2074,4012
train,gpqa_chem_132_rollout_023_prefix_1.json,gpqa_chem_132,23,1,no,gpqa_chem,7908,13367
train,gpqa_chem_132_rollout_023_prefix_4.json,gpqa_chem_132,23,4,no,gpqa_chem,1708,4378
train,gpqa_chem_132_rollout_026_prefix_2.json,gpqa_chem_132,26,2,no,gpqa_chem,2792,5347
train,gpqa_chem_132_rollout_027_prefix_1.json,gpqa_chem_132,27,1,no,gpqa_chem,5506,9985
train,gpqa_chem_132_rollout_028_prefix_1.json,gpqa_chem_132,28,1,no,gpqa_chem,3601,6487
train,gpqa_chem_132_rollout_029_prefix_0.json,gpqa_chem_132,29,0,no,gpqa_chem,2978,5713
train,gpqa_chem_133_rollout_009_prefix_0.json,gpqa_chem_133,9,0,yes,gpqa_chem,551,1137
train,gpqa_chem_134_rollout_009_prefix_0.json,gpqa_chem_134,9,0,yes,gpqa_chem,3843,6131
train,gpqa_chem_134_rollout_017_prefix_0.json,gpqa_chem_134,17,0,yes,gpqa_chem,1363,2216
train,gpqa_chem_134_rollout_020_prefix_0.json,gpqa_chem_134,20,0,yes,gpqa_chem,3201,5073
train,gpqa_chem_134_rollout_021_prefix_1.json,gpqa_chem_134,21,1,yes,gpqa_chem,3720,5361
train,gpqa_chem_134_rollout_029_prefix_0.json,gpqa_chem_134,29,0,yes,gpqa_chem,2578,4216
train,gpqa_chem_135_rollout_000_prefix_0.json,gpqa_chem_135,0,0,yes,gpqa_chem,1179,2401
train,gpqa_chem_135_rollout_014_prefix_0.json,gpqa_chem_135,14,0,yes,gpqa_chem,2551,4236
train,gpqa_chem_135_rollout_014_prefix_2.json,gpqa_chem_135,14,2,no,gpqa_chem,286,703
train,gpqa_chem_135_rollout_022_prefix_0.json,gpqa_chem_135,22,0,no,gpqa_chem,95,410
train,gpqa_chem_135_rollout_027_prefix_0.json,gpqa_chem_135,27,0,no,gpqa_chem,906,1803
train,gpqa_chem_135_rollout_029_prefix_0.json,gpqa_chem_135,29,0,no,gpqa_chem,2724,4643
train,gpqa_chem_136_rollout_007_prefix_0.json,gpqa_chem_136,7,0,yes,gpqa_chem,1702,2467
train,gpqa_chem_136_rollout_009_prefix_0.json,gpqa_chem_136,9,0,yes,gpqa_chem,773,1282
train,gpqa_chem_136_rollout_016_prefix_1.json,gpqa_chem_136,16,1,yes,gpqa_chem,3579,5024
train,gpqa_chem_136_rollout_025_prefix_2.json,gpqa_chem_136,25,2,no,gpqa_chem,1864,2921
train,gpqa_chem_137_rollout_002_prefix_1.json,gpqa_chem_137,2,1,yes,gpqa_chem,7447,12215
train,gpqa_chem_137_rollout_004_prefix_2.json,gpqa_chem_137,4,2,no,gpqa_chem,5054,8550
train,gpqa_chem_137_rollout_009_prefix_0.json,gpqa_chem_137,9,0,yes,gpqa_chem,6750,11283
train,gpqa_chem_137_rollout_010_prefix_0.json,gpqa_chem_137,10,0,yes,gpqa_chem,5673,9608
train,gpqa_chem_137_rollout_014_prefix_0.json,gpqa_chem_137,14,0,yes,gpqa_chem,6587,11018
train,gpqa_chem_137_rollout_018_prefix_0.json,gpqa_chem_137,18,0,yes,gpqa_chem,4934,8434
train,gpqa_chem_137_rollout_019_prefix_4.json,gpqa_chem_137,19,4,no,gpqa_chem,4146,7363
train,gpqa_chem_137_rollout_026_prefix_0.json,gpqa_chem_137,26,0,yes,gpqa_chem,6840,11627
train,gpqa_chem_137_rollout_029_prefix_0.json,gpqa_chem_137,29,0,yes,gpqa_chem,7259,11728
train,gpqa_chem_138_rollout_006_prefix_0.json,gpqa_chem_138,6,0,yes,gpqa_chem,5845,9153
train,gpqa_chem_138_rollout_007_prefix_0.json,gpqa_chem_138,7,0,yes,gpqa_chem,6757,10653
train,gpqa_chem_138_rollout_015_prefix_2.json,gpqa_chem_138,15,2,no,gpqa_chem,2473,4318
train,gpqa_chem_138_rollout_016_prefix_2.json,gpqa_chem_138,16,2,no,gpqa_chem,2014,3344
train,gpqa_chem_138_rollout_018_prefix_0.json,gpqa_chem_138,18,0,yes,gpqa_chem,5872,9241
train,gpqa_chem_138_rollout_021_prefix_0.json,gpqa_chem_138,21,0,yes,gpqa_chem,7141,11256
train,gpqa_chem_138_rollout_028_prefix_0.json,gpqa_chem_138,28,0,yes,gpqa_chem,5635,8782
train,gpqa_chem_139_rollout_004_prefix_0.json,gpqa_chem_139,4,0,no,gpqa_chem,1690,3028
train,gpqa_chem_139_rollout_018_prefix_0.json,gpqa_chem_139,18,0,yes,gpqa_chem,4364,7392
train,gpqa_chem_139_rollout_021_prefix_2.json,gpqa_chem_139,21,2,no,gpqa_chem,1692,3018
train,gpqa_chem_139_rollout_029_prefix_0.json,gpqa_chem_139,29,0,yes,gpqa_chem,4189,7033
train,gpqa_chem_140_rollout_002_prefix_0.json,gpqa_chem_140,2,0,yes,gpqa_chem,4793,8508
train,gpqa_chem_140_rollout_004_prefix_1.json,gpqa_chem_140,4,1,no,gpqa_chem,2079,3866
train,gpqa_chem_140_rollout_007_prefix_2.json,gpqa_chem_140,7,2,no,gpqa_chem,5785,9656
train,gpqa_chem_140_rollout_009_prefix_1.json,gpqa_chem_140,9,1,yes,gpqa_chem,3204,5479
train,gpqa_chem_140_rollout_017_prefix_1.json,gpqa_chem_140,17,1,no,gpqa_chem,5439,8876
train,gpqa_chem_140_rollout_022_prefix_1.json,gpqa_chem_140,22,1,yes,gpqa_chem,7259,11586
train,gpqa_chem_140_rollout_028_prefix_1.json,gpqa_chem_140,28,1,yes,gpqa_chem,4048,6703
train,gpqa_chem_141_rollout_002_prefix_1.json,gpqa_chem_141,2,1,yes,gpqa_chem,2111,3737
train,gpqa_chem_141_rollout_014_prefix_0.json,gpqa_chem_141,14,0,yes,gpqa_chem,4311,7045
train,gpqa_chem_141_rollout_019_prefix_0.json,gpqa_chem_141,19,0,yes,gpqa_chem,2987,4922
train,gpqa_chem_141_rollout_021_prefix_2.json,gpqa_chem_141,21,2,yes,gpqa_chem,3489,5855
train,gpqa_chem_141_rollout_022_prefix_0.json,gpqa_chem_141,22,0,yes,gpqa_chem,5080,8112
train,gpqa_chem_141_rollout_023_prefix_1.json,gpqa_chem_141,23,1,yes,gpqa_chem,2954,4852
train,gpqa_chem_141_rollout_027_prefix_0.json,gpqa_chem_141,27,0,yes,gpqa_chem,3729,6108
train,gpqa_chem_142_rollout_000_prefix_0.json,gpqa_chem_142,0,0,yes,gpqa_chem,1579,2668
train,gpqa_chem_142_rollout_007_prefix_0.json,gpqa_chem_142,7,0,no,gpqa_chem,235,492
train,gpqa_chem_142_rollout_014_prefix_0.json,gpqa_chem_142,14,0,yes,gpqa_chem,4386,7064
train,gpqa_chem_142_rollout_015_prefix_1.json,gpqa_chem_142,15,1,no,gpqa_chem,326,735
train,gpqa_chem_143_rollout_001_prefix_0.json,gpqa_chem_143,1,0,yes,gpqa_chem,6390,10497
train,gpqa_chem_143_rollout_005_prefix_0.json,gpqa_chem_143,5,0,yes,gpqa_chem,3760,6618
train,gpqa_chem_143_rollout_007_prefix_0.json,gpqa_chem_143,7,0,no,gpqa_chem,310,782
train,gpqa_chem_143_rollout_011_prefix_1.json,gpqa_chem_143,11,1,no,gpqa_chem,4079,6912
train,gpqa_chem_143_rollout_012_prefix_2.json,gpqa_chem_143,12,2,no,gpqa_chem,2432,4407
train,gpqa_chem_143_rollout_017_prefix_2.json,gpqa_chem_143,17,2,no,gpqa_chem,9305,15751
train,gpqa_chem_143_rollout_020_prefix_1.json,gpqa_chem_143,20,1,no,gpqa_chem,6242,9951
train,gpqa_chem_143_rollout_021_prefix_0.json,gpqa_chem_143,21,0,yes,gpqa_chem,8728,15742
train,gpqa_chem_143_rollout_022_prefix_0.json,gpqa_chem_143,22,0,no,gpqa_chem,3651,6135
train,gpqa_chem_144_rollout_007_prefix_0.json,gpqa_chem_144,7,0,yes,gpqa_chem,1715,4857
train,gpqa_chem_144_rollout_009_prefix_2.json,gpqa_chem_144,9,2,no,gpqa_chem,518,1345
train,gpqa_chem_145_rollout_007_prefix_3.json,gpqa_chem_145,7,3,no,gpqa_chem,914,2008
train,gpqa_chem_145_rollout_013_prefix_2.json,gpqa_chem_145,13,2,no,gpqa_chem,1073,2267
train,gpqa_chem_145_rollout_018_prefix_0.json,gpqa_chem_145,18,0,yes,gpqa_chem,4324,7764
train,gpqa_chem_145_rollout_020_prefix_1.json,gpqa_chem_145,20,1,yes,gpqa_chem,3561,6653
train,gpqa_chem_145_rollout_020_prefix_2.json,gpqa_chem_145,20,2,yes,gpqa_chem,3551,6624
train,gpqa_chem_145_rollout_024_prefix_1.json,gpqa_chem_145,24,1,yes,gpqa_chem,3859,6704
train,gpqa_chem_146_rollout_006_prefix_0.json,gpqa_chem_146,6,0,yes,gpqa_chem,3939,8439
train,gpqa_chem_146_rollout_016_prefix_1.json,gpqa_chem_146,16,1,no,gpqa_chem,2934,6000
train,gpqa_chem_146_rollout_024_prefix_1.json,gpqa_chem_146,24,1,no,gpqa_chem,1567,3284
train,gpqa_chem_147_rollout_002_prefix_0.json,gpqa_chem_147,2,0,no,gpqa_chem,773,1375
train,gpqa_chem_147_rollout_012_prefix_1.json,gpqa_chem_147,12,1,no,gpqa_chem,40,185
train,gpqa_chem_148_rollout_003_prefix_0.json,gpqa_chem_148,3,0,no,gpqa_chem,1393,1964
train,gpqa_chem_148_rollout_005_prefix_0.json,gpqa_chem_148,5,0,yes,gpqa_chem,330,583
train,gpqa_chem_148_rollout_010_prefix_0.json,gpqa_chem_148,10,0,yes,gpqa_chem,572,902
train,gpqa_chem_148_rollout_024_prefix_0.json,gpqa_chem_148,24,0,yes,gpqa_chem,630,967
train,gpqa_chem_149_rollout_000_prefix_0.json,gpqa_chem_149,0,0,yes,gpqa_chem,1417,2554
train,gpqa_chem_149_rollout_008_prefix_1.json,gpqa_chem_149,8,1,no,gpqa_chem,607,1260
train,gpqa_chem_149_rollout_012_prefix_1.json,gpqa_chem_149,12,1,yes,gpqa_chem,2593,5159
train,gpqa_chem_149_rollout_023_prefix_0.json,gpqa_chem_149,23,0,yes,gpqa_chem,2424,4484
train,gpqa_chem_149_rollout_028_prefix_0.json,gpqa_chem_149,28,0,yes,gpqa_chem,2393,4513
train,gpqa_chem_150_rollout_008_prefix_1.json,gpqa_chem_150,8,1,no,gpqa_chem,6550,11470
train,gpqa_chem_150_rollout_014_prefix_0.json,gpqa_chem_150,14,0,yes,gpqa_chem,8331,13664
train,gpqa_chem_150_rollout_014_prefix_3.json,gpqa_chem_150,14,3,no,gpqa_chem,1066,1897
train,gpqa_chem_150_rollout_015_prefix_3.json,gpqa_chem_150,15,3,no,gpqa_chem,4208,7555
train,gpqa_chem_150_rollout_022_prefix_0.json,gpqa_chem_150,22,0,yes,gpqa_chem,8642,14113
train,gpqa_chem_150_rollout_022_prefix_1.json,gpqa_chem_150,22,1,no,gpqa_chem,6187,10451
train,gpqa_chem_150_rollout_024_prefix_0.json,gpqa_chem_150,24,0,yes,gpqa_chem,6790,11889
train,gpqa_chem_150_rollout_026_prefix_1.json,gpqa_chem_150,26,1,no,gpqa_chem,3785,6480
train,gpqa_chem_150_rollout_027_prefix_0.json,gpqa_chem_150,27,0,yes,gpqa_chem,3512,6433
train,gpqa_chem_151_rollout_001_prefix_1.json,gpqa_chem_151,1,1,yes,gpqa_chem,4453,8139
train,gpqa_chem_151_rollout_005_prefix_1.json,gpqa_chem_151,5,1,yes,gpqa_chem,3730,6259
train,gpqa_chem_151_rollout_007_prefix_0.json,gpqa_chem_151,7,0,yes,gpqa_chem,4614,7981
train,gpqa_chem_151_rollout_007_prefix_1.json,gpqa_chem_151,7,1,no,gpqa_chem,3369,5921
train,gpqa_chem_151_rollout_011_prefix_0.json,gpqa_chem_151,11,0,yes,gpqa_chem,2190,3981
train,gpqa_chem_151_rollout_018_prefix_0.json,gpqa_chem_151,18,0,yes,gpqa_chem,5293,9279
train,gpqa_chem_151_rollout_024_prefix_1.json,gpqa_chem_151,24,1,no,gpqa_chem,342,798
train,gpqa_chem_152_rollout_004_prefix_0.json,gpqa_chem_152,4,0,yes,gpqa_chem,3321,6515
train,gpqa_chem_152_rollout_009_prefix_0.json,gpqa_chem_152,9,0,yes,gpqa_chem,6359,12414
train,gpqa_chem_152_rollout_009_prefix_1.json,gpqa_chem_152,9,1,no,gpqa_chem,5114,10400
train,gpqa_chem_152_rollout_010_prefix_0.json,gpqa_chem_152,10,0,yes,gpqa_chem,6531,10842
train,gpqa_chem_152_rollout_019_prefix_5.json,gpqa_chem_152,19,5,no,gpqa_chem,219,478
train,gpqa_chem_152_rollout_027_prefix_1.json,gpqa_chem_152,27,1,no,gpqa_chem,3669,6917
train,gpqa_chem_152_rollout_028_prefix_0.json,gpqa_chem_152,28,0,no,gpqa_chem,52,172
train,gpqa_chem_152_rollout_029_prefix_4.json,gpqa_chem_152,29,4,no,gpqa_chem,640,1309
train,gpqa_chem_153_rollout_009_prefix_0.json,gpqa_chem_153,9,0,yes,gpqa_chem,1917,3476
train,gpqa_chem_153_rollout_011_prefix_1.json,gpqa_chem_153,11,1,no,gpqa_chem,1914,3251
train,gpqa_chem_153_rollout_027_prefix_0.json,gpqa_chem_153,27,0,yes,gpqa_chem,1806,3301
train,gpqa_chem_154_rollout_009_prefix_1.json,gpqa_chem_154,9,1,yes,gpqa_chem,4551,7115
train,gpqa_chem_154_rollout_011_prefix_0.json,gpqa_chem_154,11,0,yes,gpqa_chem,6243,9229
train,gpqa_chem_154_rollout_020_prefix_3.json,gpqa_chem_154,20,3,no,gpqa_chem,3485,5259
train,gpqa_chem_154_rollout_022_prefix_1.json,gpqa_chem_154,22,1,no,gpqa_chem,1752,2711
train,gpqa_chem_154_rollout_026_prefix_0.json,gpqa_chem_154,26,0,yes,gpqa_chem,6648,9845
train,gpqa_chem_154_rollout_027_prefix_1.json,gpqa_chem_154,27,1,no,gpqa_chem,342,697
train,gpqa_chem_155_rollout_012_prefix_2.json,gpqa_chem_155,12,2,no,gpqa_chem,3376,4867
train,gpqa_chem_155_rollout_023_prefix_0.json,gpqa_chem_155,23,0,yes,gpqa_chem,5645,8158
train,gpqa_chem_155_rollout_023_prefix_3.json,gpqa_chem_155,23,3,no,gpqa_chem,1970,2986
train,gpqa_chem_155_rollout_027_prefix_0.json,gpqa_chem_155,27,0,yes,gpqa_chem,3574,5119
train,gpqa_chem_155_rollout_029_prefix_0.json,gpqa_chem_155,29,0,yes,gpqa_chem,4764,6787
train,gpqa_chem_156_rollout_006_prefix_2.json,gpqa_chem_156,6,2,yes,gpqa_chem,699,1757
train,gpqa_chem_156_rollout_008_prefix_1.json,gpqa_chem_156,8,1,no,gpqa_chem,863,1770
train,gpqa_chem_156_rollout_010_prefix_5.json,gpqa_chem_156,10,5,no,gpqa_chem,1003,1963
train,gpqa_chem_156_rollout_010_prefix_7.json,gpqa_chem_156,10,7,no,gpqa_chem,203,728
train,gpqa_chem_156_rollout_013_prefix_2.json,gpqa_chem_156,13,2,yes,gpqa_chem,3419,6709
train,gpqa_chem_156_rollout_015_prefix_1.json,gpqa_chem_156,15,1,yes,gpqa_chem,3662,7451
train,gpqa_chem_156_rollout_020_prefix_0.json,gpqa_chem_156,20,0,yes,gpqa_chem,4244,7867
train,gpqa_chem_157_rollout_019_prefix_0.json,gpqa_chem_157,19,0,yes,gpqa_chem,1168,2257
train,gpqa_chem_157_rollout_024_prefix_0.json,gpqa_chem_157,24,0,yes,gpqa_chem,6241,10548
train,gpqa_chem_157_rollout_025_prefix_0.json,gpqa_chem_157,25,0,yes,gpqa_chem,3243,5451
train,gpqa_chem_158_rollout_000_prefix_1.json,gpqa_chem_158,0,1,yes,gpqa_chem,7714,11350
train,gpqa_chem_158_rollout_014_prefix_2.json,gpqa_chem_158,14,2,no,gpqa_chem,2831,4269
train,gpqa_chem_158_rollout_016_prefix_1.json,gpqa_chem_158,16,1,no,gpqa_chem,3083,4682
train,gpqa_chem_158_rollout_024_prefix_2.json,gpqa_chem_158,24,2,no,gpqa_chem,3214,4851
train,gpqa_chem_158_rollout_029_prefix_3.json,gpqa_chem_158,29,3,no,gpqa_chem,45,180
train,gpqa_chem_159_rollout_012_prefix_1.json,gpqa_chem_159,12,1,yes,gpqa_chem,3311,5107
train,gpqa_chem_159_rollout_013_prefix_1.json,gpqa_chem_159,13,1,no,gpqa_chem,1988,3072
train,gpqa_chem_159_rollout_021_prefix_1.json,gpqa_chem_159,21,1,yes,gpqa_chem,2005,3063
train,gpqa_chem_160_rollout_004_prefix_0.json,gpqa_chem_160,4,0,no,gpqa_chem,1974,3564
train,gpqa_chem_160_rollout_016_prefix_2.json,gpqa_chem_160,16,2,no,gpqa_chem,4504,7083
train,gpqa_chem_160_rollout_020_prefix_0.json,gpqa_chem_160,20,0,yes,gpqa_chem,2015,3563
train,gpqa_chem_160_rollout_027_prefix_0.json,gpqa_chem_160,27,0,yes,gpqa_chem,5126,7863
train,gpqa_chem_160_rollout_027_prefix_3.json,gpqa_chem_160,27,3,no,gpqa_chem,1661,2788
train,gpqa_chem_161_rollout_002_prefix_0.json,gpqa_chem_161,2,0,no,gpqa_chem,2002,3884
train,gpqa_chem_161_rollout_007_prefix_0.json,gpqa_chem_161,7,0,yes,gpqa_chem,3424,6240
train,gpqa_chem_161_rollout_009_prefix_0.json,gpqa_chem_161,9,0,yes,gpqa_chem,5185,9690
train,gpqa_chem_161_rollout_010_prefix_0.json,gpqa_chem_161,10,0,yes,gpqa_chem,5389,10078
train,gpqa_chem_161_rollout_019_prefix_0.json,gpqa_chem_161,19,0,yes,gpqa_chem,5680,10634
train,gpqa_chem_161_rollout_025_prefix_0.json,gpqa_chem_161,25,0,yes,gpqa_chem,6438,12116
train,gpqa_chem_161_rollout_025_prefix_2.json,gpqa_chem_161,25,2,no,gpqa_chem,4583,8743
train,gpqa_chem_161_rollout_027_prefix_4.json,gpqa_chem_161,27,4,no,gpqa_chem,4628,8585
train,gpqa_chem_161_rollout_027_prefix_5.json,gpqa_chem_161,27,5,no,gpqa_chem,4428,8252
train,gpqa_chem_162_rollout_007_prefix_1.json,gpqa_chem_162,7,1,no,gpqa_chem,3763,6944
train,gpqa_chem_162_rollout_017_prefix_1.json,gpqa_chem_162,17,1,no,gpqa_chem,542,1235
train,gpqa_chem_162_rollout_019_prefix_1.json,gpqa_chem_162,19,1,no,gpqa_chem,330,865
train,gpqa_chem_162_rollout_020_prefix_1.json,gpqa_chem_162,20,1,no,gpqa_chem,23,347
train,gpqa_chem_162_rollout_021_prefix_2.json,gpqa_chem_162,21,2,no,gpqa_chem,2094,3900
train,gpqa_chem_163_rollout_006_prefix_0.json,gpqa_chem_163,6,0,yes,gpqa_chem,575,1022
train,gpqa_chem_163_rollout_008_prefix_1.json,gpqa_chem_163,8,1,yes,gpqa_chem,549,1011
train,gpqa_chem_163_rollout_020_prefix_0.json,gpqa_chem_163,20,0,yes,gpqa_chem,1343,2070
train,gpqa_chem_164_rollout_008_prefix_1.json,gpqa_chem_164,8,1,no,gpqa_chem,1970,3317
train,gpqa_chem_164_rollout_013_prefix_2.json,gpqa_chem_164,13,2,no,gpqa_chem,4789,8254
train,gpqa_chem_164_rollout_018_prefix_4.json,gpqa_chem_164,18,4,no,gpqa_chem,749,1387
train,gpqa_chem_164_rollout_019_prefix_2.json,gpqa_chem_164,19,2,no,gpqa_chem,1283,2305
train,gpqa_chem_164_rollout_022_prefix_0.json,gpqa_chem_164,22,0,no,gpqa_chem,8332,14824
train,gpqa_chem_164_rollout_023_prefix_0.json,gpqa_chem_164,23,0,yes,gpqa_chem,6400,11716
train,gpqa_chem_164_rollout_025_prefix_0.json,gpqa_chem_164,25,0,no,gpqa_chem,1346,2598
train,gpqa_chem_165_rollout_001_prefix_0.json,gpqa_chem_165,1,0,yes,gpqa_chem,4612,7868
train,gpqa_chem_165_rollout_003_prefix_1.json,gpqa_chem_165,3,1,no,gpqa_chem,5523,9981
train,gpqa_chem_165_rollout_007_prefix_0.json,gpqa_chem_165,7,0,yes,gpqa_chem,5361,9126
train,gpqa_chem_165_rollout_007_prefix_2.json,gpqa_chem_165,7,2,yes,gpqa_chem,5341,9085
train,gpqa_chem_165_rollout_011_prefix_1.json,gpqa_chem_165,11,1,no,gpqa_chem,2555,5354
train,gpqa_chem_165_rollout_021_prefix_1.json,gpqa_chem_165,21,1,no,gpqa_chem,2436,4642
train,gpqa_chem_165_rollout_023_prefix_2.json,gpqa_chem_165,23,2,no,gpqa_chem,3831,6964
train,gpqa_chem_165_rollout_026_prefix_1.json,gpqa_chem_165,26,1,yes,gpqa_chem,4587,8201
train,gpqa_chem_165_rollout_028_prefix_0.json,gpqa_chem_165,28,0,yes,gpqa_chem,4625,8352
train,gpqa_chem_165_rollout_029_prefix_1.json,gpqa_chem_165,29,1,no,gpqa_chem,3846,8041
train,gpqa_chem_166_rollout_001_prefix_0.json,gpqa_chem_166,1,0,yes,gpqa_chem,1420,3570
train,gpqa_chem_166_rollout_013_prefix_0.json,gpqa_chem_166,13,0,yes,gpqa_chem,2049,4553
train,gpqa_chem_166_rollout_018_prefix_1.json,gpqa_chem_166,18,1,no,gpqa_chem,1579,3588
train,gpqa_chem_166_rollout_019_prefix_0.json,gpqa_chem_166,19,0,yes,gpqa_chem,1071,2896
train,gpqa_chem_167_rollout_006_prefix_0.json,gpqa_chem_167,6,0,yes,gpqa_chem,1633,2931
train,gpqa_chem_167_rollout_009_prefix_0.json,gpqa_chem_167,9,0,yes,gpqa_chem,775,1603
train,gpqa_chem_167_rollout_014_prefix_0.json,gpqa_chem_167,14,0,yes,gpqa_chem,951,1779
train,gpqa_chem_167_rollout_015_prefix_1.json,gpqa_chem_167,15,1,no,gpqa_chem,196,577
train,gpqa_chem_168_rollout_005_prefix_1.json,gpqa_chem_168,5,1,yes,gpqa_chem,5418,7532
train,gpqa_chem_168_rollout_006_prefix_2.json,gpqa_chem_168,6,2,no,gpqa_chem,4313,7537
train,gpqa_chem_168_rollout_012_prefix_1.json,gpqa_chem_168,12,1,yes,gpqa_chem,3605,6555
train,gpqa_chem_168_rollout_014_prefix_0.json,gpqa_chem_168,14,0,yes,gpqa_chem,3153,5196
train,gpqa_chem_168_rollout_026_prefix_0.json,gpqa_chem_168,26,0,yes,gpqa_chem,2448,4017
train,gpqa_chem_169_rollout_000_prefix_3.json,gpqa_chem_169,0,3,no,gpqa_chem,360,808
train,gpqa_chem_169_rollout_014_prefix_1.json,gpqa_chem_169,14,1,no,gpqa_chem,2571,4497
train,gpqa_chem_169_rollout_016_prefix_2.json,gpqa_chem_169,16,2,no,gpqa_chem,6590,10735
train,gpqa_chem_169_rollout_020_prefix_0.json,gpqa_chem_169,20,0,yes,gpqa_chem,7576,13437
train,gpqa_chem_169_rollout_020_prefix_3.json,gpqa_chem_169,20,3,no,gpqa_chem,2511,5027
train,gpqa_chem_169_rollout_025_prefix_0.json,gpqa_chem_169,25,0,yes,gpqa_chem,7179,12268
train,gpqa_chem_169_rollout_029_prefix_0.json,gpqa_chem_169,29,0,yes,gpqa_chem,6726,10776
train,gpqa_chem_170_rollout_002_prefix_1.json,gpqa_chem_170,2,1,yes,gpqa_chem,3788,6241
train,gpqa_chem_170_rollout_003_prefix_0.json,gpqa_chem_170,3,0,no,gpqa_chem,9193,13265
train,gpqa_chem_170_rollout_018_prefix_0.json,gpqa_chem_170,18,0,no,gpqa_chem,1813,3013
train,gpqa_chem_170_rollout_024_prefix_2.json,gpqa_chem_170,24,2,no,gpqa_chem,540,1337
train,gpqa_chem_171_rollout_001_prefix_1.json,gpqa_chem_171,1,1,no,gpqa_chem,5912,10484
train,gpqa_chem_171_rollout_003_prefix_2.json,gpqa_chem_171,3,2,no,gpqa_chem,4172,7216
train,gpqa_chem_171_rollout_008_prefix_3.json,gpqa_chem_171,8,3,no,gpqa_chem,5552,9328
train,gpqa_chem_171_rollout_028_prefix_1.json,gpqa_chem_171,28,1,yes,gpqa_chem,1966,3356
train,gpqa_chem_171_rollout_029_prefix_1.json,gpqa_chem_171,29,1,no,gpqa_chem,5331,9832
train,gpqa_chem_172_rollout_008_prefix_2.json,gpqa_chem_172,8,2,no,gpqa_chem,796,1703
train,gpqa_chem_172_rollout_015_prefix_0.json,gpqa_chem_172,15,0,yes,gpqa_chem,1165,2911
train,gpqa_chem_172_rollout_021_prefix_1.json,gpqa_chem_172,21,1,no,gpqa_chem,765,1984
train,gpqa_chem_172_rollout_026_prefix_0.json,gpqa_chem_172,26,0,yes,gpqa_chem,3355,7859
train,gpqa_chem_173_rollout_002_prefix_1.json,gpqa_chem_173,2,1,no,gpqa_chem,2991,4826
train,gpqa_chem_173_rollout_007_prefix_2.json,gpqa_chem_173,7,2,no,gpqa_chem,2638,4559
train,gpqa_chem_173_rollout_010_prefix_2.json,gpqa_chem_173,10,2,no,gpqa_chem,614,1137
train,gpqa_chem_173_rollout_011_prefix_0.json,gpqa_chem_173,11,0,yes,gpqa_chem,5809,9245
train,gpqa_chem_173_rollout_011_prefix_4.json,gpqa_chem_173,11,4,no,gpqa_chem,3144,5123
train,gpqa_chem_173_rollout_016_prefix_0.json,gpqa_chem_173,16,0,yes,gpqa_chem,5813,9170
train,gpqa_chem_173_rollout_024_prefix_4.json,gpqa_chem_173,24,4,no,gpqa_chem,1160,2015
train,gpqa_chem_173_rollout_026_prefix_7.json,gpqa_chem_173,26,7,no,gpqa_chem,1236,2171
train,gpqa_chem_174_rollout_003_prefix_1.json,gpqa_chem_174,3,1,no,gpqa_chem,2635,3799
train,gpqa_chem_174_rollout_009_prefix_0.json,gpqa_chem_174,9,0,yes,gpqa_chem,4130,5915
train,gpqa_chem_174_rollout_016_prefix_1.json,gpqa_chem_174,16,1,no,gpqa_chem,222,472
train,gpqa_chem_174_rollout_025_prefix_1.json,gpqa_chem_174,25,1,no,gpqa_chem,2339,3542
train,gpqa_chem_174_rollout_026_prefix_0.json,gpqa_chem_174,26,0,yes,gpqa_chem,1607,2439
train,gpqa_chem_175_rollout_004_prefix_0.json,gpqa_chem_175,4,0,no,gpqa_chem,2493,3487
train,gpqa_chem_175_rollout_011_prefix_0.json,gpqa_chem_175,11,0,yes,gpqa_chem,2570,3562
train,gpqa_chem_175_rollout_014_prefix_0.json,gpqa_chem_175,14,0,yes,gpqa_chem,1350,2067
train,gpqa_chem_176_rollout_005_prefix_1.json,gpqa_chem_176,5,1,no,gpqa_chem,1464,3580
train,gpqa_chem_176_rollout_008_prefix_2.json,gpqa_chem_176,8,2,no,gpqa_chem,3727,8987
train,gpqa_chem_176_rollout_009_prefix_2.json,gpqa_chem_176,9,2,yes,gpqa_chem,4193,9680
train,gpqa_chem_176_rollout_019_prefix_0.json,gpqa_chem_176,19,0,yes,gpqa_chem,3990,9651
train,gpqa_chem_176_rollout_025_prefix_2.json,gpqa_chem_176,25,2,no,gpqa_chem,3023,7214
train,gpqa_chem_177_rollout_006_prefix_1.json,gpqa_chem_177,6,1,no,gpqa_chem,4460,7875
train,gpqa_chem_177_rollout_006_prefix_2.json,gpqa_chem_177,6,2,no,gpqa_chem,1460,2791
train,gpqa_chem_177_rollout_009_prefix_0.json,gpqa_chem_177,9,0,yes,gpqa_chem,6640,11742
train,gpqa_chem_177_rollout_012_prefix_0.json,gpqa_chem_177,12,0,yes,gpqa_chem,4388,7582
train,gpqa_chem_177_rollout_013_prefix_2.json,gpqa_chem_177,13,2,no,gpqa_chem,5205,9162
train,gpqa_chem_177_rollout_015_prefix_4.json,gpqa_chem_177,15,4,no,gpqa_chem,1470,2653
train,gpqa_chem_177_rollout_020_prefix_0.json,gpqa_chem_177,20,0,yes,gpqa_chem,8962,15357
train,gpqa_chem_177_rollout_020_prefix_2.json,gpqa_chem_177,20,2,no,gpqa_chem,3887,6666
train,gpqa_chem_177_rollout_022_prefix_1.json,gpqa_chem_177,22,1,yes,gpqa_chem,8167,13667
train,gpqa_chem_177_rollout_023_prefix_1.json,gpqa_chem_177,23,1,no,gpqa_chem,2805,5382
train,gpqa_chem_177_rollout_025_prefix_2.json,gpqa_chem_177,25,2,no,gpqa_chem,4864,8758
train,gpqa_chem_178_rollout_023_prefix_0.json,gpqa_chem_178,23,0,yes,gpqa_chem,1618,2817
train,gpqa_chem_178_rollout_028_prefix_0.json,gpqa_chem_178,28,0,yes,gpqa_chem,1509,2632
train,gpqa_chem_179_rollout_010_prefix_2.json,gpqa_chem_179,10,2,no,gpqa_chem,1724,3260
train,gpqa_chem_179_rollout_011_prefix_2.json,gpqa_chem_179,11,2,no,gpqa_chem,3613,6544
train,gpqa_chem_179_rollout_029_prefix_1.json,gpqa_chem_179,29,1,yes,gpqa_chem,8000,15176
train,gpqa_chem_179_rollout_029_prefix_2.json,gpqa_chem_179,29,2,no,gpqa_chem,5155,9800
train,gpqa_chem_180_rollout_000_prefix_0.json,gpqa_chem_180,0,0,yes,gpqa_chem,4540,9091
train,gpqa_chem_180_rollout_001_prefix_0.json,gpqa_chem_180,1,0,yes,gpqa_chem,6176,11940
train,gpqa_chem_180_rollout_024_prefix_0.json,gpqa_chem_180,24,0,no,gpqa_chem,1941,4166
train,gpqa_chem_181_rollout_001_prefix_1.json,gpqa_chem_181,1,1,yes,gpqa_chem,1520,2489
train,gpqa_chem_181_rollout_026_prefix_3.json,gpqa_chem_181,26,3,no,gpqa_chem,1420,2370
train,gpqa_chem_181_rollout_027_prefix_3.json,gpqa_chem_181,27,3,no,gpqa_chem,331,687
train,gpqa_chem_182_rollout_000_prefix_0.json,gpqa_chem_182,0,0,yes,gpqa_chem,2178,3541
train,gpqa_chem_182_rollout_013_prefix_0.json,gpqa_chem_182,13,0,yes,gpqa_chem,1736,3043
train,gpqa_chem_182_rollout_019_prefix_1.json,gpqa_chem_182,19,1,yes,gpqa_chem,950,1749
train,gpqa_chem_182_rollout_021_prefix_0.json,gpqa_chem_182,21,0,yes,gpqa_chem,1144,1997
train,gpqa_chem_182_rollout_021_prefix_1.json,gpqa_chem_182,21,1,yes,gpqa_chem,1124,1971
train,gpqa_chem_182_rollout_028_prefix_1.json,gpqa_chem_182,28,1,no,gpqa_chem,1110,1971
train,gpqa_chem_182_rollout_029_prefix_0.json,gpqa_chem_182,29,0,no,gpqa_chem,1127,2002
train,race_0354_rollout_001_prefix_12.json,race_0354,1,12,no,race,949,1653
train,race_0354_rollout_001_prefix_13.json,race_0354,1,13,no,race,749,1418
train,race_0354_rollout_001_prefix_14.json,race_0354,1,14,no,race,549,1178
train,race_0354_rollout_002_prefix_0.json,race_0354,2,0,yes,race,3753,5039
train,race_0354_rollout_003_prefix_5.json,race_0354,3,5,no,race,1281,2016
train,race_0354_rollout_005_prefix_5.json,race_0354,5,5,no,race,2260,3220
train,race_0354_rollout_006_prefix_2.json,race_0354,6,2,no,race,668,1335
train,race_0354_rollout_008_prefix_8.json,race_0354,8,8,no,race,430,1031
train,race_0354_rollout_009_prefix_0.json,race_0354,9,0,no,race,3577,4863
train,race_0354_rollout_009_prefix_14.json,race_0354,9,14,no,race,777,1451
train,race_0354_rollout_009_prefix_7.json,race_0354,9,7,no,race,2177,3193
train,race_0354_rollout_010_prefix_11.json,race_0354,10,11,no,race,310,882
train,race_0354_rollout_010_prefix_4.json,race_0354,10,4,no,race,1710,2563
train,race_0354_rollout_012_prefix_3.json,race_0354,12,3,no,race,1958,2855
train,race_0354_rollout_014_prefix_1.json,race_0354,14,1,no,race,2810,3877
train,race_0354_rollout_014_prefix_14.json,race_0354,14,14,no,race,210,766
train,race_0354_rollout_014_prefix_7.json,race_0354,14,7,no,race,1610,2446
train,race_0354_rollout_015_prefix_1.json,race_0354,15,1,yes,race,1346,2088
train,race_0354_rollout_015_prefix_4.json,race_0354,15,4,no,race,691,1326
train,race_0354_rollout_016_prefix_0.json,race_0354,16,0,no,race,1703,2639
train,race_0354_rollout_017_prefix_12.json,race_0354,17,12,no,race,885,1582
train,race_0354_rollout_017_prefix_4.json,race_0354,17,4,no,race,2485,3546
train,race_0354_rollout_017_prefix_6.json,race_0354,17,6,no,race,2085,3066
train,race_0354_rollout_018_prefix_8.json,race_0354,18,8,no,race,1208,1955
train,race_0354_rollout_020_prefix_8.json,race_0354,20,8,no,race,768,1445
train,race_0354_rollout_020_prefix_9.json,race_0354,20,9,no,race,568,1208
train,race_0354_rollout_023_prefix_0.json,race_0354,23,0,yes,race,2830,3946
train,race_0354_rollout_023_prefix_1.json,race_0354,23,1,yes,race,2820,3935
train,race_0354_rollout_023_prefix_15.json,race_0354,23,15,no,race,155,695
train,race_0354_rollout_024_prefix_12.json,race_0354,24,12,no,race,873,1544
train,race_0354_rollout_024_prefix_7.json,race_0354,24,7,no,race,1873,2734
train,race_0354_rollout_025_prefix_15.json,race_0354,25,15,no,race,26,543
train,race_0354_rollout_026_prefix_10.json,race_0354,26,10,no,race,1883,2787
train,race_0354_rollout_026_prefix_17.json,race_0354,26,17,no,race,483,1094
train,race_0354_rollout_026_prefix_7.json,race_0354,26,7,no,race,2483,3519
train,race_0354_rollout_027_prefix_0.json,race_0354,27,0,no,race,2478,3501
train,race_0354_rollout_027_prefix_1.json,race_0354,27,1,no,race,2278,3270
train,race_0354_rollout_027_prefix_4.json,race_0354,27,4,no,race,1678,2550
train,race_0354_rollout_028_prefix_10.json,race_0354,28,10,no,race,1761,2663
train,race_0354_rollout_028_prefix_12.json,race_0354,28,12,no,race,1361,2178
train,race_0354_rollout_029_prefix_4.json,race_0354,29,4,no,race,1655,2489
train,race_0415_rollout_000_prefix_1.json,race_0415,0,1,yes,race,220,905
train,race_0415_rollout_014_prefix_2.json,race_0415,14,2,yes,race,261,950
train,race_1012_rollout_002_prefix_5.json,race_1012,2,5,no,race,186,577
train,race_1012_rollout_007_prefix_1.json,race_1012,7,1,no,race,114,494
train,race_1012_rollout_013_prefix_4.json,race_1012,13,4,no,race,288,716
train,race_1012_rollout_019_prefix_1.json,race_1012,19,1,no,race,765,1310
train,race_1012_rollout_019_prefix_2.json,race_1012,19,2,no,race,565,1048
train,race_1012_rollout_020_prefix_2.json,race_1012,20,2,no,race,269,684
train,race_1012_rollout_022_prefix_3.json,race_1012,22,3,no,race,333,761
train,race_1012_rollout_027_prefix_0.json,race_1012,27,0,yes,race,693,1173
train,race_1012_rollout_029_prefix_0.json,race_1012,29,0,no,race,794,1331
train,race_11279_rollout_001_prefix_0.json,race_11279,1,0,yes,race,234,834
train,race_11279_rollout_002_prefix_2.json,race_11279,2,2,yes,race,147,726
train,race_11279_rollout_020_prefix_1.json,race_11279,20,1,no,race,35,584
train,race_11698_rollout_007_prefix_2.json,race_11698,7,2,yes,race,61,413
train,race_11698_rollout_017_prefix_0.json,race_11698,17,0,yes,race,113,473
train,race_11809_rollout_000_prefix_1.json,race_11809,0,1,yes,race,291,783
train,race_11809_rollout_001_prefix_0.json,race_11809,1,0,yes,race,689,1282
train,race_11809_rollout_001_prefix_1.json,race_11809,1,1,no,race,414,939
train,race_11809_rollout_016_prefix_2.json,race_11809,16,2,no,race,113,572
train,race_11809_rollout_017_prefix_2.json,race_11809,17,2,no,race,540,1081
train,race_11809_rollout_018_prefix_5.json,race_11809,18,5,no,race,65,510
train,race_11809_rollout_026_prefix_2.json,race_11809,26,2,yes,race,305,801
train,race_11809_rollout_027_prefix_0.json,race_11809,27,0,yes,race,537,1088
train,race_11878_rollout_004_prefix_0.json,race_11878,4,0,yes,race,315,826
train,race_11878_rollout_006_prefix_0.json,race_11878,6,0,yes,race,345,843
train,race_11878_rollout_007_prefix_0.json,race_11878,7,0,yes,race,276,771
train,race_11878_rollout_017_prefix_1.json,race_11878,17,1,yes,race,265,776
train,race_11878_rollout_024_prefix_3.json,race_11878,24,3,no,race,133,590
train,race_12070_rollout_022_prefix_1.json,race_12070,22,1,yes,race,277,826
train,race_12070_rollout_022_prefix_3.json,race_12070,22,3,yes,race,257,799
train,race_12070_rollout_027_prefix_1.json,race_12070,27,1,yes,race,316,867
train,race_12070_rollout_027_prefix_2.json,race_12070,27,2,no,race,51,513
train,race_12137_rollout_000_prefix_0.json,race_12137,0,0,no,race,170,725
train,race_12137_rollout_005_prefix_1.json,race_12137,5,1,no,race,101,638
train,race_12137_rollout_008_prefix_1.json,race_12137,8,1,no,race,55,590
train,race_12137_rollout_010_prefix_2.json,race_12137,10,2,no,race,70,608
train,race_12137_rollout_015_prefix_2.json,race_12137,15,2,yes,race,602,1248
train,race_12137_rollout_015_prefix_4.json,race_12137,15,4,no,race,147,695
train,race_12137_rollout_020_prefix_3.json,race_12137,20,3,no,race,27,556
train,race_12137_rollout_025_prefix_0.json,race_12137,25,0,yes,race,447,1047
train,race_12137_rollout_026_prefix_2.json,race_12137,26,2,no,race,100,639
train,race_12693_rollout_002_prefix_3.json,race_12693,2,3,yes,race,161,714
train,race_12693_rollout_007_prefix_1.json,race_12693,7,1,yes,race,224,786
train,race_12693_rollout_020_prefix_0.json,race_12693,20,0,yes,race,302,892
train,race_12693_rollout_020_prefix_1.json,race_12693,20,1,yes,race,292,881
train,race_12693_rollout_024_prefix_0.json,race_12693,24,0,yes,race,298,878
train,race_12729_rollout_014_prefix_0.json,race_12729,14,0,no,race,144,718
train,race_12729_rollout_021_prefix_0.json,race_12729,21,0,yes,race,190,771
train,race_12757_rollout_005_prefix_0.json,race_12757,5,0,yes,race,315,820
train,race_12757_rollout_007_prefix_0.json,race_12757,7,0,no,race,106,557
train,race_12757_rollout_014_prefix_0.json,race_12757,14,0,no,race,57,492
train,race_12757_rollout_018_prefix_1.json,race_12757,18,1,yes,race,118,560
train,race_12757_rollout_027_prefix_0.json,race_12757,27,0,yes,race,543,1124
train,race_12802_rollout_001_prefix_1.json,race_12802,1,1,yes,race,104,645
train,race_12802_rollout_011_prefix_0.json,race_12802,11,0,yes,race,76,610
train,race_13348_rollout_013_prefix_4.json,race_13348,13,4,no,race,754,1389
train,race_13348_rollout_016_prefix_0.json,race_13348,16,0,no,race,57,546
train,race_13348_rollout_022_prefix_0.json,race_13348,22,0,yes,race,389,941
train,race_13348_rollout_024_prefix_9.json,race_13348,24,9,no,race,112,612
train,race_1334_rollout_000_prefix_0.json,race_1334,0,0,yes,race,180,635
train,race_1334_rollout_014_prefix_0.json,race_1334,14,0,yes,race,192,657
train,race_1334_rollout_024_prefix_0.json,race_1334,24,0,yes,race,323,797
train,race_13964_rollout_002_prefix_1.json,race_13964,2,1,yes,race,293,730
train,race_13964_rollout_003_prefix_3.json,race_13964,3,3,no,race,289,732
train,race_13964_rollout_014_prefix_1.json,race_13964,14,1,no,race,133,536
train,race_13964_rollout_025_prefix_1.json,race_13964,25,1,yes,race,559,1050
train,race_13964_rollout_027_prefix_0.json,race_13964,27,0,yes,race,344,788
train,race_1402_rollout_015_prefix_1.json,race_1402,15,1,yes,race,141,573
train,race_1402_rollout_027_prefix_2.json,race_1402,27,2,yes,race,145,568
train,race_1402_rollout_028_prefix_1.json,race_1402,28,1,yes,race,52,454
train,race_1486_rollout_000_prefix_0.json,race_1486,0,0,yes,race,250,700
train,race_1486_rollout_007_prefix_0.json,race_1486,7,0,yes,race,202,634
train,race_1486_rollout_022_prefix_0.json,race_1486,22,0,yes,race,413,890
train,race_14906_rollout_008_prefix_0.json,race_14906,8,0,yes,race,136,529
train,race_14906_rollout_023_prefix_0.json,race_14906,23,0,yes,race,148,566
train,race_14906_rollout_028_prefix_0.json,race_14906,28,0,yes,race,116,517
train,race_15803_rollout_008_prefix_2.json,race_15803,8,2,no,race,49,529
train,race_15803_rollout_026_prefix_0.json,race_15803,26,0,yes,race,325,885
train,race_15926_rollout_000_prefix_0.json,race_15926,0,0,no,race,32,517
train,race_15926_rollout_027_prefix_1.json,race_15926,27,1,no,race,111,609
train,race_15942_rollout_015_prefix_0.json,race_15942,15,0,yes,race,410,942
train,race_15942_rollout_023_prefix_0.json,race_15942,23,0,yes,race,362,896
train,race_15942_rollout_028_prefix_0.json,race_15942,28,0,yes,race,276,796
train,race_1613_rollout_000_prefix_0.json,race_1613,0,0,yes,race,384,832
train,race_1613_rollout_020_prefix_1.json,race_1613,20,1,no,race,116,507
train,race_1613_rollout_025_prefix_1.json,race_1613,25,1,yes,race,234,640
train,race_1613_rollout_029_prefix_0.json,race_1613,29,0,yes,race,220,631
train,race_17171_rollout_011_prefix_0.json,race_17171,11,0,yes,race,158,567
train,race_17171_rollout_027_prefix_0.json,race_17171,27,0,no,race,472,964
train,race_17171_rollout_027_prefix_1.json,race_17171,27,1,no,race,272,711
train,race_17299_rollout_003_prefix_0.json,race_17299,3,0,yes,race,272,796
train,race_17299_rollout_005_prefix_3.json,race_17299,5,3,no,race,36,506
train,race_17299_rollout_015_prefix_0.json,race_17299,15,0,yes,race,329,852
train,race_17523_rollout_010_prefix_0.json,race_17523,10,0,yes,race,363,699
train,race_17523_rollout_024_prefix_0.json,race_17523,24,0,yes,race,234,536
train,race_1766_rollout_008_prefix_0.json,race_1766,8,0,yes,race,568,1228
train,race_1766_rollout_015_prefix_1.json,race_1766,15,1,no,race,55,627
train,race_1766_rollout_026_prefix_0.json,race_1766,26,0,yes,race,337,955
train,race_17801_rollout_026_prefix_1.json,race_17801,26,1,no,race,77,557
train,race_18408_rollout_004_prefix_0.json,race_18408,4,0,yes,race,166,678
train,race_18408_rollout_017_prefix_0.json,race_18408,17,0,yes,race,275,812
train,race_18408_rollout_022_prefix_0.json,race_18408,22,0,yes,race,153,667
train,race_18473_rollout_001_prefix_1.json,race_18473,1,1,yes,race,272,837
train,race_18473_rollout_011_prefix_1.json,race_18473,11,1,no,race,111,636
train,race_18473_rollout_017_prefix_2.json,race_18473,17,2,no,race,46,556
train,race_18473_rollout_021_prefix_1.json,race_18473,21,1,yes,race,201,745
train,race_18514_rollout_000_prefix_0.json,race_18514,0,0,yes,race,79,589
train,race_18514_rollout_000_prefix_1.json,race_18514,0,1,yes,race,69,575
train,race_18514_rollout_007_prefix_0.json,race_18514,7,0,yes,race,223,771
train,race_18514_rollout_009_prefix_0.json,race_18514,9,0,yes,race,236,795
train,race_18514_rollout_014_prefix_0.json,race_18514,14,0,yes,race,194,732
train,race_18514_rollout_024_prefix_2.json,race_18514,24,2,yes,race,196,743
train,race_18705_rollout_000_prefix_1.json,race_18705,0,1,no,race,220,745
train,race_18705_rollout_001_prefix_1.json,race_18705,1,1,no,race,84,580
train,race_18705_rollout_004_prefix_1.json,race_18705,4,1,no,race,45,536
train,race_18705_rollout_008_prefix_2.json,race_18705,8,2,no,race,116,618
train,race_18705_rollout_014_prefix_1.json,race_18705,14,1,no,race,192,706
train,race_18705_rollout_016_prefix_0.json,race_18705,16,0,no,race,202,715
train,race_1879_rollout_001_prefix_1.json,race_1879,1,1,no,race,99,635
train,race_1879_rollout_006_prefix_0.json,race_1879,6,0,yes,race,233,805
train,race_1879_rollout_015_prefix_0.json,race_1879,15,0,yes,race,226,799
train,race_1879_rollout_015_prefix_1.json,race_1879,15,1,yes,race,216,786
train,race_1879_rollout_025_prefix_1.json,race_1879,25,1,yes,race,299,884
train,race_19298_rollout_010_prefix_0.json,race_19298,10,0,yes,race,329,929
train,race_19298_rollout_017_prefix_0.json,race_19298,17,0,yes,race,229,818
train,race_19298_rollout_017_prefix_2.json,race_19298,17,2,yes,race,199,782
train,race_19298_rollout_028_prefix_1.json,race_19298,28,1,yes,race,299,901
train,race_19875_rollout_009_prefix_1.json,race_19875,9,1,yes,race,240,612
train,race_19875_rollout_011_prefix_3.json,race_19875,11,3,no,race,104,443
train,race_19875_rollout_013_prefix_1.json,race_19875,13,1,yes,race,255,623
train,race_19875_rollout_018_prefix_0.json,race_19875,18,0,no,race,59,391
train,race_19875_rollout_027_prefix_0.json,race_19875,27,0,no,race,108,448
train,race_19955_rollout_024_prefix_0.json,race_19955,24,0,yes,race,124,654
train,race_20179_rollout_003_prefix_7.json,race_20179,3,7,no,race,2398,3303
train,race_20179_rollout_004_prefix_5.json,race_20179,4,5,no,race,996,1660
train,race_20179_rollout_005_prefix_11.json,race_20179,5,11,no,race,62,523
train,race_20179_rollout_006_prefix_5.json,race_20179,6,5,no,race,344,857
train,race_20179_rollout_008_prefix_2.json,race_20179,8,2,no,race,1496,2287
train,race_20179_rollout_009_prefix_1.json,race_20179,9,1,no,race,790,1392
train,race_20179_rollout_009_prefix_3.json,race_20179,9,3,no,race,390,916
train,race_20179_rollout_010_prefix_8.json,race_20179,10,8,no,race,74,534
train,race_20179_rollout_011_prefix_1.json,race_20179,11,1,yes,race,862,1530
train,race_20179_rollout_012_prefix_16.json,race_20179,12,16,no,race,463,1009
train,race_20179_rollout_012_prefix_6.json,race_20179,12,6,no,race,2463,3424
train,race_20179_rollout_013_prefix_4.json,race_20179,13,4,no,race,512,1069
train,race_20179_rollout_015_prefix_4.json,race_20179,15,4,no,race,936,1547
train,race_20179_rollout_016_prefix_2.json,race_20179,16,2,no,race,530,1105
train,race_20179_rollout_016_prefix_4.json,race_20179,16,4,no,race,130,603
train,race_20179_rollout_019_prefix_0.json,race_20179,19,0,no,race,1062,1756
train,race_20179_rollout_022_prefix_4.json,race_20179,22,4,no,race,1119,1768
train,race_20179_rollout_022_prefix_9.json,race_20179,22,9,no,race,119,595
train,race_20179_rollout_023_prefix_3.json,race_20179,23,3,no,race,1007,1692
train,race_20179_rollout_024_prefix_2.json,race_20179,24,2,no,race,1884,2683
train,race_20179_rollout_024_prefix_3.json,race_20179,24,3,no,race,1684,2444
train,race_20179_rollout_024_prefix_8.json,race_20179,24,8,no,race,684,1271
train,race_20179_rollout_027_prefix_14.json,race_20179,27,14,no,race,888,1513
train,race_20179_rollout_029_prefix_0.json,race_20179,29,0,no,race,1899,2759
train,race_20515_rollout_001_prefix_0.json,race_20515,1,0,yes,race,274,810
train,race_20515_rollout_005_prefix_0.json,race_20515,5,0,no,race,266,801
train,race_20515_rollout_005_prefix_1.json,race_20515,5,1,no,race,66,569
train,race_20515_rollout_006_prefix_1.json,race_20515,6,1,no,race,29,522
train,race_20515_rollout_011_prefix_0.json,race_20515,11,0,yes,race,411,981
train,race_20515_rollout_018_prefix_0.json,race_20515,18,0,yes,race,256,786
train,race_20515_rollout_020_prefix_1.json,race_20515,20,1,no,race,33,528
train,race_21351_rollout_011_prefix_0.json,race_21351,11,0,yes,race,443,885
train,race_21351_rollout_011_prefix_2.json,race_21351,11,2,no,race,178,570
train,race_21519_rollout_003_prefix_0.json,race_21519,3,0,yes,race,281,887
train,race_21573_rollout_009_prefix_1.json,race_21573,9,1,yes,race,206,625
train,race_21573_rollout_029_prefix_0.json,race_21573,29,0,no,race,27,357
train,race_21585_rollout_012_prefix_0.json,race_21585,12,0,no,race,63,469
train,race_21585_rollout_019_prefix_0.json,race_21585,19,0,yes,race,268,717
train,race_21585_rollout_028_prefix_0.json,race_21585,28,0,yes,race,324,785
train,race_21912_rollout_006_prefix_1.json,race_21912,6,1,yes,race,291,792
train,race_21912_rollout_010_prefix_0.json,race_21912,10,0,yes,race,159,645
train,race_21912_rollout_015_prefix_0.json,race_21912,15,0,yes,race,165,644
train,race_21912_rollout_022_prefix_0.json,race_21912,22,0,yes,race,204,692
train,race_21912_rollout_026_prefix_0.json,race_21912,26,0,yes,race,256,756
train,race_22018_rollout_008_prefix_0.json,race_22018,8,0,yes,race,105,563
train,race_22018_rollout_024_prefix_2.json,race_22018,24,2,yes,race,77,512
train,race_22018_rollout_028_prefix_0.json,race_22018,28,0,yes,race,178,658
train,race_22065_rollout_001_prefix_1.json,race_22065,1,1,yes,race,209,737
train,race_22065_rollout_002_prefix_1.json,race_22065,2,1,no,race,195,715
train,race_22065_rollout_018_prefix_0.json,race_22065,18,0,yes,race,225,748
train,race_22065_rollout_026_prefix_0.json,race_22065,26,0,yes,race,163,667
train,race_22448_rollout_006_prefix_1.json,race_22448,6,1,yes,race,220,620
train,race_22448_rollout_014_prefix_0.json,race_22448,14,0,yes,race,134,513
train,race_22448_rollout_016_prefix_1.json,race_22448,16,1,yes,race,217,615
train,race_22448_rollout_022_prefix_0.json,race_22448,22,0,yes,race,389,847
train,race_2256_rollout_002_prefix_3.json,race_2256,2,3,yes,race,445,1047
train,race_2256_rollout_002_prefix_4.json,race_2256,2,4,no,race,200,731
train,race_2256_rollout_013_prefix_0.json,race_2256,13,0,yes,race,686,1361
train,race_2256_rollout_014_prefix_1.json,race_2256,14,1,no,race,380,964
train,race_2256_rollout_017_prefix_1.json,race_2256,17,1,no,race,250,821
train,race_2256_rollout_028_prefix_1.json,race_2256,28,1,no,race,292,856
train,race_22650_rollout_020_prefix_0.json,race_22650,20,0,yes,race,173,724
train,race_22819_rollout_001_prefix_0.json,race_22819,1,0,no,race,330,863
train,race_22819_rollout_001_prefix_1.json,race_22819,1,1,no,race,130,605
train,race_22819_rollout_002_prefix_0.json,race_22819,2,0,no,race,2171,3397
train,race_22819_rollout_003_prefix_0.json,race_22819,3,0,yes,race,1968,3013
train,race_22819_rollout_003_prefix_8.json,race_22819,3,8,no,race,493,1076
train,race_22819_rollout_007_prefix_4.json,race_22819,7,4,no,race,988,1743
train,race_22819_rollout_008_prefix_6.json,race_22819,8,6,no,race,716,1378
train,race_22819_rollout_008_prefix_7.json,race_22819,8,7,no,race,516,1119
train,race_22819_rollout_008_prefix_9.json,race_22819,8,9,no,race,116,577
train,race_22819_rollout_009_prefix_1.json,race_22819,9,1,yes,race,391,963
train,race_22819_rollout_017_prefix_2.json,race_22819,17,2,no,race,1420,2331
train,race_22819_rollout_017_prefix_5.json,race_22819,17,5,no,race,820,1505
train,race_22819_rollout_026_prefix_0.json,race_22819,26,0,no,race,91,557
train,race_22819_rollout_029_prefix_5.json,race_22819,29,5,no,race,979,1731
train,race_22819_rollout_029_prefix_8.json,race_22819,29,8,no,race,379,939
train,race_23301_rollout_013_prefix_0.json,race_23301,13,0,yes,race,129,603
train,race_23301_rollout_015_prefix_0.json,race_23301,15,0,yes,race,187,684
train,race_23301_rollout_022_prefix_0.json,race_23301,22,0,yes,race,185,684
train,race_23301_rollout_023_prefix_0.json,race_23301,23,0,yes,race,201,692
train,race_23301_rollout_029_prefix_0.json,race_23301,29,0,yes,race,315,852
train,race_23457_rollout_003_prefix_1.json,race_23457,3,1,no,race,189,539
train,race_23457_rollout_005_prefix_0.json,race_23457,5,0,no,race,68,397
train,race_23457_rollout_008_prefix_2.json,race_23457,8,2,no,race,254,616
train,race_23457_rollout_009_prefix_2.json,race_23457,9,2,yes,race,439,830
train,race_23457_rollout_010_prefix_0.json,race_23457,10,0,yes,race,354,731
train,race_23457_rollout_020_prefix_1.json,race_23457,20,1,yes,race,333,719
train,race_23457_rollout_022_prefix_0.json,race_23457,22,0,no,race,124,463
train,race_23457_rollout_027_prefix_1.json,race_23457,27,1,yes,race,710,1168
train,race_23457_rollout_027_prefix_2.json,race_23457,27,2,no,race,465,860
train,race_23457_rollout_028_prefix_0.json,race_23457,28,0,yes,race,322,703
train,race_23457_rollout_028_prefix_2.json,race_23457,28,2,no,race,47,370
train,race_23460_rollout_025_prefix_0.json,race_23460,25,0,yes,race,284,685
train,race_23792_rollout_006_prefix_0.json,race_23792,6,0,yes,race,366,1005
train,race_23792_rollout_010_prefix_0.json,race_23792,10,0,yes,race,379,1040
train,race_23792_rollout_027_prefix_0.json,race_23792,27,0,yes,race,576,1259
train,race_24066_rollout_004_prefix_1.json,race_24066,4,1,no,race,101,982
train,race_24066_rollout_011_prefix_0.json,race_24066,11,0,yes,race,283,1212
train,race_24066_rollout_012_prefix_0.json,race_24066,12,0,yes,race,348,1274
train,race_24066_rollout_017_prefix_1.json,race_24066,17,1,no,race,331,1262
train,race_24066_rollout_021_prefix_0.json,race_24066,21,0,yes,race,307,1223
train,race_24170_rollout_013_prefix_0.json,race_24170,13,0,no,race,43,519
train,race_24170_rollout_017_prefix_0.json,race_24170,17,0,yes,race,269,778
train,race_24170_rollout_026_prefix_0.json,race_24170,26,0,yes,race,221,727
train,race_24430_rollout_012_prefix_0.json,race_24430,12,0,yes,race,279,814
train,race_24430_rollout_018_prefix_2.json,race_24430,18,2,no,race,116,596
train,race_24430_rollout_021_prefix_0.json,race_24430,21,0,yes,race,298,845
train,race_24430_rollout_024_prefix_2.json,race_24430,24,2,no,race,39,508
train,race_24430_rollout_026_prefix_1.json,race_24430,26,1,yes,race,227,751
train,race_24952_rollout_000_prefix_0.json,race_24952,0,0,yes,race,335,775
train,race_24952_rollout_010_prefix_0.json,race_24952,10,0,yes,race,230,624
train,race_25050_rollout_005_prefix_0.json,race_25050,5,0,yes,race,191,546
train,race_25050_rollout_008_prefix_0.json,race_25050,8,0,yes,race,188,541
train,race_25050_rollout_020_prefix_0.json,race_25050,20,0,yes,race,236,600
train,race_25556_rollout_011_prefix_2.json,race_25556,11,2,no,race,26,506
train,race_25556_rollout_014_prefix_0.json,race_25556,14,0,no,race,31,511
train,race_25556_rollout_021_prefix_3.json,race_25556,21,3,yes,race,186,700
train,race_25592_rollout_001_prefix_3.json,race_25592,1,3,no,race,54,583
train,race_25592_rollout_005_prefix_2.json,race_25592,5,2,yes,race,266,851
train,race_25592_rollout_012_prefix_1.json,race_25592,12,1,yes,race,352,963
train,race_25592_rollout_021_prefix_1.json,race_25592,21,1,no,race,40,568
train,race_25592_rollout_028_prefix_1.json,race_25592,28,1,yes,race,302,894
train,race_25830_rollout_006_prefix_1.json,race_25830,6,1,no,race,161,630
train,race_25830_rollout_017_prefix_1.json,race_25830,17,1,no,race,177,660
train,race_25830_rollout_029_prefix_0.json,race_25830,29,0,yes,race,300,793
train,race_25878_rollout_013_prefix_0.json,race_25878,13,0,yes,race,160,839
train,race_25878_rollout_018_prefix_0.json,race_25878,18,0,yes,race,160,852
train,race_25878_rollout_022_prefix_0.json,race_25878,22,0,yes,race,243,996
train,race_26057_rollout_001_prefix_0.json,race_26057,1,0,no,race,104,528
train,race_26057_rollout_003_prefix_1.json,race_26057,3,1,no,race,175,612
train,race_26057_rollout_007_prefix_0.json,race_26057,7,0,yes,race,1344,2021
train,race_26057_rollout_007_prefix_5.json,race_26057,7,5,no,race,289,763
train,race_26057_rollout_028_prefix_2.json,race_26057,28,2,no,race,588,1151
train,race_26057_rollout_028_prefix_3.json,race_26057,28,3,no,race,388,895
train,race_26278_rollout_001_prefix_0.json,race_26278,1,0,no,race,600,1399
train,race_26278_rollout_004_prefix_2.json,race_26278,4,2,no,race,294,1019
train,race_26278_rollout_014_prefix_2.json,race_26278,14,2,no,race,495,1282
train,race_26278_rollout_019_prefix_0.json,race_26278,19,0,yes,race,204,898
train,race_26278_rollout_021_prefix_0.json,race_26278,21,0,yes,race,462,1230
train,race_26278_rollout_021_prefix_3.json,race_26278,21,3,no,race,187,891
train,race_26278_rollout_022_prefix_3.json,race_26278,22,3,no,race,567,1347
train,race_26278_rollout_024_prefix_3.json,race_26278,24,3,no,race,141,832
train,race_26278_rollout_025_prefix_1.json,race_26278,25,1,yes,race,229,933
train,race_26278_rollout_026_prefix_3.json,race_26278,26,3,no,race,685,1510
train,race_26340_rollout_007_prefix_0.json,race_26340,7,0,yes,race,246,761
train,race_26340_rollout_025_prefix_0.json,race_26340,25,0,yes,race,310,829
train,race_27111_rollout_001_prefix_0.json,race_27111,1,0,no,race,48,623
train,race_27111_rollout_002_prefix_0.json,race_27111,2,0,yes,race,303,943
train,race_27111_rollout_007_prefix_0.json,race_27111,7,0,yes,race,411,1071
train,race_27111_rollout_009_prefix_2.json,race_27111,9,2,no,race,55,634
train,race_27388_rollout_008_prefix_0.json,race_27388,8,0,no,race,285,624
train,race_27388_rollout_008_prefix_1.json,race_27388,8,1,no,race,85,389
train,race_27388_rollout_009_prefix_2.json,race_27388,9,2,yes,race,843,1291
train,race_27388_rollout_011_prefix_0.json,race_27388,11,0,yes,race,1001,1481
train,race_27388_rollout_011_prefix_1.json,race_27388,11,1,no,race,756,1195
train,race_27388_rollout_011_prefix_4.json,race_27388,11,4,no,race,156,473
train,race_27388_rollout_014_prefix_2.json,race_27388,14,2,no,race,284,635
train,race_27388_rollout_017_prefix_1.json,race_27388,17,1,no,race,307,659
train,race_27388_rollout_022_prefix_2.json,race_27388,22,2,no,race,449,822
train,race_27388_rollout_025_prefix_0.json,race_27388,25,0,yes,race,1236,1808
train,race_27388_rollout_025_prefix_3.json,race_27388,25,3,no,race,571,986
train,race_27388_rollout_026_prefix_0.json,race_27388,26,0,yes,race,341,690
train,race_28451_rollout_001_prefix_1.json,race_28451,1,1,yes,race,227,678
train,race_28451_rollout_007_prefix_0.json,race_28451,7,0,yes,race,167,603
train,race_28451_rollout_015_prefix_0.json,race_28451,15,0,yes,race,280,746
train,race_29289_rollout_007_prefix_0.json,race_29289,7,0,yes,race,177,570
train,race_29289_rollout_013_prefix_0.json,race_29289,13,0,yes,race,160,554
train,race_29289_rollout_014_prefix_0.json,race_29289,14,0,no,race,36,411
train,race_29289_rollout_019_prefix_0.json,race_29289,19,0,yes,race,292,713
train,race_29289_rollout_025_prefix_1.json,race_29289,25,1,yes,race,370,810
train,race_29289_rollout_029_prefix_0.json,race_29289,29,0,yes,race,171,572
train,race_29953_rollout_005_prefix_0.json,race_29953,5,0,yes,race,215,721
train,race_29953_rollout_010_prefix_1.json,race_29953,10,1,yes,race,213,715
train,race_29953_rollout_016_prefix_2.json,race_29953,16,2,no,race,157,652
train,race_29953_rollout_021_prefix_1.json,race_29953,21,1,yes,race,161,660
train,race_29953_rollout_024_prefix_0.json,race_29953,24,0,no,race,117,603
train,race_29953_rollout_026_prefix_0.json,race_29953,26,0,yes,race,217,721
train,race_30156_rollout_003_prefix_2.json,race_30156,3,2,no,race,123,662
train,race_30156_rollout_004_prefix_0.json,race_30156,4,0,yes,race,300,888
train,race_30156_rollout_013_prefix_1.json,race_30156,13,1,yes,race,265,841
train,race_30156_rollout_017_prefix_2.json,race_30156,17,2,no,race,28,545
train,race_30156_rollout_021_prefix_2.json,race_30156,21,2,no,race,98,629
train,race_30375_rollout_001_prefix_0.json,race_30375,1,0,yes,race,334,818
train,race_30375_rollout_012_prefix_0.json,race_30375,12,0,yes,race,365,867
train,race_30375_rollout_013_prefix_0.json,race_30375,13,0,yes,race,330,816
train,race_30375_rollout_018_prefix_0.json,race_30375,18,0,no,race,129,576
train,race_30375_rollout_019_prefix_1.json,race_30375,19,1,yes,race,283,765
train,race_30375_rollout_023_prefix_0.json,race_30375,23,0,yes,race,450,946
train,race_30375_rollout_026_prefix_0.json,race_30375,26,0,yes,race,329,814
train,race_30375_rollout_026_prefix_1.json,race_30375,26,1,yes,race,299,781
train,race_30375_rollout_026_prefix_2.json,race_30375,26,2,no,race,54,490
train,race_30375_rollout_027_prefix_0.json,race_30375,27,0,yes,race,797,1366
train,race_30375_rollout_027_prefix_1.json,race_30375,27,1,yes,race,777,1344
train,race_30612_rollout_001_prefix_1.json,race_30612,1,1,no,race,408,1006
train,race_30612_rollout_001_prefix_2.json,race_30612,1,2,no,race,208,742
train,race_30612_rollout_002_prefix_0.json,race_30612,2,0,no,race,515,1141
train,race_30612_rollout_005_prefix_4.json,race_30612,5,4,no,race,144,659
train,race_30612_rollout_010_prefix_2.json,race_30612,10,2,no,race,297,866
train,race_30612_rollout_019_prefix_4.json,race_30612,19,4,no,race,293,857
train,race_30612_rollout_021_prefix_0.json,race_30612,21,0,yes,race,525,1141
train,race_30634_rollout_004_prefix_0.json,race_30634,4,0,yes,race,311,849
train,race_30634_rollout_011_prefix_1.json,race_30634,11,1,yes,race,205,728
train,race_30634_rollout_018_prefix_0.json,race_30634,18,0,yes,race,372,956
train,race_3071_rollout_001_prefix_1.json,race_3071,1,1,no,race,172,729
train,race_31224_rollout_000_prefix_11.json,race_31224,0,11,no,race,146,847
train,race_31224_rollout_000_prefix_9.json,race_31224,0,9,no,race,546,1375
train,race_31224_rollout_001_prefix_0.json,race_31224,1,0,yes,race,1241,2167
train,race_31224_rollout_002_prefix_4.json,race_31224,2,4,no,race,1147,2099
train,race_31224_rollout_005_prefix_4.json,race_31224,5,4,no,race,1709,2767
train,race_31224_rollout_006_prefix_7.json,race_31224,6,7,no,race,325,1068
train,race_31224_rollout_007_prefix_0.json,race_31224,7,0,yes,race,873,1747
train,race_31224_rollout_008_prefix_7.json,race_31224,8,7,no,race,703,1567
train,race_31224_rollout_010_prefix_3.json,race_31224,10,3,no,race,1600,2679
train,race_31224_rollout_011_prefix_2.json,race_31224,11,2,no,race,1649,2698
train,race_31224_rollout_012_prefix_1.json,race_31224,12,1,no,race,1070,1991
train,race_31224_rollout_016_prefix_1.json,race_31224,16,1,no,race,98,784
train,race_31224_rollout_017_prefix_0.json,race_31224,17,0,yes,race,2509,4015
train,race_31224_rollout_026_prefix_8.json,race_31224,26,8,no,race,98,781
train,race_31224_rollout_027_prefix_2.json,race_31224,27,2,no,race,1236,2214
train,race_31466_rollout_004_prefix_0.json,race_31466,4,0,yes,race,352,996
train,race_31466_rollout_011_prefix_0.json,race_31466,11,0,yes,race,235,869
train,race_31466_rollout_017_prefix_0.json,race_31466,17,0,yes,race,302,935
train,race_31466_rollout_025_prefix_0.json,race_31466,25,0,yes,race,250,873
train,race_31620_rollout_013_prefix_1.json,race_31620,13,1,yes,race,159,518
train,race_31620_rollout_015_prefix_2.json,race_31620,15,2,no,race,109,459
train,race_31620_rollout_024_prefix_1.json,race_31620,24,1,yes,race,226,593
train,race_31654_rollout_018_prefix_2.json,race_31654,18,2,yes,race,285,854
train,race_31654_rollout_028_prefix_1.json,race_31654,28,1,no,race,136,667
train,race_31800_rollout_001_prefix_0.json,race_31800,1,0,no,race,1114,1818
train,race_31800_rollout_003_prefix_2.json,race_31800,3,2,no,race,113,623
train,race_31800_rollout_016_prefix_3.json,race_31800,16,3,no,race,66,573
train,race_31800_rollout_017_prefix_3.json,race_31800,17,3,no,race,108,619
train,race_31800_rollout_021_prefix_1.json,race_31800,21,1,no,race,750,1373
train,race_31800_rollout_027_prefix_1.json,race_31800,27,1,yes,race,362,914
train,race_31800_rollout_029_prefix_2.json,race_31800,29,2,no,race,199,728
train,race_31834_rollout_004_prefix_0.json,race_31834,4,0,yes,race,252,747
train,race_31834_rollout_005_prefix_0.json,race_31834,5,0,yes,race,170,650
train,race_31834_rollout_008_prefix_0.json,race_31834,8,0,yes,race,197,680
train,race_31834_rollout_029_prefix_0.json,race_31834,29,0,yes,race,202,694
train,race_31900_rollout_000_prefix_0.json,race_31900,0,0,yes,race,179,578
train,race_31900_rollout_003_prefix_0.json,race_31900,3,0,yes,race,49,407
train,race_31900_rollout_006_prefix_0.json,race_31900,6,0,yes,race,90,459
train,race_32262_rollout_003_prefix_0.json,race_32262,3,0,yes,race,237,838
train,race_32262_rollout_004_prefix_0.json,race_32262,4,0,yes,race,149,727
train,race_32262_rollout_008_prefix_0.json,race_32262,8,0,yes,race,80,632
train,race_32262_rollout_010_prefix_0.json,race_32262,10,0,yes,race,214,821
train,race_32262_rollout_016_prefix_0.json,race_32262,16,0,yes,race,227,838
train,race_32262_rollout_021_prefix_0.json,race_32262,21,0,yes,race,200,790
train,race_32821_rollout_006_prefix_0.json,race_32821,6,0,yes,race,167,667
train,race_33793_rollout_001_prefix_1.json,race_33793,1,1,no,race,26,420
train,race_33977_rollout_000_prefix_0.json,race_33977,0,0,no,race,107,651
train,race_33977_rollout_002_prefix_0.json,race_33977,2,0,yes,race,491,1134
train,race_33977_rollout_005_prefix_1.json,race_33977,5,1,no,race,82,631
train,race_33977_rollout_008_prefix_0.json,race_33977,8,0,no,race,123,683
train,race_33977_rollout_012_prefix_0.json,race_33977,12,0,yes,race,364,986
train,race_33977_rollout_016_prefix_1.json,race_33977,16,1,yes,race,288,887
train,race_33977_rollout_016_prefix_2.json,race_33977,16,2,no,race,43,588
train,race_33977_rollout_022_prefix_0.json,race_33977,22,0,yes,race,291,888
train,race_33977_rollout_028_prefix_0.json,race_33977,28,0,yes,race,300,890
train,race_33977_rollout_028_prefix_1.json,race_33977,28,1,no,race,55,595
train,race_33995_rollout_009_prefix_0.json,race_33995,9,0,yes,race,222,762
train,race_33995_rollout_010_prefix_0.json,race_33995,10,0,yes,race,143,674
train,race_33995_rollout_017_prefix_0.json,race_33995,17,0,yes,race,201,742
train,race_33995_rollout_020_prefix_1.json,race_33995,20,1,yes,race,125,650
train,race_33995_rollout_025_prefix_0.json,race_33995,25,0,yes,race,197,734
train,race_33995_rollout_029_prefix_1.json,race_33995,29,1,yes,race,140,665
train,race_34055_rollout_017_prefix_2.json,race_34055,17,2,yes,race,274,799
train,race_34055_rollout_023_prefix_0.json,race_34055,23,0,yes,race,269,793
train,race_34334_rollout_000_prefix_0.json,race_34334,0,0,yes,race,276,813
train,race_34918_rollout_002_prefix_0.json,race_34918,2,0,yes,race,667,1313
train,race_34918_rollout_003_prefix_0.json,race_34918,3,0,no,race,440,1037
train,race_34918_rollout_012_prefix_2.json,race_34918,12,2,no,race,111,633
train,race_34918_rollout_018_prefix_1.json,race_34918,18,1,yes,race,407,1013
train,race_34918_rollout_019_prefix_1.json,race_34918,19,1,no,race,216,759
train,race_34918_rollout_022_prefix_4.json,race_34918,22,4,no,race,667,1310
train,race_34918_rollout_026_prefix_0.json,race_34918,26,0,yes,race,539,1162
train,race_34918_rollout_027_prefix_4.json,race_34918,27,4,no,race,173,711
train,race_35070_rollout_003_prefix_1.json,race_35070,3,1,no,race,52,563
train,race_35070_rollout_009_prefix_0.json,race_35070,9,0,yes,race,397,984
train,race_35070_rollout_021_prefix_0.json,race_35070,21,0,no,race,64,573
train,race_35070_rollout_028_prefix_2.json,race_35070,28,2,no,race,69,585
train,race_3536_rollout_000_prefix_0.json,race_3536,0,0,yes,race,641,1288
train,race_3536_rollout_002_prefix_1.json,race_3536,2,1,no,race,56,577
train,race_3536_rollout_010_prefix_0.json,race_3536,10,0,yes,race,315,882
train,race_3536_rollout_022_prefix_0.json,race_3536,22,0,yes,race,345,930
train,race_3536_rollout_022_prefix_2.json,race_3536,22,2,no,race,70,593
train,race_35513_rollout_004_prefix_1.json,race_35513,4,1,yes,race,357,868
train,race_35513_rollout_009_prefix_1.json,race_35513,9,1,yes,race,496,1040
train,race_35513_rollout_012_prefix_12.json,race_35513,12,12,no,race,392,899
train,race_35513_rollout_013_prefix_1.json,race_35513,13,1,no,race,1744,2610
train,race_35513_rollout_018_prefix_1.json,race_35513,18,1,yes,race,516,1043
train,race_35513_rollout_020_prefix_0.json,race_35513,20,0,yes,race,495,1017
train,race_35513_rollout_027_prefix_2.json,race_35513,27,2,no,race,581,1151
train,race_35513_rollout_028_prefix_1.json,race_35513,28,1,no,race,162,605
train,race_35513_rollout_029_prefix_1.json,race_35513,29,1,no,race,366,857
train,race_35915_rollout_000_prefix_0.json,race_35915,0,0,yes,race,230,565
train,race_35915_rollout_001_prefix_3.json,race_35915,1,3,no,race,38,331
train,race_35915_rollout_009_prefix_0.json,race_35915,9,0,yes,race,257,612
train,race_36554_rollout_009_prefix_0.json,race_36554,9,0,no,race,50,448
train,race_36554_rollout_028_prefix_0.json,race_36554,28,0,yes,race,188,611
train,race_37810_rollout_008_prefix_0.json,race_37810,8,0,no,race,69,542
train,race_37810_rollout_012_prefix_0.json,race_37810,12,0,yes,race,174,667
train,race_37810_rollout_022_prefix_0.json,race_37810,22,0,yes,race,231,736
train,race_39230_rollout_007_prefix_2.json,race_39230,7,2,no,race,1200,1945
train,race_39230_rollout_011_prefix_0.json,race_39230,11,0,yes,race,230,743
train,race_39230_rollout_015_prefix_1.json,race_39230,15,1,no,race,97,588
train,race_39230_rollout_021_prefix_0.json,race_39230,21,0,yes,race,334,862
train,race_40556_rollout_002_prefix_0.json,race_40556,2,0,yes,race,214,742
train,race_40556_rollout_011_prefix_0.json,race_40556,11,0,no,race,52,548
train,race_40556_rollout_020_prefix_1.json,race_40556,20,1,yes,race,212,734
train,race_40556_rollout_026_prefix_0.json,race_40556,26,0,yes,race,249,802
train,race_40556_rollout_029_prefix_1.json,race_40556,29,1,no,race,38,532
train,race_41132_rollout_008_prefix_0.json,race_41132,8,0,yes,race,335,874
train,race_41132_rollout_009_prefix_0.json,race_41132,9,0,yes,race,235,761
train,race_41132_rollout_022_prefix_0.json,race_41132,22,0,yes,race,338,868
train,race_41132_rollout_022_prefix_1.json,race_41132,22,1,no,race,93,577
train,race_41132_rollout_028_prefix_0.json,race_41132,28,0,no,race,91,576
train,race_41327_rollout_009_prefix_0.json,race_41327,9,0,yes,race,170,631
train,race_41327_rollout_011_prefix_0.json,race_41327,11,0,yes,race,295,770
train,race_41327_rollout_013_prefix_0.json,race_41327,13,0,yes,race,183,653
train,race_41327_rollout_015_prefix_0.json,race_41327,15,0,yes,race,190,654
train,race_41327_rollout_018_prefix_0.json,race_41327,18,0,no,race,58,495
train,race_41881_rollout_001_prefix_0.json,race_41881,1,0,yes,race,323,869
train,race_41881_rollout_001_prefix_1.json,race_41881,1,1,no,race,58,544
train,race_41881_rollout_011_prefix_2.json,race_41881,11,2,no,race,56,547
train,race_41881_rollout_019_prefix_0.json,race_41881,19,0,yes,race,392,937
train,race_42251_rollout_002_prefix_1.json,race_42251,2,1,no,race,138,694
train,race_42251_rollout_019_prefix_0.json,race_42251,19,0,yes,race,269,852
train,race_42922_rollout_008_prefix_0.json,race_42922,8,0,yes,race,191,721
train,race_42922_rollout_012_prefix_1.json,race_42922,12,1,yes,race,196,717
train,race_42922_rollout_025_prefix_0.json,race_42922,25,0,yes,race,261,797
train,race_42922_rollout_026_prefix_1.json,race_42922,26,1,no,race,28,510
train,race_42922_rollout_028_prefix_1.json,race_42922,28,1,yes,race,306,863
train,race_42970_rollout_004_prefix_1.json,race_42970,4,1,yes,race,198,721
train,race_42970_rollout_022_prefix_1.json,race_42970,22,1,no,race,178,708
train,race_42980_rollout_011_prefix_1.json,race_42980,11,1,yes,race,151,636
train,race_42980_rollout_016_prefix_0.json,race_42980,16,0,yes,race,215,739
train,race_42980_rollout_019_prefix_1.json,race_42980,19,1,yes,race,165,659
train,race_43041_rollout_002_prefix_0.json,race_43041,2,0,yes,race,4530,6158
train,race_43041_rollout_002_prefix_16.json,race_43041,2,16,no,race,1265,2279
train,race_43041_rollout_003_prefix_13.json,race_43041,3,13,no,race,666,1552
train,race_43041_rollout_003_prefix_8.json,race_43041,3,8,no,race,1666,2720
train,race_43041_rollout_006_prefix_5.json,race_43041,6,5,no,race,2559,3805
train,race_43041_rollout_007_prefix_7.json,race_43041,7,7,no,race,1151,2156
train,race_43041_rollout_008_prefix_16.json,race_43041,8,16,no,race,653,1561
train,race_43041_rollout_008_prefix_17.json,race_43041,8,17,no,race,453,1319
train,race_43041_rollout_008_prefix_6.json,race_43041,8,6,no,race,2653,3937
train,race_43041_rollout_010_prefix_16.json,race_43041,10,16,no,race,1876,2973
train,race_43041_rollout_010_prefix_21.json,race_43041,10,21,no,race,876,1789
train,race_43041_rollout_011_prefix_4.json,race_43041,11,4,no,race,1808,2888
train,race_43041_rollout_012_prefix_1.json,race_43041,12,1,no,race,1742,2830
train,race_43041_rollout_012_prefix_7.json,race_43041,12,7,no,race,542,1407
train,race_43041_rollout_013_prefix_4.json,race_43041,13,4,no,race,1273,2303
train,race_43041_rollout_014_prefix_10.json,race_43041,14,10,no,race,603,1491
train,race_43041_rollout_016_prefix_1.json,race_43041,16,1,no,race,1554,2663
train,race_43041_rollout_017_prefix_2.json,race_43041,17,2,no,race,2012,3194
train,race_43041_rollout_019_prefix_3.json,race_43041,19,3,no,race,1623,2687
train,race_43041_rollout_020_prefix_2.json,race_43041,20,2,no,race,1481,2543
train,race_43041_rollout_021_prefix_6.json,race_43041,21,6,no,race,1846,2981
train,race_43041_rollout_022_prefix_1.json,race_43041,22,1,yes,race,1507,2548
train,race_43041_rollout_023_prefix_4.json,race_43041,23,4,no,race,3116,4479
train,race_43041_rollout_024_prefix_1.json,race_43041,24,1,no,race,2609,3833
train,race_43041_rollout_024_prefix_7.json,race_43041,24,7,no,race,1409,2440
train,race_43041_rollout_025_prefix_25.json,race_43041,25,25,no,race,406,1249
train,race_43041_rollout_026_prefix_2.json,race_43041,26,2,no,race,1677,2748
train,race_43041_rollout_027_prefix_0.json,race_43041,27,0,yes,race,1438,2499
train,race_43093_rollout_009_prefix_1.json,race_43093,9,1,yes,race,229,775
train,race_43093_rollout_010_prefix_0.json,race_43093,10,0,yes,race,302,886
train,race_43093_rollout_028_prefix_1.json,race_43093,28,1,yes,race,225,773
train,race_43218_rollout_006_prefix_2.json,race_43218,6,2,yes,race,386,991
train,race_43218_rollout_010_prefix_0.json,race_43218,10,0,no,race,26,556
train,race_43218_rollout_011_prefix_1.json,race_43218,11,1,no,race,190,747
train,race_43218_rollout_020_prefix_2.json,race_43218,20,2,no,race,201,771
train,race_43218_rollout_022_prefix_0.json,race_43218,22,0,no,race,162,725
train,race_43479_rollout_000_prefix_0.json,race_43479,0,0,yes,race,2768,4199
train,race_43479_rollout_000_prefix_13.json,race_43479,0,13,no,race,123,696
train,race_43479_rollout_002_prefix_14.json,race_43479,2,14,no,race,910,1787
train,race_43479_rollout_002_prefix_5.json,race_43479,2,5,no,race,2710,4172
train,race_43479_rollout_003_prefix_6.json,race_43479,3,6,no,race,1740,2906
train,race_43479_rollout_004_prefix_16.json,race_43479,4,16,no,race,193,792
train,race_43479_rollout_005_prefix_5.json,race_43479,5,5,no,race,1986,3261
train,race_43479_rollout_005_prefix_6.json,race_43479,5,6,no,race,1786,3003
train,race_43479_rollout_008_prefix_2.json,race_43479,8,2,yes,race,4573,6473
train,race_43479_rollout_009_prefix_0.json,race_43479,9,0,yes,race,1968,3121
train,race_43479_rollout_009_prefix_4.json,race_43479,9,4,no,race,1103,2037
train,race_43479_rollout_010_prefix_19.json,race_43479,10,19,no,race,1232,2146
train,race_43479_rollout_010_prefix_23.json,race_43479,10,23,no,race,432,1126
train,race_43479_rollout_010_prefix_24.json,race_43479,10,24,no,race,232,850
train,race_43479_rollout_010_prefix_8.json,race_43479,10,8,no,race,3432,4948
train,race_43479_rollout_011_prefix_16.json,race_43479,11,16,no,race,1778,3019
train,race_43479_rollout_011_prefix_21.json,race_43479,11,21,no,race,778,1609
train,race_43479_rollout_013_prefix_5.json,race_43479,13,5,no,race,1683,2783
train,race_43479_rollout_016_prefix_13.json,race_43479,16,13,no,race,586,1361
train,race_43479_rollout_017_prefix_6.json,race_43479,17,6,no,race,2450,3871
train,race_43479_rollout_019_prefix_9.json,race_43479,19,9,no,race,432,1127
train,race_43479_rollout_020_prefix_5.json,race_43479,20,5,no,race,861,1739
train,race_43479_rollout_021_prefix_0.json,race_43479,21,0,yes,race,3856,5584
train,race_43479_rollout_021_prefix_12.json,race_43479,21,12,no,race,1401,2455
train,race_43479_rollout_022_prefix_0.json,race_43479,22,0,yes,race,2925,4427
train,race_43479_rollout_022_prefix_11.json,race_43479,22,11,no,race,680,1479
train,race_43479_rollout_022_prefix_2.json,race_43479,22,2,no,race,2480,3875
train,race_43479_rollout_023_prefix_10.json,race_43479,23,10,no,race,713,1534
train,race_43479_rollout_027_prefix_5.json,race_43479,27,5,no,race,2113,3315
train,race_43479_rollout_029_prefix_11.json,race_43479,29,11,no,race,382,1060
train,race_43479_rollout_029_prefix_9.json,race_43479,29,9,no,race,782,1619
train,race_43551_rollout_001_prefix_1.json,race_43551,1,1,yes,race,282,681
train,race_43551_rollout_010_prefix_0.json,race_43551,10,0,yes,race,174,537
train,race_43551_rollout_014_prefix_2.json,race_43551,14,2,no,race,41,387
train,race_43551_rollout_029_prefix_0.json,race_43551,29,0,yes,race,248,635
train,race_4385_rollout_003_prefix_1.json,race_4385,3,1,no,race,42,523
train,race_4385_rollout_014_prefix_0.json,race_4385,14,0,yes,race,377,932
train,race_4385_rollout_024_prefix_2.json,race_4385,24,2,no,race,65,553
train,race_44087_rollout_008_prefix_1.json,race_44087,8,1,yes,race,199,780
train,race_44329_rollout_019_prefix_1.json,race_44329,19,1,yes,race,320,871
train,race_44329_rollout_020_prefix_2.json,race_44329,20,2,no,race,91,563
train,race_44329_rollout_027_prefix_1.json,race_44329,27,1,yes,race,309,821
train,race_44329_rollout_028_prefix_1.json,race_44329,28,1,yes,race,258,764
train,race_44533_rollout_017_prefix_0.json,race_44533,17,0,yes,race,122,470
train,race_44533_rollout_023_prefix_0.json,race_44533,23,0,yes,race,83,427
train,race_45349_rollout_008_prefix_0.json,race_45349,8,0,yes,race,253,775
train,race_45349_rollout_014_prefix_0.json,race_45349,14,0,yes,race,425,998
train,race_45349_rollout_014_prefix_1.json,race_45349,14,1,yes,race,405,970
train,race_45349_rollout_016_prefix_3.json,race_45349,16,3,no,race,35,512
train,race_45349_rollout_019_prefix_0.json,race_45349,19,0,yes,race,298,821
train,race_45349_rollout_023_prefix_1.json,race_45349,23,1,yes,race,225,746
train,race_45349_rollout_025_prefix_1.json,race_45349,25,1,yes,race,328,858
train,race_45589_rollout_003_prefix_8.json,race_45589,3,8,no,race,288,768
train,race_45589_rollout_010_prefix_1.json,race_45589,10,1,yes,race,2085,3134
train,race_45589_rollout_011_prefix_0.json,race_45589,11,0,yes,race,1015,1749
train,race_45589_rollout_017_prefix_2.json,race_45589,17,2,no,race,237,702
train,race_45589_rollout_024_prefix_0.json,race_45589,24,0,no,race,1175,1886
train,race_45589_rollout_028_prefix_0.json,race_45589,28,0,yes,race,172,639
train,race_45815_rollout_000_prefix_1.json,race_45815,0,1,no,race,63,441
train,race_45815_rollout_021_prefix_1.json,race_45815,21,1,yes,race,171,570
train,race_45815_rollout_023_prefix_0.json,race_45815,23,0,yes,race,140,552
train,race_45821_rollout_018_prefix_0.json,race_45821,18,0,yes,race,99,620
train,race_45821_rollout_020_prefix_0.json,race_45821,20,0,yes,race,130,660
train,race_46152_rollout_002_prefix_1.json,race_46152,2,1,yes,race,411,916
train,race_46152_rollout_003_prefix_1.json,race_46152,3,1,yes,race,311,793
train,race_46152_rollout_005_prefix_0.json,race_46152,5,0,yes,race,346,837
train,race_46152_rollout_008_prefix_0.json,race_46152,8,0,no,race,143,603
train,race_46152_rollout_018_prefix_0.json,race_46152,18,0,yes,race,323,807
train,race_46152_rollout_021_prefix_0.json,race_46152,21,0,yes,race,365,863
train,race_46152_rollout_029_prefix_1.json,race_46152,29,1,no,race,106,547
train,race_46154_rollout_001_prefix_1.json,race_46154,1,1,no,race,87,565
train,race_46154_rollout_011_prefix_1.json,race_46154,11,1,yes,race,252,785
train,race_46154_rollout_018_prefix_0.json,race_46154,18,0,no,race,371,913
train,race_46154_rollout_028_prefix_1.json,race_46154,28,1,no,race,28,493
train,race_46187_rollout_026_prefix_0.json,race_46187,26,0,yes,race,248,776
train,race_46284_rollout_018_prefix_1.json,race_46284,18,1,yes,race,214,725
train,race_46284_rollout_028_prefix_0.json,race_46284,28,0,yes,race,203,707
train,race_46917_rollout_000_prefix_0.json,race_46917,0,0,yes,race,199,698
train,race_46917_rollout_003_prefix_0.json,race_46917,3,0,no,race,35,503
train,race_46917_rollout_009_prefix_0.json,race_46917,9,0,yes,race,203,699
train,race_46917_rollout_011_prefix_0.json,race_46917,11,0,yes,race,306,825
train,race_46917_rollout_017_prefix_0.json,race_46917,17,0,no,race,81,556
train,race_46917_rollout_025_prefix_1.json,race_46917,25,1,no,race,37,503
train,race_46981_rollout_003_prefix_0.json,race_46981,3,0,yes,race,230,828
train,race_46981_rollout_006_prefix_0.json,race_46981,6,0,yes,race,208,795
train,race_46981_rollout_015_prefix_0.json,race_46981,15,0,yes,race,394,1017
train,race_46981_rollout_024_prefix_0.json,race_46981,24,0,yes,race,202,784
train,race_47062_rollout_002_prefix_0.json,race_47062,2,0,yes,race,283,826
train,race_47062_rollout_005_prefix_0.json,race_47062,5,0,no,race,136,633
train,race_47062_rollout_017_prefix_1.json,race_47062,17,1,no,race,181,685
train,race_47062_rollout_018_prefix_0.json,race_47062,18,0,yes,race,291,835
train,race_4744_rollout_000_prefix_2.json,race_4744,0,2,no,race,128,517
train,race_4744_rollout_011_prefix_2.json,race_4744,11,2,no,race,209,622
train,race_4744_rollout_018_prefix_0.json,race_4744,18,0,yes,race,256,678
train,race_4744_rollout_022_prefix_0.json,race_4744,22,0,yes,race,249,678
train,race_4744_rollout_023_prefix_2.json,race_4744,23,2,no,race,94,484
train,race_4744_rollout_024_prefix_0.json,race_4744,24,0,no,race,51,433
train,race_47510_rollout_003_prefix_1.json,race_47510,3,1,no,race,258,739
train,race_47510_rollout_004_prefix_0.json,race_47510,4,0,yes,race,289,781
train,race_47510_rollout_007_prefix_0.json,race_47510,7,0,yes,race,233,712
train,race_47510_rollout_007_prefix_1.json,race_47510,7,1,yes,race,213,687
train,race_47510_rollout_026_prefix_0.json,race_47510,26,0,no,race,150,615
train,race_47598_rollout_020_prefix_0.json,race_47598,20,0,yes,race,207,740
train,race_47885_rollout_002_prefix_0.json,race_47885,2,0,no,race,155,590
train,race_47885_rollout_003_prefix_0.json,race_47885,3,0,no,race,189,630
train,race_47885_rollout_008_prefix_0.json,race_47885,8,0,no,race,62,481
train,race_47885_rollout_010_prefix_1.json,race_47885,10,1,no,race,160,599
train,race_47885_rollout_014_prefix_0.json,race_47885,14,0,yes,race,376,858
train,race_47885_rollout_019_prefix_2.json,race_47885,19,2,no,race,59,481
train,race_47885_rollout_021_prefix_1.json,race_47885,21,1,yes,race,489,1015
train,race_47885_rollout_021_prefix_2.json,race_47885,21,2,no,race,244,706
train,race_47885_rollout_023_prefix_2.json,race_47885,23,2,no,race,57,475
train,race_47885_rollout_026_prefix_0.json,race_47885,26,0,yes,race,449,952
train,race_48013_rollout_009_prefix_0.json,race_48013,9,0,yes,race,170,668
train,race_48013_rollout_016_prefix_0.json,race_48013,16,0,yes,race,238,756
train,race_48013_rollout_026_prefix_1.json,race_48013,26,1,no,race,96,576
train,race_48508_rollout_005_prefix_0.json,race_48508,5,0,yes,race,163,622
train,race_48508_rollout_018_prefix_1.json,race_48508,18,1,yes,race,71,510
train,race_48508_rollout_021_prefix_0.json,race_48508,21,0,yes,race,154,610
train,race_48508_rollout_027_prefix_0.json,race_48508,27,0,yes,race,135,591
train,race_48758_rollout_000_prefix_2.json,race_48758,0,2,no,race,380,918
train,race_48758_rollout_001_prefix_0.json,race_48758,1,0,no,race,1362,2520
train,race_48758_rollout_003_prefix_0.json,race_48758,3,0,yes,race,680,1419
train,race_48758_rollout_007_prefix_0.json,race_48758,7,0,yes,race,734,1532
train,race_48758_rollout_014_prefix_1.json,race_48758,14,1,no,race,146,559
train,race_48758_rollout_016_prefix_1.json,race_48758,16,1,no,race,31,408
train,race_48758_rollout_020_prefix_1.json,race_48758,20,1,yes,race,229,740
train,race_48758_rollout_021_prefix_3.json,race_48758,21,3,no,race,132,543
train,race_48758_rollout_022_prefix_1.json,race_48758,22,1,no,race,273,721
train,race_48758_rollout_024_prefix_2.json,race_48758,24,2,no,race,21,395
train,race_48758_rollout_027_prefix_1.json,race_48758,27,1,no,race,1332,2414
train,race_4898_rollout_016_prefix_0.json,race_4898,16,0,yes,race,140,533
train,race_4898_rollout_028_prefix_0.json,race_4898,28,0,yes,race,211,626
train,race_49031_rollout_012_prefix_0.json,race_49031,12,0,yes,race,314,918
train,race_49031_rollout_021_prefix_0.json,race_49031,21,0,yes,race,288,856
train,race_49031_rollout_024_prefix_0.json,race_49031,24,0,yes,race,320,915
train,race_49031_rollout_027_prefix_1.json,race_49031,27,1,no,race,96,615
train,race_49031_rollout_029_prefix_1.json,race_49031,29,1,yes,race,318,929
train,race_49309_rollout_004_prefix_0.json,race_49309,4,0,yes,race,115,587
train,race_49503_rollout_006_prefix_0.json,race_49503,6,0,yes,race,186,705
train,race_49503_rollout_021_prefix_1.json,race_49503,21,1,no,race,36,531
train,race_49503_rollout_026_prefix_1.json,race_49503,26,1,yes,race,165,682
train,race_49503_rollout_026_prefix_2.json,race_49503,26,2,yes,race,145,660
train,race_49503_rollout_029_prefix_0.json,race_49503,29,0,yes,race,192,714
train,race_49934_rollout_000_prefix_1.json,race_49934,0,1,yes,race,152,547
train,race_49934_rollout_009_prefix_0.json,race_49934,9,0,yes,race,104,474
train,race_49934_rollout_010_prefix_0.json,race_49934,10,0,yes,race,228,620
train,race_49934_rollout_023_prefix_0.json,race_49934,23,0,yes,race,124,498
train,race_49934_rollout_026_prefix_0.json,race_49934,26,0,yes,race,190,584
train,race_50066_rollout_001_prefix_0.json,race_50066,1,0,yes,race,354,989
train,race_50066_rollout_009_prefix_0.json,race_50066,9,0,yes,race,211,805
train,race_50066_rollout_011_prefix_0.json,race_50066,11,0,yes,race,298,918
train,race_50066_rollout_027_prefix_1.json,race_50066,27,1,yes,race,294,932
train,race_50066_rollout_029_prefix_1.json,race_50066,29,1,no,race,119,686
train,race_50078_rollout_014_prefix_2.json,race_50078,14,2,yes,race,366,724
train,race_50078_rollout_015_prefix_0.json,race_50078,15,0,yes,race,210,543
train,race_50078_rollout_018_prefix_2.json,race_50078,18,2,no,race,114,427
train,race_50211_rollout_008_prefix_1.json,race_50211,8,1,yes,race,333,860
train,race_50211_rollout_029_prefix_0.json,race_50211,29,0,yes,race,236,743
train,race_50442_rollout_000_prefix_2.json,race_50442,0,2,yes,race,432,993
train,race_50442_rollout_001_prefix_1.json,race_50442,1,1,no,race,141,647
train,race_50442_rollout_010_prefix_0.json,race_50442,10,0,yes,race,363,927
train,race_50442_rollout_014_prefix_0.json,race_50442,14,0,yes,race,462,1026
train,race_50442_rollout_016_prefix_0.json,race_50442,16,0,yes,race,452,1006
train,race_50442_rollout_020_prefix_0.json,race_50442,20,0,no,race,156,664
train,race_50442_rollout_023_prefix_1.json,race_50442,23,1,no,race,194,704
train,race_51235_rollout_001_prefix_0.json,race_51235,1,0,yes,race,430,913
train,race_51235_rollout_011_prefix_1.json,race_51235,11,1,no,race,155,581
train,race_51235_rollout_021_prefix_0.json,race_51235,21,0,no,race,190,626
train,race_51608_rollout_001_prefix_1.json,race_51608,1,1,yes,race,159,652
train,race_51608_rollout_021_prefix_1.json,race_51608,21,1,no,race,24,494
train,race_51608_rollout_025_prefix_0.json,race_51608,25,0,yes,race,194,687
train,race_51608_rollout_025_prefix_1.json,race_51608,25,1,yes,race,184,675
train,race_51833_rollout_004_prefix_1.json,race_51833,4,1,no,race,25,517
train,race_51833_rollout_018_prefix_1.json,race_51833,18,1,no,race,76,576
train,race_51973_rollout_003_prefix_2.json,race_51973,3,2,no,race,140,604
train,race_51973_rollout_006_prefix_3.json,race_51973,6,3,no,race,36,460
train,race_51973_rollout_013_prefix_0.json,race_51973,13,0,yes,race,357,848
train,race_51973_rollout_021_prefix_1.json,race_51973,21,1,yes,race,263,759
train,race_52379_rollout_000_prefix_0.json,race_52379,0,0,no,race,584,1436
train,race_52379_rollout_005_prefix_0.json,race_52379,5,0,yes,race,819,1726
train,race_52379_rollout_007_prefix_0.json,race_52379,7,0,yes,race,533,1346
train,race_52379_rollout_008_prefix_5.json,race_52379,8,5,no,race,268,1035
train,race_52379_rollout_013_prefix_2.json,race_52379,13,2,no,race,359,1152
train,race_52379_rollout_014_prefix_2.json,race_52379,14,2,no,race,210,963
train,race_52379_rollout_017_prefix_3.json,race_52379,17,3,no,race,733,1629
train,race_52379_rollout_020_prefix_0.json,race_52379,20,0,yes,race,1014,1963
train,race_52379_rollout_023_prefix_2.json,race_52379,23,2,no,race,1209,2194
train,race_52379_rollout_024_prefix_0.json,race_52379,24,0,yes,race,990,1936
train,race_52379_rollout_024_prefix_1.json,race_52379,24,1,no,race,745,1631
train,race_52379_rollout_024_prefix_2.json,race_52379,24,2,no,race,545,1383
train,race_52436_rollout_001_prefix_0.json,race_52436,1,0,yes,race,252,884
train,race_52436_rollout_014_prefix_0.json,race_52436,14,0,yes,race,322,966
train,race_52436_rollout_028_prefix_0.json,race_52436,28,0,yes,race,344,991
train,race_52724_rollout_011_prefix_0.json,race_52724,11,0,no,race,106,474
train,race_52724_rollout_027_prefix_0.json,race_52724,27,0,no,race,38,398
train,race_52724_rollout_028_prefix_3.json,race_52724,28,3,no,race,95,463
train,race_53012_rollout_004_prefix_0.json,race_53012,4,0,no,race,302,689
train,race_53012_rollout_006_prefix_0.json,race_53012,6,0,yes,race,553,1000
train,race_53012_rollout_006_prefix_3.json,race_53012,6,3,no,race,78,430
train,race_53012_rollout_014_prefix_0.json,race_53012,14,0,no,race,420,852
train,race_53012_rollout_018_prefix_0.json,race_53012,18,0,no,race,560,1014
train,race_53012_rollout_021_prefix_0.json,race_53012,21,0,yes,race,693,1158
train,race_53012_rollout_027_prefix_1.json,race_53012,27,1,no,race,105,468
train,race_53012_rollout_029_prefix_1.json,race_53012,29,1,yes,race,541,983
train,race_53480_rollout_007_prefix_0.json,race_53480,7,0,yes,race,278,773
train,race_53480_rollout_008_prefix_0.json,race_53480,8,0,yes,race,363,910
train,race_53480_rollout_010_prefix_2.json,race_53480,10,2,no,race,90,537
train,race_53480_rollout_018_prefix_0.json,race_53480,18,0,yes,race,370,913
train,race_53480_rollout_026_prefix_0.json,race_53480,26,0,yes,race,342,847
train,race_53480_rollout_028_prefix_0.json,race_53480,28,0,yes,race,345,886
train,race_5385_rollout_002_prefix_0.json,race_5385,2,0,yes,race,296,913
train,race_5385_rollout_012_prefix_1.json,race_5385,12,1,yes,race,291,905
train,race_5385_rollout_013_prefix_6.json,race_5385,13,6,no,race,30,572
train,race_5385_rollout_025_prefix_2.json,race_5385,25,2,yes,race,160,747
train,race_5385_rollout_027_prefix_0.json,race_5385,27,0,yes,race,773,1511
train,race_54731_rollout_000_prefix_0.json,race_54731,0,0,yes,race,240,705
train,race_54731_rollout_015_prefix_1.json,race_54731,15,1,no,race,46,478
train,race_54731_rollout_026_prefix_1.json,race_54731,26,1,yes,race,193,649
train,race_54823_rollout_000_prefix_1.json,race_54823,0,1,yes,race,202,673
train,race_54823_rollout_007_prefix_3.json,race_54823,7,3,yes,race,137,594
train,race_54823_rollout_026_prefix_0.json,race_54823,26,0,yes,race,178,642
train,race_54968_rollout_004_prefix_0.json,race_54968,4,0,yes,race,251,865
train,race_54968_rollout_010_prefix_1.json,race_54968,10,1,no,race,112,687
train,race_54968_rollout_020_prefix_0.json,race_54968,20,0,no,race,137,726
train,race_54968_rollout_021_prefix_1.json,race_54968,21,1,no,race,124,706
train,race_54968_rollout_027_prefix_0.json,race_54968,27,0,no,race,94,674
train,race_54993_rollout_001_prefix_0.json,race_54993,1,0,no,race,73,558
train,race_54993_rollout_004_prefix_0.json,race_54993,4,0,yes,race,178,691
train,race_54993_rollout_010_prefix_0.json,race_54993,10,0,yes,race,198,718
train,race_54993_rollout_013_prefix_0.json,race_54993,13,0,yes,race,248,769
train,race_54993_rollout_024_prefix_3.json,race_54993,24,3,no,race,34,507
train,race_54993_rollout_025_prefix_0.json,race_54993,25,0,yes,race,292,822
train,race_55162_rollout_001_prefix_1.json,race_55162,1,1,no,race,40,990
train,race_55162_rollout_002_prefix_0.json,race_55162,2,0,no,race,53,1001
train,race_55162_rollout_004_prefix_0.json,race_55162,4,0,yes,race,464,1501
train,race_55162_rollout_006_prefix_0.json,race_55162,6,0,yes,race,423,1462
train,race_55162_rollout_011_prefix_0.json,race_55162,11,0,yes,race,304,1310
train,race_55162_rollout_021_prefix_0.json,race_55162,21,0,yes,race,349,1366
train,race_55162_rollout_029_prefix_0.json,race_55162,29,0,yes,race,424,1453
train,race_55177_rollout_009_prefix_0.json,race_55177,9,0,yes,race,156,691
train,race_55177_rollout_024_prefix_1.json,race_55177,24,1,yes,race,201,756
train,race_55177_rollout_028_prefix_0.json,race_55177,28,0,yes,race,48,561
train,race_55955_rollout_000_prefix_6.json,race_55955,0,6,no,race,1434,2124
train,race_55955_rollout_001_prefix_1.json,race_55955,1,1,no,race,2190,3021
train,race_55955_rollout_001_prefix_5.json,race_55955,1,5,no,race,1390,2070
train,race_55955_rollout_001_prefix_8.json,race_55955,1,8,no,race,790,1348
train,race_55955_rollout_002_prefix_11.json,race_55955,2,11,no,race,441,922
train,race_55955_rollout_002_prefix_7.json,race_55955,2,7,no,race,1241,1874
train,race_55955_rollout_003_prefix_1.json,race_55955,3,1,yes,race,2437,3350
train,race_55955_rollout_003_prefix_3.json,race_55955,3,3,no,race,1972,2795
train,race_55955_rollout_003_prefix_7.json,race_55955,3,7,no,race,1172,1813
train,race_55955_rollout_004_prefix_1.json,race_55955,4,1,no,race,1559,2305
train,race_55955_rollout_005_prefix_6.json,race_55955,5,6,no,race,544,1060
train,race_55955_rollout_006_prefix_2.json,race_55955,6,2,no,race,1108,1720
train,race_55955_rollout_007_prefix_1.json,race_55955,7,1,no,race,2585,3466
train,race_55955_rollout_007_prefix_3.json,race_55955,7,3,no,race,2185,2991
train,race_55955_rollout_007_prefix_4.json,race_55955,7,4,no,race,1985,2755
train,race_55955_rollout_010_prefix_1.json,race_55955,10,1,no,race,1895,2655
train,race_55955_rollout_010_prefix_6.json,race_55955,10,6,no,race,895,1466
train,race_55955_rollout_012_prefix_1.json,race_55955,12,1,no,race,2258,3088
train,race_55955_rollout_012_prefix_10.json,race_55955,12,10,no,race,458,945
train,race_55955_rollout_012_prefix_8.json,race_55955,12,8,no,race,858,1417
train,race_55955_rollout_014_prefix_11.json,race_55955,14,11,no,race,165,595
train,race_55955_rollout_014_prefix_8.json,race_55955,14,8,no,race,765,1322
train,race_55955_rollout_018_prefix_8.json,race_55955,18,8,no,race,81,501
train,race_55955_rollout_019_prefix_0.json,race_55955,19,0,yes,race,1691,2445
train,race_55955_rollout_020_prefix_1.json,race_55955,20,1,no,race,2082,2895
train,race_55955_rollout_021_prefix_11.json,race_55955,21,11,no,race,387,865
train,race_55955_rollout_021_prefix_7.json,race_55955,21,7,no,race,1187,1841
train,race_55955_rollout_023_prefix_3.json,race_55955,23,3,no,race,1550,2253
train,race_55955_rollout_023_prefix_9.json,race_55955,23,9,no,race,350,820
train,race_55955_rollout_024_prefix_10.json,race_55955,24,10,no,race,252,701
train,race_55955_rollout_024_prefix_2.json,race_55955,24,2,no,race,1852,2617
train,race_55955_rollout_024_prefix_4.json,race_55955,24,4,no,race,1452,2135
train,race_55955_rollout_026_prefix_11.json,race_55955,26,11,no,race,253,696
train,race_55955_rollout_026_prefix_5.json,race_55955,26,5,no,race,1453,2123
train,race_55955_rollout_027_prefix_1.json,race_55955,27,1,no,race,1499,2208
train,race_55955_rollout_027_prefix_8.json,race_55955,27,8,no,race,99,522
train,race_55955_rollout_028_prefix_6.json,race_55955,28,6,no,race,817,1365
train,race_56041_rollout_009_prefix_2.json,race_56041,9,2,no,race,42,536
train,race_56041_rollout_016_prefix_1.json,race_56041,16,1,yes,race,183,702
train,race_56041_rollout_017_prefix_0.json,race_56041,17,0,yes,race,206,720
train,race_56041_rollout_019_prefix_1.json,race_56041,19,1,yes,race,262,792
train,race_56153_rollout_005_prefix_2.json,race_56153,5,2,yes,race,327,860
train,race_56153_rollout_008_prefix_0.json,race_56153,8,0,yes,race,244,764
train,race_56153_rollout_018_prefix_0.json,race_56153,18,0,yes,race,252,753
train,race_56153_rollout_020_prefix_1.json,race_56153,20,1,yes,race,266,781
train,race_56153_rollout_022_prefix_0.json,race_56153,22,0,yes,race,270,783
train,race_56153_rollout_022_prefix_1.json,race_56153,22,1,no,race,25,490
train,race_56305_rollout_001_prefix_0.json,race_56305,1,0,yes,race,331,844
train,race_56305_rollout_001_prefix_1.json,race_56305,1,1,yes,race,321,834
train,race_56305_rollout_013_prefix_0.json,race_56305,13,0,yes,race,249,727
train,race_56305_rollout_015_prefix_0.json,race_56305,15,0,yes,race,353,863
train,race_56305_rollout_020_prefix_0.json,race_56305,20,0,yes,race,416,933
train,race_56305_rollout_023_prefix_0.json,race_56305,23,0,yes,race,283,783
train,race_56305_rollout_024_prefix_0.json,race_56305,24,0,yes,race,423,939
train,race_56305_rollout_027_prefix_0.json,race_56305,27,0,yes,race,181,658
train,race_56669_rollout_001_prefix_1.json,race_56669,1,1,yes,race,297,1012
train,race_56669_rollout_003_prefix_1.json,race_56669,3,1,no,race,86,764
train,race_56669_rollout_006_prefix_0.json,race_56669,6,0,no,race,170,870
train,race_56669_rollout_007_prefix_0.json,race_56669,7,0,yes,race,371,1117
train,race_56669_rollout_015_prefix_1.json,race_56669,15,1,no,race,210,912
train,race_56798_rollout_007_prefix_0.json,race_56798,7,0,yes,race,312,859
train,race_56798_rollout_007_prefix_1.json,race_56798,7,1,yes,race,302,847
train,race_56798_rollout_022_prefix_0.json,race_56798,22,0,yes,race,206,718
train,race_57004_rollout_000_prefix_2.json,race_57004,0,2,no,race,74,598
train,race_57004_rollout_005_prefix_1.json,race_57004,5,1,yes,race,231,780
train,race_57004_rollout_008_prefix_3.json,race_57004,8,3,no,race,34,541
train,race_57155_rollout_014_prefix_0.json,race_57155,14,0,yes,race,115,564
train,race_57155_rollout_021_prefix_0.json,race_57155,21,0,yes,race,202,667
train,race_57162_rollout_000_prefix_1.json,race_57162,0,1,yes,race,376,813
train,race_57162_rollout_001_prefix_1.json,race_57162,1,1,no,race,43,383
train,race_57162_rollout_008_prefix_0.json,race_57162,8,0,yes,race,218,613
train,race_57162_rollout_012_prefix_1.json,race_57162,12,1,no,race,43,386
train,race_57162_rollout_014_prefix_0.json,race_57162,14,0,yes,race,182,563
train,race_57162_rollout_022_prefix_0.json,race_57162,22,0,yes,race,185,572
train,race_57601_rollout_020_prefix_0.json,race_57601,20,0,yes,race,219,687
train,race_58037_rollout_004_prefix_0.json,race_58037,4,0,yes,race,282,856
train,race_58038_rollout_002_prefix_1.json,race_58038,2,1,yes,race,231,812
train,race_58038_rollout_003_prefix_1.json,race_58038,3,1,yes,race,272,865
train,race_58038_rollout_012_prefix_0.json,race_58038,12,0,yes,race,163,727
train,race_58052_rollout_012_prefix_0.json,race_58052,12,0,yes,race,292,770
train,race_58422_rollout_002_prefix_1.json,race_58422,2,1,yes,race,65,563
train,race_58422_rollout_003_prefix_0.json,race_58422,3,0,yes,race,97,588
train,race_58422_rollout_003_prefix_1.json,race_58422,3,1,yes,race,77,565
train,race_58422_rollout_008_prefix_0.json,race_58422,8,0,yes,race,46,530
train,race_58422_rollout_019_prefix_1.json,race_58422,19,1,yes,race,133,633
train,race_58422_rollout_022_prefix_0.json,race_58422,22,0,yes,race,83,580
train,race_58422_rollout_024_prefix_0.json,race_58422,24,0,yes,race,68,557
train,race_58508_rollout_002_prefix_0.json,race_58508,2,0,no,race,69,431
train,race_58508_rollout_004_prefix_0.json,race_58508,4,0,yes,race,315,742
train,race_58508_rollout_015_prefix_1.json,race_58508,15,1,yes,race,301,711
train,race_58589_rollout_003_prefix_23.json,race_58589,3,23,no,race,73,800
train,race_58589_rollout_005_prefix_5.json,race_58589,5,5,no,race,1512,2522
train,race_58589_rollout_006_prefix_2.json,race_58589,6,2,no,race,418,1237
train,race_58589_rollout_007_prefix_1.json,race_58589,7,1,no,race,197,952
train,race_58589_rollout_013_prefix_17.json,race_58589,13,17,no,race,288,1065
train,race_58589_rollout_013_prefix_6.json,race_58589,13,6,no,race,2488,3782
train,race_58589_rollout_013_prefix_9.json,race_58589,13,9,no,race,1888,3051
train,race_58589_rollout_015_prefix_10.json,race_58589,15,10,no,race,1601,2704
train,race_58589_rollout_015_prefix_12.json,race_58589,15,12,no,race,1201,2191
train,race_58589_rollout_015_prefix_14.json,race_58589,15,14,no,race,801,1701
train,race_58589_rollout_015_prefix_8.json,race_58589,15,8,no,race,2001,3207
train,race_58589_rollout_021_prefix_11.json,race_58589,21,11,no,race,1088,2040
train,race_58589_rollout_021_prefix_15.json,race_58589,21,15,no,race,288,1066
train,race_58589_rollout_021_prefix_2.json,race_58589,21,2,no,race,2888,4296
train,race_58589_rollout_023_prefix_18.json,race_58589,23,18,no,race,528,1348
train,race_58589_rollout_025_prefix_14.json,race_58589,25,14,no,race,1743,2926
train,race_58589_rollout_025_prefix_8.json,race_58589,25,8,no,race,2943,4439
train,race_58589_rollout_025_prefix_9.json,race_58589,25,9,no,race,2743,4189
train,race_58589_rollout_026_prefix_11.json,race_58589,26,11,no,race,573,1404
train,race_58589_rollout_027_prefix_1.json,race_58589,27,1,no,race,4117,5732
train,race_58589_rollout_027_prefix_13.json,race_58589,27,13,no,race,1717,2800
train,race_58589_rollout_028_prefix_10.json,race_58589,28,10,no,race,1163,2142
train,race_58589_rollout_028_prefix_12.json,race_58589,28,12,no,race,763,1639
train,race_59619_rollout_003_prefix_0.json,race_59619,3,0,yes,race,188,661
train,race_59619_rollout_021_prefix_1.json,race_59619,21,1,yes,race,407,917
train,race_59619_rollout_029_prefix_1.json,race_59619,29,1,no,race,49,500
train,race_59842_rollout_017_prefix_0.json,race_59842,17,0,no,race,49,568
train,race_60630_rollout_002_prefix_1.json,race_60630,2,1,no,race,594,1113
train,race_60630_rollout_002_prefix_2.json,race_60630,2,2,no,race,394,871
train,race_60630_rollout_003_prefix_0.json,race_60630,3,0,yes,race,604,1140
train,race_60630_rollout_009_prefix_1.json,race_60630,9,1,no,race,288,749
train,race_60630_rollout_010_prefix_1.json,race_60630,10,1,yes,race,413,882
train,race_60630_rollout_014_prefix_0.json,race_60630,14,0,yes,race,355,828
train,race_60630_rollout_015_prefix_0.json,race_60630,15,0,yes,race,195,631
train,race_60630_rollout_019_prefix_2.json,race_60630,19,2,no,race,139,578
train,race_60630_rollout_022_prefix_1.json,race_60630,22,1,no,race,204,649
train,race_60630_rollout_027_prefix_0.json,race_60630,27,0,yes,race,1170,1806
train,race_60630_rollout_027_prefix_6.json,race_60630,27,6,no,race,295,758
train,race_60769_rollout_002_prefix_0.json,race_60769,2,0,yes,race,467,1009
train,race_60769_rollout_007_prefix_2.json,race_60769,7,2,no,race,640,1214
train,race_60769_rollout_010_prefix_2.json,race_60769,10,2,no,race,66,524
train,race_60769_rollout_015_prefix_0.json,race_60769,15,0,yes,race,750,1362
train,race_60769_rollout_017_prefix_2.json,race_60769,17,2,no,race,468,1022
train,race_60769_rollout_018_prefix_1.json,race_60769,18,1,yes,race,283,795
train,race_60769_rollout_018_prefix_2.json,race_60769,18,2,no,race,28,482
train,race_60769_rollout_019_prefix_5.json,race_60769,19,5,no,race,728,1347
train,race_60769_rollout_019_prefix_8.json,race_60769,19,8,no,race,128,608
train,race_60769_rollout_022_prefix_1.json,race_60769,22,1,no,race,230,726
train,race_60944_rollout_018_prefix_0.json,race_60944,18,0,yes,race,161,733
train,race_60944_rollout_019_prefix_0.json,race_60944,19,0,yes,race,263,853
train,race_60944_rollout_026_prefix_1.json,race_60944,26,1,no,race,156,710
train,race_60944_rollout_028_prefix_0.json,race_60944,28,0,yes,race,169,744
train,race_60944_rollout_029_prefix_1.json,race_60944,29,1,yes,race,261,849
train,race_61342_rollout_000_prefix_2.json,race_61342,0,2,no,race,677,1183
train,race_61342_rollout_005_prefix_2.json,race_61342,5,2,no,race,366,795
train,race_61342_rollout_006_prefix_0.json,race_61342,6,0,yes,race,696,1224
train,race_61342_rollout_006_prefix_3.json,race_61342,6,3,no,race,21,369
train,race_61342_rollout_008_prefix_0.json,race_61342,8,0,no,race,105,475
train,race_61342_rollout_012_prefix_0.json,race_61342,12,0,yes,race,317,759
train,race_61342_rollout_018_prefix_2.json,race_61342,18,2,no,race,447,901
train,race_61342_rollout_018_prefix_3.json,race_61342,18,3,no,race,247,652
train,race_61342_rollout_019_prefix_1.json,race_61342,19,1,yes,race,371,797
train,race_61342_rollout_026_prefix_0.json,race_61342,26,0,no,race,328,757
train,race_62089_rollout_002_prefix_1.json,race_62089,2,1,yes,race,382,996
train,race_62089_rollout_004_prefix_0.json,race_62089,4,0,no,race,327,986
train,race_62089_rollout_006_prefix_1.json,race_62089,6,1,no,race,123,685
train,race_62089_rollout_009_prefix_1.json,race_62089,9,1,no,race,63,615
train,race_62089_rollout_012_prefix_0.json,race_62089,12,0,yes,race,286,903
train,race_62089_rollout_023_prefix_0.json,race_62089,23,0,no,race,86,644
train,race_62243_rollout_021_prefix_0.json,race_62243,21,0,yes,race,215,677
train,race_6581_rollout_017_prefix_1.json,race_6581,17,1,no,race,22,387
train,race_6581_rollout_026_prefix_0.json,race_6581,26,0,yes,race,281,701
train,race_6996_rollout_002_prefix_1.json,race_6996,2,1,no,race,723,1434
train,race_6996_rollout_003_prefix_1.json,race_6996,3,1,no,race,268,846
train,race_6996_rollout_006_prefix_1.json,race_6996,6,1,no,race,985,1826
train,race_6996_rollout_007_prefix_1.json,race_6996,7,1,no,race,101,653
train,race_6996_rollout_009_prefix_17.json,race_6996,9,17,no,race,139,711
train,race_6996_rollout_009_prefix_3.json,race_6996,9,3,no,race,2939,4304
train,race_6996_rollout_012_prefix_1.json,race_6996,12,1,no,race,395,1034
train,race_6996_rollout_013_prefix_7.json,race_6996,13,7,no,race,1283,2194
train,race_6996_rollout_014_prefix_2.json,race_6996,14,2,no,race,104,654
train,race_6996_rollout_016_prefix_3.json,race_6996,16,3,no,race,670,1432
train,race_6996_rollout_017_prefix_2.json,race_6996,17,2,no,race,238,831
train,race_6996_rollout_018_prefix_1.json,race_6996,18,1,no,race,242,822
train,race_6996_rollout_021_prefix_3.json,race_6996,21,3,no,race,776,1532
train,race_6996_rollout_022_prefix_4.json,race_6996,22,4,no,race,481,1116
train,race_6996_rollout_022_prefix_6.json,race_6996,22,6,no,race,81,624
train,race_6996_rollout_023_prefix_3.json,race_6996,23,3,no,race,84,630
train,race_6996_rollout_024_prefix_10.json,race_6996,24,10,no,race,1605,2575
train,race_6996_rollout_025_prefix_1.json,race_6996,25,1,yes,race,1184,2018
train,race_6996_rollout_026_prefix_4.json,race_6996,26,4,no,race,46,586
train,race_6996_rollout_029_prefix_2.json,race_6996,29,2,no,race,652,1333
train,race_7363_rollout_004_prefix_0.json,race_7363,4,0,yes,race,154,566
train,race_7363_rollout_006_prefix_0.json,race_7363,6,0,yes,race,191,622
train,race_7363_rollout_024_prefix_0.json,race_7363,24,0,yes,race,202,643
train,race_7505_rollout_011_prefix_0.json,race_7505,11,0,yes,race,270,867
train,race_7505_rollout_015_prefix_0.json,race_7505,15,0,yes,race,151,697
train,race_7505_rollout_022_prefix_0.json,race_7505,22,0,yes,race,245,827
train,race_7873_rollout_014_prefix_0.json,race_7873,14,0,yes,race,139,643
train,race_7873_rollout_016_prefix_0.json,race_7873,16,0,yes,race,213,738
train,race_7873_rollout_019_prefix_1.json,race_7873,19,1,yes,race,188,713
train,race_7873_rollout_028_prefix_1.json,race_7873,28,1,yes,race,153,659
train,race_8406_rollout_001_prefix_0.json,race_8406,1,0,yes,race,255,798
train,race_8406_rollout_015_prefix_1.json,race_8406,15,1,yes,race,324,883
train,race_8406_rollout_024_prefix_0.json,race_8406,24,0,yes,race,210,734
train,race_8422_rollout_011_prefix_1.json,race_8422,11,1,no,race,36,523
train,race_8498_rollout_000_prefix_1.json,race_8498,0,1,yes,race,142,584
train,race_8498_rollout_005_prefix_1.json,race_8498,5,1,yes,race,215,679
train,race_8779_rollout_009_prefix_0.json,race_8779,9,0,yes,race,147,689
train,race_8779_rollout_015_prefix_1.json,race_8779,15,1,yes,race,122,654
train,race_8779_rollout_023_prefix_1.json,race_8779,23,1,yes,race,153,693
train,race_9138_rollout_007_prefix_1.json,race_9138,7,1,yes,race,292,982
train,race_9138_rollout_009_prefix_1.json,race_9138,9,1,yes,race,212,851
train,race_9138_rollout_015_prefix_0.json,race_9138,15,0,yes,race,407,1110
train,race_9138_rollout_019_prefix_2.json,race_9138,19,2,no,race,84,681
train,race_9138_rollout_029_prefix_0.json,race_9138,29,0,yes,race,450,1157
train,race_9138_rollout_029_prefix_2.json,race_9138,29,2,yes,race,420,1121
val,bb_date_understanding_v_000_rollout_098_prefix_1.json,bb_date_understanding_v_000,98,1,yes,eval,305,747
val,bb_logical_deduction_five_objects_v_000_rollout_134_prefix_0.json,bb_logical_deduction_five_objects_v_000,134,0,no,eval,577,940
val,bb_logical_deduction_five_objects_v_001_rollout_015_prefix_0.json,bb_logical_deduction_five_objects_v_001,15,0,no,eval,900,1371
val,bb_logical_deduction_five_objects_v_001_rollout_026_prefix_0.json,bb_logical_deduction_five_objects_v_001,26,0,no,eval,560,902
val,bb_logical_deduction_five_objects_v_001_rollout_027_prefix_0.json,bb_logical_deduction_five_objects_v_001,27,0,no,eval,472,815
val,bb_logical_deduction_five_objects_v_001_rollout_038_prefix_1.json,bb_logical_deduction_five_objects_v_001,38,1,yes,eval,432,754
val,bb_logical_deduction_five_objects_v_001_rollout_040_prefix_0.json,bb_logical_deduction_five_objects_v_001,40,0,no,eval,430,752
val,bb_logical_deduction_five_objects_v_001_rollout_046_prefix_0.json,bb_logical_deduction_five_objects_v_001,46,0,no,eval,468,777
val,bb_logical_deduction_five_objects_v_001_rollout_046_prefix_1.json,bb_logical_deduction_five_objects_v_001,46,1,yes,eval,1147,1676
val,bb_logical_deduction_five_objects_v_001_rollout_060_prefix_0.json,bb_logical_deduction_five_objects_v_001,60,0,yes,eval,436,745
val,bb_logical_deduction_five_objects_v_001_rollout_080_prefix_1.json,bb_logical_deduction_five_objects_v_001,80,1,yes,eval,787,1237
val,bb_logical_deduction_five_objects_v_001_rollout_105_prefix_0.json,bb_logical_deduction_five_objects_v_001,105,0,no,eval,478,799
val,bb_logical_deduction_five_objects_v_001_rollout_116_prefix_0.json,bb_logical_deduction_five_objects_v_001,116,0,no,eval,406,723
val,bb_logical_deduction_five_objects_v_001_rollout_121_prefix_1.json,bb_logical_deduction_five_objects_v_001,121,1,yes,eval,740,1172
val,bb_logical_deduction_five_objects_v_001_rollout_124_prefix_0.json,bb_logical_deduction_five_objects_v_001,124,0,no,eval,471,821
val,bb_logical_deduction_five_objects_v_001_rollout_134_prefix_1.json,bb_logical_deduction_five_objects_v_001,134,1,yes,eval,606,1040
val,bb_logical_deduction_five_objects_v_001_rollout_151_prefix_1.json,bb_logical_deduction_five_objects_v_001,151,1,yes,eval,537,897
val,bb_logical_deduction_five_objects_v_002_rollout_015_prefix_0.json,bb_logical_deduction_five_objects_v_002,15,0,no,eval,590,941
val,bb_logical_deduction_five_objects_v_002_rollout_086_prefix_0.json,bb_logical_deduction_five_objects_v_002,86,0,no,eval,759,1232
val,bb_logical_deduction_five_objects_v_002_rollout_093_prefix_4.json,bb_logical_deduction_five_objects_v_002,93,4,yes,eval,1236,1850
val,bb_logical_deduction_five_objects_v_002_rollout_148_prefix_0.json,bb_logical_deduction_five_objects_v_002,148,0,no,eval,504,884
val,bb_logical_deduction_five_objects_v_002_rollout_183_prefix_1.json,bb_logical_deduction_five_objects_v_002,183,1,yes,eval,466,825
val,bb_logical_deduction_five_objects_v_003_rollout_100_prefix_0.json,bb_logical_deduction_five_objects_v_003,100,0,no,eval,736,1271
val,bb_navigate_v_000_rollout_000_prefix_0.json,bb_navigate_v_000,0,0,no,eval,618,965
val,bb_navigate_v_000_rollout_102_prefix_0.json,bb_navigate_v_000,102,0,no,eval,1259,1815
val,bb_navigate_v_000_rollout_110_prefix_0.json,bb_navigate_v_000,110,0,no,eval,863,1308
val,bb_navigate_v_000_rollout_125_prefix_2.json,bb_navigate_v_000,125,2,yes,eval,1242,1919
val,bb_navigate_v_000_rollout_127_prefix_5.json,bb_navigate_v_000,127,5,yes,eval,1870,2815
val,bb_navigate_v_001_rollout_173_prefix_2.json,bb_navigate_v_001,173,2,yes,eval,630,969
val,bb_navigate_v_001_rollout_181_prefix_0.json,bb_navigate_v_001,181,0,no,eval,383,619
val,bb_penguins_in_a_table_v_000_rollout_178_prefix_0.json,bb_penguins_in_a_table_v_000,178,0,no,eval,414,806
val,bb_reasoning_about_colored_objects_v_002_rollout_079_prefix_0.json,bb_reasoning_about_colored_objects_v_002,79,0,no,eval,471,787
val,bb_reasoning_about_colored_objects_v_002_rollout_113_prefix_0.json,bb_reasoning_about_colored_objects_v_002,113,0,no,eval,406,692
val,bb_reasoning_about_colored_objects_v_002_rollout_126_prefix_1.json,bb_reasoning_about_colored_objects_v_002,126,1,yes,eval,590,919
val,bb_reasoning_about_colored_objects_v_002_rollout_188_prefix_1.json,bb_reasoning_about_colored_objects_v_002,188,1,yes,eval,536,844
val,bb_reasoning_about_colored_objects_v_003_rollout_012_prefix_1.json,bb_reasoning_about_colored_objects_v_003,12,1,yes,eval,662,1021
val,bb_reasoning_about_colored_objects_v_003_rollout_047_prefix_0.json,bb_reasoning_about_colored_objects_v_003,47,0,no,eval,461,795
val,bb_reasoning_about_colored_objects_v_003_rollout_079_prefix_0.json,bb_reasoning_about_colored_objects_v_003,79,0,no,eval,467,759
val,bb_reasoning_about_colored_objects_v_003_rollout_157_prefix_0.json,bb_reasoning_about_colored_objects_v_003,157,0,yes,eval,823,1184
val,bb_ruin_names_v_000_rollout_106_prefix_0.json,bb_ruin_names_v_000,106,0,yes,eval,480,747
val,bb_ruin_names_v_001_rollout_139_prefix_0.json,bb_ruin_names_v_001,139,0,yes,eval,525,777
val,bb_ruin_names_v_003_rollout_051_prefix_0.json,bb_ruin_names_v_003,51,0,yes,eval,406,635
val,bb_snarks_v_000_rollout_132_prefix_0.json,bb_snarks_v_000,132,0,yes,eval,548,712
val,bb_sports_understanding_v_000_rollout_023_prefix_0.json,bb_sports_understanding_v_000,23,0,yes,eval,426,555
val,bb_sports_understanding_v_001_rollout_045_prefix_0.json,bb_sports_understanding_v_001,45,0,yes,eval,436,622
val,bb_sports_understanding_v_002_rollout_167_prefix_0.json,bb_sports_understanding_v_002,167,0,yes,eval,385,546
val,bb_temporal_sequences_v_000_rollout_172_prefix_0.json,bb_temporal_sequences_v_000,172,0,no,eval,468,804
val,bb_temporal_sequences_v_000_rollout_186_prefix_0.json,bb_temporal_sequences_v_000,186,0,yes,eval,368,672
val,bb_temporal_sequences_v_001_rollout_150_prefix_0.json,bb_temporal_sequences_v_001,150,0,yes,eval,421,799
val,bb_temporal_sequences_v_002_rollout_002_prefix_0.json,bb_temporal_sequences_v_002,2,0,yes,eval,394,746
val,bb_temporal_sequences_v_003_rollout_185_prefix_1.json,bb_temporal_sequences_v_003,185,1,yes,eval,519,943
val,bb_temporal_sequences_v_004_rollout_014_prefix_0.json,bb_temporal_sequences_v_004,14,0,yes,eval,398,781
val,bb_temporal_sequences_v_004_rollout_070_prefix_0.json,bb_temporal_sequences_v_004,70,0,no,eval,586,1106
val,bb_tracking_shuffled_objects_five_objects_v_000_rollout_019_prefix_1.json,bb_tracking_shuffled_objects_five_objects_v_000,19,1,yes,eval,803,1319
val,bb_tracking_shuffled_objects_five_objects_v_000_rollout_135_prefix_3.json,bb_tracking_shuffled_objects_five_objects_v_000,135,3,yes,eval,914,1650
val,bb_tracking_shuffled_objects_five_objects_v_000_rollout_138_prefix_0.json,bb_tracking_shuffled_objects_five_objects_v_000,138,0,no,eval,667,1158
val,bb_tracking_shuffled_objects_five_objects_v_000_rollout_140_prefix_0.json,bb_tracking_shuffled_objects_five_objects_v_000,140,0,no,eval,722,1237
val,bb_tracking_shuffled_objects_five_objects_v_001_rollout_004_prefix_0.json,bb_tracking_shuffled_objects_five_objects_v_001,4,0,yes,eval,453,817
val,bb_tracking_shuffled_objects_five_objects_v_001_rollout_039_prefix_0.json,bb_tracking_shuffled_objects_five_objects_v_001,39,0,no,eval,651,1119
val,bb_tracking_shuffled_objects_five_objects_v_001_rollout_051_prefix_1.json,bb_tracking_shuffled_objects_five_objects_v_001,51,1,yes,eval,468,857
val,bb_tracking_shuffled_objects_five_objects_v_001_rollout_152_prefix_3.json,bb_tracking_shuffled_objects_five_objects_v_001,152,3,no,eval,758,1238
val,bb_tracking_shuffled_objects_five_objects_v_001_rollout_160_prefix_0.json,bb_tracking_shuffled_objects_five_objects_v_001,160,0,no,eval,336,689
val,bb_tracking_shuffled_objects_five_objects_v_001_rollout_173_prefix_0.json,bb_tracking_shuffled_objects_five_objects_v_001,173,0,no,eval,389,737
val,bb_tracking_shuffled_objects_five_objects_v_001_rollout_173_prefix_1.json,bb_tracking_shuffled_objects_five_objects_v_001,173,1,yes,eval,512,969
val,gpqa_chem_v_010_rollout_012_prefix_0.json,gpqa_chem_v_010,12,0,no,eval,1188,2186
val,gpqa_chem_v_011_rollout_041_prefix_0.json,gpqa_chem_v_011,41,0,no,eval,1110,2037
val,gpqa_chem_v_012_rollout_040_prefix_0.json,gpqa_chem_v_012,40,0,no,eval,939,1501
val,gpqa_chem_v_013_rollout_025_prefix_0.json,gpqa_chem_v_013,25,0,no,eval,522,1042
val,gpqa_chem_v_014_rollout_009_prefix_2.json,gpqa_chem_v_014,9,2,yes,eval,1502,2250
val,gpqa_chem_v_014_rollout_011_prefix_0.json,gpqa_chem_v_014,11,0,no,eval,814,1269
val,gpqa_chem_v_014_rollout_014_prefix_0.json,gpqa_chem_v_014,14,0,no,eval,1906,2857
val,race_v_0000_rollout_042_prefix_0.json,race_v_0000,42,0,yes,eval,566,1119
test,bb_date_understanding_t_000_rollout_001_prefix_0.json,bb_date_understanding_t_000,1,0,no,eval,499,961
test,bb_date_understanding_t_000_rollout_045_prefix_5.json,bb_date_understanding_t_000,45,5,yes,eval,1744,3050
test,bb_date_understanding_t_000_rollout_185_prefix_2.json,bb_date_understanding_t_000,185,2,yes,eval,1419,2551
test,bb_date_understanding_t_001_rollout_012_prefix_0.json,bb_date_understanding_t_001,12,0,no,eval,687,1324
test,bb_date_understanding_t_001_rollout_018_prefix_1.json,bb_date_understanding_t_001,18,1,yes,eval,1255,2548
test,bb_date_understanding_t_001_rollout_042_prefix_2.json,bb_date_understanding_t_001,42,2,yes,eval,1123,2083
test,bb_date_understanding_t_001_rollout_059_prefix_0.json,bb_date_understanding_t_001,59,0,yes,eval,839,1683
test,bb_date_understanding_t_001_rollout_101_prefix_0.json,bb_date_understanding_t_001,101,0,no,eval,538,1148
test,bb_date_understanding_t_001_rollout_110_prefix_1.json,bb_date_understanding_t_001,110,1,yes,eval,758,1574
test,bb_date_understanding_t_001_rollout_113_prefix_0.json,bb_date_understanding_t_001,113,0,no,eval,931,1767
test,bb_date_understanding_t_001_rollout_116_prefix_0.json,bb_date_understanding_t_001,116,0,no,eval,1194,2308
test,bb_date_understanding_t_001_rollout_117_prefix_0.json,bb_date_understanding_t_001,117,0,no,eval,422,926
test,bb_date_understanding_t_001_rollout_118_prefix_0.json,bb_date_understanding_t_001,118,0,no,eval,745,1464
test,bb_date_understanding_t_001_rollout_120_prefix_0.json,bb_date_understanding_t_001,120,0,no,eval,1009,2123
test,bb_date_understanding_t_001_rollout_132_prefix_1.json,bb_date_understanding_t_001,132,1,yes,eval,1427,2660
test,bb_date_understanding_t_001_rollout_144_prefix_1.json,bb_date_understanding_t_001,144,1,yes,eval,1290,2551
test,bb_date_understanding_t_001_rollout_165_prefix_2.json,bb_date_understanding_t_001,165,2,yes,eval,1017,2096
test,bb_date_understanding_t_002_rollout_104_prefix_0.json,bb_date_understanding_t_002,104,0,yes,eval,283,675
test,bb_date_understanding_t_002_rollout_110_prefix_0.json,bb_date_understanding_t_002,110,0,no,eval,463,928
test,bb_date_understanding_t_004_rollout_066_prefix_0.json,bb_date_understanding_t_004,66,0,no,eval,348,670
test,bb_date_understanding_t_004_rollout_089_prefix_2.json,bb_date_understanding_t_004,89,2,yes,eval,325,637
test,bb_date_understanding_t_005_rollout_000_prefix_0.json,bb_date_understanding_t_005,0,0,no,eval,503,910
test,bb_date_understanding_t_005_rollout_017_prefix_4.json,bb_date_understanding_t_005,17,4,yes,eval,1364,2364
test,bb_date_understanding_t_005_rollout_103_prefix_1.json,bb_date_understanding_t_005,103,1,no,eval,1426,2441
test,bb_date_understanding_t_005_rollout_147_prefix_5.json,bb_date_understanding_t_005,147,5,yes,eval,1623,2909
test,bb_logical_deduction_five_objects_t_000_rollout_023_prefix_0.json,bb_logical_deduction_five_objects_t_000,23,0,yes,eval,571,960
test,bb_logical_deduction_five_objects_t_000_rollout_043_prefix_0.json,bb_logical_deduction_five_objects_t_000,43,0,no,eval,434,797
test,bb_navigate_t_001_rollout_000_prefix_0.json,bb_navigate_t_001,0,0,no,eval,387,608
test,bb_navigate_t_001_rollout_114_prefix_1.json,bb_navigate_t_001,114,1,yes,eval,611,991
test,bb_ruin_names_t_001_rollout_131_prefix_0.json,bb_ruin_names_t_001,131,0,yes,eval,738,1112
test,bb_snarks_t_000_rollout_058_prefix_0.json,bb_snarks_t_000,58,0,yes,eval,578,775
test,bb_snarks_t_000_rollout_066_prefix_0.json,bb_snarks_t_000,66,0,no,eval,894,1193
test,bb_snarks_t_000_rollout_126_prefix_0.json,bb_snarks_t_000,126,0,no,eval,501,673
test,bb_snarks_t_000_rollout_139_prefix_0.json,bb_snarks_t_000,139,0,yes,eval,868,1141
test,bb_snarks_t_000_rollout_169_prefix_0.json,bb_snarks_t_000,169,0,yes,eval,507,687
test,bb_temporal_sequences_t_000_rollout_078_prefix_0.json,bb_temporal_sequences_t_000,78,0,no,eval,598,1032
test,bb_temporal_sequences_t_000_rollout_173_prefix_0.json,bb_temporal_sequences_t_000,173,0,yes,eval,386,711
test,bb_temporal_sequences_t_003_rollout_034_prefix_2.json,bb_temporal_sequences_t_003,34,2,yes,eval,707,1217
test,bb_temporal_sequences_t_003_rollout_150_prefix_0.json,bb_temporal_sequences_t_003,150,0,no,eval,443,845
test,bb_temporal_sequences_t_003_rollout_173_prefix_0.json,bb_temporal_sequences_t_003,173,0,yes,eval,386,736
test,bb_tracking_shuffled_objects_five_objects_t_000_rollout_126_prefix_0.json,bb_tracking_shuffled_objects_five_objects_t_000,126,0,no,eval,507,957
test,bb_tracking_shuffled_objects_five_objects_t_001_rollout_030_prefix_0.json,bb_tracking_shuffled_objects_five_objects_t_001,30,0,yes,eval,497,965
test,bb_tracking_shuffled_objects_five_objects_t_001_rollout_044_prefix_0.json,bb_tracking_shuffled_objects_five_objects_t_001,44,0,no,eval,351,691
test,bb_tracking_shuffled_objects_five_objects_t_001_rollout_052_prefix_0.json,bb_tracking_shuffled_objects_five_objects_t_001,52,0,no,eval,497,1029
test,bb_tracking_shuffled_objects_five_objects_t_001_rollout_078_prefix_0.json,bb_tracking_shuffled_objects_five_objects_t_001,78,0,no,eval,412,794
test,bb_tracking_shuffled_objects_five_objects_t_001_rollout_091_prefix_0.json,bb_tracking_shuffled_objects_five_objects_t_001,91,0,yes,eval,475,913
test,bb_tracking_shuffled_objects_five_objects_t_001_rollout_131_prefix_0.json,bb_tracking_shuffled_objects_five_objects_t_001,131,0,yes,eval,417,857
test,bb_tracking_shuffled_objects_five_objects_t_001_rollout_134_prefix_0.json,bb_tracking_shuffled_objects_five_objects_t_001,134,0,no,eval,482,900
test,bb_tracking_shuffled_objects_five_objects_t_001_rollout_138_prefix_1.json,bb_tracking_shuffled_objects_five_objects_t_001,138,1,yes,eval,524,1009
test,bb_web_of_lies_t_000_rollout_003_prefix_0.json,bb_web_of_lies_t_000,3,0,no,eval,475,740
test,bb_web_of_lies_t_000_rollout_010_prefix_0.json,bb_web_of_lies_t_000,10,0,yes,eval,519,757
test,bb_web_of_lies_t_000_rollout_111_prefix_0.json,bb_web_of_lies_t_000,111,0,no,eval,732,1063
test,bb_web_of_lies_t_000_rollout_113_prefix_0.json,bb_web_of_lies_t_000,113,0,no,eval,491,749
test,bb_web_of_lies_t_000_rollout_153_prefix_1.json,bb_web_of_lies_t_000,153,1,yes,eval,599,904
test,bb_web_of_lies_t_000_rollout_174_prefix_1.json,bb_web_of_lies_t_000,174,1,yes,eval,528,778
test,bb_web_of_lies_t_001_rollout_024_prefix_2.json,bb_web_of_lies_t_001,24,2,yes,eval,719,1130
test,bb_web_of_lies_t_001_rollout_070_prefix_2.json,bb_web_of_lies_t_001,70,2,yes,eval,673,1058
test,bb_web_of_lies_t_001_rollout_100_prefix_0.json,bb_web_of_lies_t_001,100,0,no,eval,368,610
test,bb_web_of_lies_t_001_rollout_102_prefix_0.json,bb_web_of_lies_t_001,102,0,no,eval,740,1128
test,bb_web_of_lies_t_001_rollout_106_prefix_0.json,bb_web_of_lies_t_001,106,0,no,eval,516,842
test,bb_web_of_lies_t_001_rollout_126_prefix_0.json,bb_web_of_lies_t_001,126,0,no,eval,1365,2026
test,bb_web_of_lies_t_001_rollout_173_prefix_3.json,bb_web_of_lies_t_001,173,3,yes,eval,1559,2239
test,bb_web_of_lies_t_001_rollout_181_prefix_2.json,bb_web_of_lies_t_001,181,2,yes,eval,734,1155
test,bb_web_of_lies_t_002_rollout_010_prefix_0.json,bb_web_of_lies_t_002,10,0,no,eval,731,1107
test,bb_web_of_lies_t_002_rollout_059_prefix_3.json,bb_web_of_lies_t_002,59,3,yes,eval,1230,1839
test,bb_web_of_lies_t_002_rollout_077_prefix_1.json,bb_web_of_lies_t_002,77,1,yes,eval,396,640
test,bb_web_of_lies_t_002_rollout_101_prefix_0.json,bb_web_of_lies_t_002,101,0,no,eval,1127,1606
test,bb_web_of_lies_t_002_rollout_105_prefix_0.json,bb_web_of_lies_t_002,105,0,no,eval,579,879
test,bb_web_of_lies_t_002_rollout_107_prefix_0.json,bb_web_of_lies_t_002,107,0,no,eval,773,1145
test,bb_web_of_lies_t_002_rollout_121_prefix_1.json,bb_web_of_lies_t_002,121,1,yes,eval,379,610
test,bb_web_of_lies_t_002_rollout_147_prefix_1.json,bb_web_of_lies_t_002,147,1,yes,eval,524,823
test,gpqa_chem_t_002_rollout_165_prefix_0.json,gpqa_chem_t_002,165,0,no,eval,1729,2514
test,gpqa_chem_t_003_rollout_054_prefix_0.json,gpqa_chem_t_003,54,0,no,eval,690,1279
test,gpqa_chem_t_003_rollout_097_prefix_0.json,gpqa_chem_t_003,97,0,yes,eval,611,1184
test,gpqa_chem_t_003_rollout_101_prefix_0.json,gpqa_chem_t_003,101,0,yes,eval,552,1003
test,gpqa_chem_t_003_rollout_150_prefix_0.json,gpqa_chem_t_003,150,0,no,eval,1079,1947
test,gpqa_chem_t_004_rollout_033_prefix_0.json,gpqa_chem_t_004,33,0,no,eval,1737,2684
test,gpqa_chem_t_004_rollout_104_prefix_1.json,gpqa_chem_t_004,104,1,yes,eval,637,1104
test,gpqa_chem_t_004_rollout_109_prefix_0.json,gpqa_chem_t_004,109,0,yes,eval,474,878
test,gpqa_chem_t_004_rollout_110_prefix_0.json,gpqa_chem_t_004,110,0,no,eval,1719,2574
test,gpqa_chem_t_007_rollout_114_prefix_0.json,gpqa_chem_t_007,114,0,no,eval,1328,2323
test,gpqa_chem_t_009_rollout_087_prefix_0.json,gpqa_chem_t_009,87,0,no,eval,1975,3085
test,gpqa_chem_t_010_rollout_046_prefix_0.json,gpqa_chem_t_010,46,0,no,eval,813,1371
test,gpqa_chem_t_010_rollout_104_prefix_0.json,gpqa_chem_t_010,104,0,no,eval,1661,2575
test,gpqa_chem_t_010_rollout_153_prefix_1.json,gpqa_chem_t_010,153,1,yes,eval,853,1426
test,gpqa_chem_t_010_rollout_169_prefix_2.json,gpqa_chem_t_010,169,2,yes,eval,1320,2073
ood_test,balance_coins_rollout_028_prefix_0.json,balance_coins,28,0,no,eval,729,1095
ood_test,binary_no_consec_rollout_013_prefix_0.json,binary_no_consec,13,0,no,eval,640,1110
ood_test,binary_no_consec_rollout_029_prefix_2.json,binary_no_consec,29,2,yes,eval,1198,2356
ood_test,binary_sum_rollout_000_prefix_0.json,binary_sum,0,0,no,eval,769,1371
ood_test,birthday_paradox_rollout_001_prefix_0.json,birthday_paradox,1,0,no,eval,705,1914
ood_test,boat_current_speed_rollout_033_prefix_1.json,boat_current_speed,33,1,yes,eval,593,921
ood_test,card_draw_hearts_rollout_027_prefix_0.json,card_draw_hearts,27,0,yes,eval,450,882
ood_test,chessboard_squares_rollout_000_prefix_1.json,chessboard_squares,0,1,yes,eval,715,1288
ood_test,chessboard_squares_rollout_022_prefix_0.json,chessboard_squares,22,0,no,eval,479,935
ood_test,circular_seating_rollout_020_prefix_2.json,circular_seating,20,2,yes,eval,462,683
ood_test,colored_balls_rollout_012_prefix_0.json,colored_balls,12,0,no,eval,384,615
ood_test,colored_balls_rollout_023_prefix_1.json,colored_balls,23,1,yes,eval,924,1477
ood_test,committee_women_rollout_000_prefix_0.json,committee_women,0,0,yes,eval,790,1486
ood_test,committee_women_rollout_022_prefix_0.json,committee_women,22,0,yes,eval,672,1242
ood_test,committee_women_rollout_040_prefix_1.json,committee_women,40,1,no,eval,807,1530
ood_test,committee_women_rollout_041_prefix_0.json,committee_women,41,0,no,eval,459,823
ood_test,crt_three_rollout_007_prefix_1.json,crt_three,7,1,yes,eval,683,1253
ood_test,crt_three_rollout_015_prefix_0.json,crt_three,15,0,no,eval,518,927
ood_test,crt_three_rollout_030_prefix_0.json,crt_three,30,0,no,eval,586,1072
ood_test,crt_three_rollout_034_prefix_2.json,crt_three,34,2,yes,eval,888,1521
ood_test,dice_even_product_rollout_003_prefix_0.json,dice_even_product,3,0,yes,eval,427,668
ood_test,dice_even_product_rollout_015_prefix_1.json,dice_even_product,15,1,no,eval,374,558
ood_test,distinct_necklaces_4r2b_rollout_000_prefix_0.json,distinct_necklaces_4r2b,0,0,no,eval,1775,2530
ood_test,euler_phi_30_rollout_013_prefix_0.json,euler_phi_30,13,0,no,eval,861,1451
ood_test,fibonacci_mod_8_rollout_014_prefix_0.json,fibonacci_mod_8,14,0,no,eval,863,1547
ood_test,five_digit_palindromes_rollout_015_prefix_0.json,five_digit_palindromes,15,0,yes,eval,612,968
ood_test,frobenius_3_7_rollout_021_prefix_1.json,frobenius_3_7,21,1,yes,eval,535,1183
ood_test,gcd_2024_rollout_008_prefix_1.json,gcd_2024,8,1,yes,eval,576,1217
ood_test,gcd_2024_rollout_010_prefix_0.json,gcd_2024,10,0,no,eval,322,663
ood_test,josephus_7_rollout_014_prefix_0.json,josephus_7,14,0,no,eval,701,1223
ood_test,josephus_7_rollout_017_prefix_1.json,josephus_7,17,1,yes,eval,668,1225
ood_test,lcm_three_rollout_020_prefix_0.json,lcm_three,20,0,yes,eval,372,684
ood_test,lcm_three_rollout_022_prefix_0.json,lcm_three,22,0,no,eval,309,557
ood_test,matrix_power_entry_rollout_006_prefix_0.json,matrix_power_entry,6,0,no,eval,725,1338
ood_test,matrix_power_entry_rollout_007_prefix_0.json,matrix_power_entry,7,0,yes,eval,774,1422
ood_test,matrix_power_entry_rollout_014_prefix_0.json,matrix_power_entry,14,0,no,eval,438,823
ood_test,matrix_power_entry_rollout_019_prefix_0.json,matrix_power_entry,19,0,yes,eval,954,1820
ood_test,modular_inverse_7_11_rollout_010_prefix_0.json,modular_inverse_7_11,10,0,no,eval,277,621
ood_test,modular_inverse_7_11_rollout_018_prefix_1.json,modular_inverse_7_11,18,1,yes,eval,811,1621
ood_test,money_change_50_rollout_005_prefix_1.json,money_change_50,5,1,no,eval,995,1804
ood_test,nim_piles_rollout_007_prefix_0.json,nim_piles,7,0,yes,eval,395,684
ood_test,paint_cube_faces_rollout_019_prefix_1.json,paint_cube_faces,19,1,yes,eval,499,711
ood_test,partition_ordered_rollout_002_prefix_0.json,partition_ordered,2,0,no,eval,1065,1958
ood_test,partition_ordered_rollout_009_prefix_0.json,partition_ordered,9,0,no,eval,349,671
ood_test,partition_ordered_rollout_013_prefix_2.json,partition_ordered,13,2,yes,eval,853,1604
ood_test,partition_ordered_rollout_021_prefix_2.json,partition_ordered,21,2,yes,eval,795,1578
ood_test,permutation_mississippi_rollout_001_prefix_0.json,permutation_mississippi,1,0,no,eval,1043,2072
ood_test,permutation_mississippi_rollout_004_prefix_0.json,permutation_mississippi,4,0,yes,eval,1153,2498
ood_test,permutation_mississippi_rollout_011_prefix_0.json,permutation_mississippi,11,0,yes,eval,1131,2356
ood_test,permutation_mississippi_rollout_014_prefix_0.json,permutation_mississippi,14,0,no,eval,750,1541
ood_test,polygon_diagonals_rollout_004_prefix_0.json,polygon_diagonals,4,0,yes,eval,548,886
ood_test,polygon_diagonals_rollout_006_prefix_0.json,polygon_diagonals,6,0,no,eval,432,692
ood_test,probability_no_six_rollout_019_prefix_0.json,probability_no_six,19,0,yes,eval,599,1223
ood_test,sum_divisors_72_rollout_012_prefix_0.json,sum_divisors_72,12,0,yes,eval,482,937
ood_test,sum_divisors_72_rollout_013_prefix_0.json,sum_divisors_72,13,0,no,eval,332,627
ood_test,tetrahedron_volume_rollout_006_prefix_0.json,tetrahedron_volume,6,0,no,eval,856,1372
ood_test,triangle_vertices_rollout_007_prefix_0.json,triangle_vertices,7,0,no,eval,585,1082
ood_test,triangle_vertices_rollout_023_prefix_1.json,triangle_vertices,23,1,yes,eval,949,1679
